,UID,Type,mean_depth,p90_depth,Class,Area,FloodDmg
0,5000005105218936.0,Public Buildings,0.131,0.286,0,11,0.0
1,1000002310363081.0,Public Buildings,0.014,0.015,0,82,0.0
2,1000002310363070.0,Public Buildings,0.311,0.714,1,21,17178.0
3,1000002310363069.0,Public Buildings,0.28,0.731,1,4,3272.0
4,5000005105218934.0,Public Buildings,0.118,0.275,0,4,0.0
5,5000005105218941.0,Public Buildings,0.454,0.973,1,35,38815.0
6,5000005105218933.0,Public Buildings,0.103,0.251,0,35,0.0
7,5000005105218939.0,Public Buildings,0.173,0.173,0,17,0.0
8,5000005105200066.0,Public Buildings,0.093,0.242,0,12,0.0
9,5000005105218935.0,Public Buildings,0.038,0.111,0,63,0.0
10,5000005105200069.0,Public Buildings,0.148,0.268,0,24,0.0
11,5000005105218937.0,Public Buildings,0.034,0.101,0,68,0.0
12,5000005105218940.0,Public Buildings,0.145,0.474,1,3667,2346880.0
13,1000002310332642.0,Public Buildings,0.015,0.043,0,100,0.0
14,5000005105200068.0,Public Buildings,0.083,0.141,0,11,0.0
15,5000005105200065.0,Public Buildings,0.15,0.289,0,21,0.0
16,5000005207584860.0,Public Buildings,0.106,0.147,0,27,0.0
17,1000002310363134.0,Public Buildings,0.003,0.003,0,5,0.0
18,1000002310363133.0,Public Buildings,0.002,0.002,0,6,0.0
19,1000030011212.0,Public Buildings,0.055,0.153,0,5,0.0
20,5000005207582388.0,Public Buildings,0.059,0.126,0,10,0.0
21,1000030011208.0,Public Buildings,0.113,0.126,0,24,0.0
22,1000030011211.0,Public Buildings,0.039,0.124,0,2394,0.0
23,1000002310273097.0,Public Buildings,0.019,0.048,0,10,0.0
24,1000002310332665.0,Public Buildings,0.079,0.162,0,95,0.0
25,1000030006297.0,Offices,0.002,0.002,0,2,0.0
26,1000030005699.0,Offices,,,,3,7317.0
27,1000030005905.0,Offices,0.039,0.092,0,22435,0.0
28,1000030005702.0,Offices,0.005,0.014,0,92,0.0
29,5000005207585095.0,Offices,,,,68,165852.0
30,5000005207583650.0,Offices,0.028,0.056,0,9,0.0
31,5000005207585023.0,Offices,0.076,0.087,0,12,0.0
32,5000005207584950.0,Offices,0.009,0.017,0,25,0.0
33,5000005207582334.0,Offices,0.026,0.044,0,9,0.0
34,1000030006112.0,Offices,0.01,0.031,0,100,0.0
35,1000030005499.0,Offices,0.034,0.099,0,122,0.0
36,5000005207582713.0,Offices,0.032,0.066,0,39,0.0
37,1000030005700.0,Offices,,,,0,0.0
38,5000005207583367.0,Offices,0.003,0.004,0,4,0.0
39,5000005207582814.0,Offices,,,,14,34146.0
40,5000005239319432.0,Offices,0.246,0.313,1,20,12800.0
41,5000005207582527.0,Offices,0.023,0.044,0,107,0.0
42,5000005207582637.0,Offices,0.021,0.057,0,235,0.0
43,5000005207582277.0,Offices,,,,11,26829.0
44,5000005239319449.0,Offices,0.103,0.154,0,10,0.0
45,1000030005496.0,Offices,0.028,0.059,0,56,0.0
46,1000030005501.0,Offices,0.035,0.085,0,29,0.0
47,5000005207584899.0,Offices,0.003,0.003,0,89,0.0
48,5000005207584930.0,Offices,0.18,0.197,0,23,0.0
49,1000030006294.0,Offices,,,,12,29268.0
50,1000030005698.0,Offices,0.042,0.097,0,48,0.0
51,1000030005493.0,Offices,0.019,0.023,0,78,0.0
52,1000030005497.0,Offices,0.064,0.149,0,1096,0.0
53,1000030006300.0,Offices,0.003,0.005,0,24,0.0
54,1000030005500.0,Offices,0.041,0.113,0,79,0.0
55,5000005116523779.0,Offices,0.035,0.04,0,182,0.0
56,5000005207585488.0,Offices,,,,10,24390.0
57,5000005207582526.0,Offices,,,,8,19512.0
58,1000030005904.0,Offices,0.034,0.057,0,69,0.0
59,5000005207584935.0,Offices,0.002,0.004,0,6,0.0
60,1000030005701.0,Offices,0.021,0.04,0,14,0.0
61,5000005207583123.0,Offices,0.024,0.024,0,32,0.0
62,5000005207584912.0,Offices,,,,136,331704.0
63,1000030006299.0,Offices,0.012,0.024,0,86,0.0
64,1000030005498.0,Offices,0.024,0.024,0,127,0.0
65,1000030006301.0,Offices,0.002,0.003,0,19,0.0
66,1000030082161.0,Public Buildings,0.063,0.244,0,3311,0.0
67,1000030130368.0,Public Buildings,0.033,0.033,0,211,0.0
68,5000005205280857.0,Public Buildings,,,,27,65853.0
69,1000030082160.0,Public Buildings,,,,12,29268.0
70,1000030080449.0,Public Buildings,0.118,0.239,0,14,0.0
71,5000005107866518.0,Public Buildings,0.063,0.182,0,79,0.0
72,1000030080356.0,Public Buildings,0.008,0.015,0,22,0.0
73,5000005226258873.0,Public Buildings,0.019,0.043,0,13,0.0
74,1000030080513.0,Public Buildings,0.004,0.005,0,5,0.0
75,1000030080516.0,Public Buildings,0.024,0.062,0,107,0.0
76,5000005107866442.0,Public Buildings,0.002,0.003,0,16,0.0
77,1000030080524.0,Public Buildings,0.084,0.23,0,936,0.0
78,1000030080458.0,Public Buildings,0.082,0.209,0,18,0.0
79,1000030080450.0,Public Buildings,0.03,0.063,0,84,0.0
80,5000005107866516.0,Public Buildings,0.024,0.053,0,176,0.0
81,5000005205280041.0,Public Buildings,0.164,0.203,0,6,0.0
82,1000030080537.0,Public Buildings,0.066,0.066,0,0,0.0
83,1000030080348.0,Public Buildings,0.052,0.074,0,149,0.0
84,5000005226258878.0,Public Buildings,0.126,0.265,0,12,0.0
85,1000030080457.0,Public Buildings,0.017,0.04,0,15,0.0
86,5000005107866520.0,Public Buildings,0.017,0.039,0,5,0.0
87,1000030080350.0,Public Buildings,,,,3,7317.0
88,1000030080452.0,Public Buildings,0.141,0.267,0,13,0.0
89,1000030080522.0,Public Buildings,0.047,0.101,0,101,0.0
90,5000005107866553.0,Public Buildings,0.154,0.331,1,33,21120.0
91,1000030080528.0,Public Buildings,0.008,0.02,0,1125,0.0
92,1000030080538.0,Public Buildings,0.065,0.065,0,0,0.0
93,5000005205279706.0,Public Buildings,0.019,0.057,0,26,0.0
94,5000005226258875.0,Public Buildings,0.007,0.014,0,19,0.0
95,1000030080448.0,Public Buildings,0.043,0.194,0,3208,0.0
96,1000002310413988.0,Public Buildings,0.002,0.003,0,2,0.0
97,5000005107866551.0,Public Buildings,0.068,0.159,0,363,0.0
98,1000030080460.0,Public Buildings,0.02,0.064,0,215,0.0
99,1000030080451.0,Public Buildings,0.025,0.057,0,124,0.0
100,5000005107866519.0,Public Buildings,0.025,0.044,0,373,0.0
101,1000002310413993.0,Public Buildings,0.052,0.052,0,2,0.0
102,1000030080347.0,Public Buildings,0.06,0.108,0,142,0.0
103,1000030080455.0,Public Buildings,0.053,0.084,0,17,0.0
104,5000005205280119.0,Public Buildings,0.027,0.077,0,16,0.0
105,1000030080459.0,Public Buildings,0.055,0.089,0,313,0.0
106,1000030080523.0,Public Buildings,0.02,0.052,0,74,0.0
107,1000030080345.0,Public Buildings,0.082,0.259,0,743,0.0
108,5000005205279321.0,Public Buildings,0.003,0.004,0,17,0.0
109,5000005107866530.0,Public Buildings,0.12,0.401,1,830,531200.0
110,1000002310417622.0,Public Buildings,,,,7,17073.0
111,1000030080514.0,Public Buildings,0.007,0.02,0,21,0.0
112,5000005205280260.0,Public Buildings,0.007,0.014,0,11,0.0
113,1000030080354.0,Public Buildings,0.055,0.115,0,173,0.0
114,1000030080353.0,Public Buildings,0.036,0.066,0,30,0.0
115,1000000060918383.0,Public Buildings,0.007,0.01,0,5,0.0
116,1000030080518.0,Public Buildings,0.012,0.02,0,561,0.0
117,1000030080456.0,Public Buildings,0.017,0.055,0,910,0.0
118,5000005107866451.0,Public Buildings,0.003,0.005,0,26,0.0
119,1000002310413989.0,Public Buildings,0.001,0.001,0,2,0.0
120,1000030080525.0,Public Buildings,0.015,0.033,0,146,0.0
121,1000030080520.0,Public Buildings,0.008,0.015,0,214,0.0
122,1000002310413983.0,Public Buildings,0.107,0.228,0,2113,0.0
123,5000005107866540.0,Public Buildings,0.004,0.005,0,32,0.0
124,1000030080355.0,Public Buildings,0.022,0.064,0,366,0.0
125,1000030080453.0,Public Buildings,0.042,0.104,0,1027,0.0
126,5000005226258876.0,Public Buildings,0.026,0.068,0,10,0.0
127,1000002310417619.0,Public Buildings,0.014,0.03,0,3,0.0
128,1000030080447.0,Public Buildings,0.002,0.002,0,14,0.0
129,1000002310413990.0,Public Buildings,0.006,0.009,0,2,0.0
130,5000005226258867.0,Public Buildings,0.202,0.275,0,8,0.0
131,5000005107866532.0,Public Buildings,0.011,0.019,0,46,0.0
132,1000030080543.0,Public Buildings,0.052,0.074,0,2967,0.0
133,5000005205280097.0,Public Buildings,0.01,0.026,0,17,0.0
134,5000005107866440.0,Public Buildings,0.032,0.072,0,19,0.0
135,1000030080521.0,Public Buildings,0.036,0.12,0,1386,0.0
136,5000005107866439.0,Public Buildings,0.006,0.013,0,22,0.0
137,5000005107866554.0,Public Buildings,0.008,0.024,0,373,0.0
138,1000030080454.0,Public Buildings,0.054,0.072,0,33,0.0
139,5000005107866548.0,Public Buildings,0.019,0.046,0,830,0.0
140,5000005107866545.0,Public Buildings,0.081,0.162,0,118,0.0
141,1000030080349.0,Public Buildings,,,,1,2439.0
142,1000030080427.0,Public Buildings,,,,4,9756.0
143,5000005239165775.0,Public Buildings,0.016,0.041,0,43,0.0
144,1000030080512.0,Public Buildings,0.026,0.06,0,3338,0.0
145,5000005205279671.0,Public Buildings,0.015,0.029,0,9,0.0
146,5000005107866524.0,Public Buildings,0.009,0.023,0,42,0.0
147,1000002310199833.0,Public Buildings,0.012,0.037,0,1134,0.0
148,1000002310399888.0,Public Buildings,0.051,0.052,0,2,0.0
149,1000002310399870.0,Public Buildings,0.002,0.003,0,7,0.0
150,5000005135529205.0,Public Buildings,0.007,0.024,0,236,0.0
151,1000030082123.0,Public Buildings,0.018,0.018,0,12,0.0
152,1000030082071.0,Public Buildings,0.239,0.44,1,50,32000.0
153,1000030082212.0,Public Buildings,0.02,0.043,0,3,0.0
154,1000030082019.0,Public Buildings,0.169,0.65,1,1245,1018410.0
155,1000030082197.0,Public Buildings,0.009,0.02,0,5,0.0
156,1000030082155.0,Public Buildings,,,,12,29268.0
157,1000043032697.0,Public Buildings,0.018,0.018,0,3,0.0
158,5000005102919911.0,Offices,0.362,1.313,1,779,1215240.0
159,5000005135529198.0,Public Buildings,0.003,0.005,0,129,0.0
160,1000002310414061.0,Public Buildings,0.1,0.145,0,7,0.0
161,1000030082128.0,Public Buildings,0.042,0.071,0,30,0.0
162,5000005205279531.0,Public Buildings,0.072,0.122,0,17,0.0
163,1000030082352.0,Public Buildings,0.063,0.173,0,463,0.0
164,5000005238986870.0,Public Buildings,0.036,0.09,0,699,0.0
165,5000005173004124.0,Public Buildings,,,,12,29268.0
166,1000030082067.0,Public Buildings,0.022,0.063,0,631,0.0
167,5000005135529248.0,Public Buildings,0.013,0.038,0,129,0.0
168,1000002310199824.0,Public Buildings,0.034,0.074,0,15,0.0
169,1000030082121.0,Public Buildings,0.062,0.18,0,742,0.0
170,5000005205280780.0,Public Buildings,0.262,0.601,1,14,11452.0
171,1000030082118.0,Public Buildings,0.057,0.146,0,1146,0.0
172,1000030082077.0,Public Buildings,0.016,0.045,0,4404,0.0
173,5000005135529201.0,Public Buildings,0.044,0.093,0,8,0.0
174,5000005205280039.0,Public Buildings,0.006,0.011,0,11,0.0
175,5000005102919900.0,Offices,0.08,0.219,0,47,0.0
176,1000030082022.0,Public Buildings,0.125,0.437,1,626,400640.0
177,5000005113832296.0,Public Buildings,0.042,0.098,0,122,0.0
178,1000030082025.0,Public Buildings,0.002,0.003,0,8,0.0
179,5000005173004113.0,Public Buildings,0.004,0.006,0,43,0.0
180,1000030082053.0,Public Buildings,0.03,0.071,0,4900,0.0
181,5000005205280741.0,Offices,0.013,0.034,0,104,0.0
182,1000030082156.0,Public Buildings,0.059,0.098,0,48,0.0
183,1000030082124.0,Public Buildings,0.026,0.053,0,294,0.0
184,1000030082021.0,Public Buildings,0.153,0.542,1,228,186504.0
185,1000002310414065.0,Public Buildings,0.011,0.015,0,7,0.0
186,1000030082082.0,Public Buildings,0.016,0.056,0,1392,0.0
187,5000005238986957.0,Public Buildings,0.048,0.126,0,12,0.0
188,1000030082101.0,Public Buildings,0.003,0.005,0,133,0.0
189,5000005205279404.0,Offices,0.177,0.253,0,5,0.0
190,5000005205280100.0,Public Buildings,0.002,0.003,0,8,0.0
191,1000030082076.0,Public Buildings,0.002,0.003,0,5,0.0
192,1000030082073.0,Public Buildings,0.036,0.06,0,974,0.0
193,1000030082020.0,Public Buildings,0.235,0.55,1,287,234766.0
194,1000030082070.0,Public Buildings,0.169,0.575,1,109,89162.0
195,1000030082196.0,Public Buildings,0.522,0.579,1,11,8998.0
196,5000005238986961.0,Public Buildings,0.011,0.03,0,97,0.0
197,1000030082356.0,Public Buildings,0.018,0.062,0,575,0.0
198,5000005238986860.0,Public Buildings,0.027,0.027,0,17,0.0
199,5000005205279401.0,Public Buildings,0.002,0.002,0,9,0.0
200,5000005238986966.0,Public Buildings,0.02,0.034,0,5,0.0
201,1000030082198.0,Public Buildings,0.002,0.003,0,5,0.0
202,1000030082106.0,Public Buildings,0.033,0.105,0,1902,0.0
203,5000005205279449.0,Public Buildings,0.003,0.004,0,9,0.0
204,1000030082140.0,Public Buildings,0.006,0.015,0,96,0.0
205,1000030082139.0,Public Buildings,0.009,0.02,0,158,0.0
206,1000002310399890.0,Public Buildings,0.022,0.03,0,3,0.0
207,1000030082159.0,Public Buildings,0.263,0.292,0,11,0.0
208,1000030082193.0,Public Buildings,0.002,0.005,0,393,0.0
209,5000005113832310.0,Public Buildings,0.044,0.101,0,3,0.0
210,1000030082115.0,Public Buildings,0.172,0.548,1,251,205318.0
211,1000030082057.0,Public Buildings,0.019,0.047,0,53,0.0
212,5000005135529199.0,Public Buildings,0.018,0.025,0,7,0.0
213,5000005205279330.0,Public Buildings,0.461,0.57,1,40,32720.0
214,5000005135529203.0,Public Buildings,0.031,0.073,0,383,0.0
215,1000030082354.0,Public Buildings,0.185,0.331,1,5,3200.0
216,1000030082083.0,Public Buildings,0.002,0.003,0,5,0.0
217,1000030082126.0,Public Buildings,0.009,0.019,0,313,0.0
218,1000030082119.0,Public Buildings,0.098,0.224,0,222,0.0
219,1000030082103.0,Public Buildings,0.003,0.003,0,325,0.0
220,5000005114694329.0,Public Buildings,,,,6,14634.0
221,1000030082138.0,Public Buildings,0.013,0.024,0,78,0.0
222,5000005238986969.0,Public Buildings,0.008,0.015,0,6,0.0
223,1000030082211.0,Public Buildings,0.015,0.038,0,7,0.0
224,1000002310199826.0,Public Buildings,0.004,0.004,0,92,0.0
225,1000030082017.0,Public Buildings,0.043,0.067,0,17,0.0
226,5000005205279677.0,Public Buildings,0.01,0.016,0,10,0.0
227,1000030082066.0,Public Buildings,0.036,0.099,0,345,0.0
228,1000030082363.0,Offices,0.022,0.031,0,349,0.0
229,5000005205279736.0,Public Buildings,0.005,0.012,0,15,0.0
230,5000005102919795.0,Offices,0.089,0.258,0,30,0.0
231,1000030082074.0,Public Buildings,0.008,0.016,0,24,0.0
232,5000005113832303.0,Public Buildings,0.099,0.284,0,12,0.0
233,1000030082120.0,Public Buildings,0.024,0.073,0,707,0.0
234,1000000060936648.0,Public Buildings,0.26,0.432,1,22,14080.0
235,1000002310300492.0,Public Buildings,0.212,0.292,0,3,0.0
236,1000030082142.0,Public Buildings,0.017,0.05,0,3185,0.0
237,5000005173004120.0,Public Buildings,,,,12,29268.0
238,1000030082136.0,Public Buildings,0.021,0.051,0,195,0.0
239,1000030082023.0,Public Buildings,0.045,0.096,0,16,0.0
240,1000030082072.0,Public Buildings,0.358,0.384,1,2257,1444480.0
241,1000030082069.0,Public Buildings,0.003,0.005,0,22,0.0
242,5000005113832301.0,Public Buildings,0.007,0.013,0,7,0.0
243,1000030082194.0,Public Buildings,0.059,0.103,0,103,0.0
244,1000030082062.0,Public Buildings,0.211,0.498,1,29,18560.0
245,1000030082213.0,Public Buildings,0.008,0.02,0,14,0.0
246,1000030082125.0,Public Buildings,0.084,0.196,0,8,0.0
247,5000005205280094.0,Public Buildings,0.007,0.015,0,14,0.0
248,1000030082075.0,Public Buildings,0.005,0.007,0,5,0.0
249,1000030082220.0,Offices,0.101,0.264,0,2279,0.0
250,1000002310157700.0,Offices,0.02,0.034,0,1260,0.0
251,5000005135529197.0,Public Buildings,0.028,0.091,0,973,0.0
252,5000005205280851.0,Offices,0.035,0.075,0,31,0.0
253,5000005135529200.0,Public Buildings,0.008,0.031,0,985,0.0
254,5000005205280793.0,Public Buildings,0.003,0.004,0,51,0.0
255,1000030082099.0,Public Buildings,0.002,0.003,0,136,0.0
256,5000005173004122.0,Public Buildings,0.003,0.004,0,22,0.0
257,1000030082122.0,Public Buildings,0.013,0.048,0,323,0.0
258,1000030082080.0,Public Buildings,0.007,0.017,0,19,0.0
259,1000030082018.0,Public Buildings,0.038,0.069,0,25,0.0
260,1000030082355.0,Public Buildings,0.094,0.258,0,9,0.0
261,1000030082158.0,Public Buildings,0.028,0.074,0,6,0.0
262,1000030082107.0,Public Buildings,0.008,0.023,0,166,0.0
263,1000030082157.0,Public Buildings,0.056,0.098,0,2,0.0
264,1000030082065.0,Public Buildings,0.043,0.075,0,2329,0.0
265,1000030082024.0,Public Buildings,0.4,0.613,1,50,40900.0
266,1000030082132.0,Public Buildings,0.088,0.215,0,1867,0.0
267,1000030082113.0,Public Buildings,,,,10,24390.0
268,1000030082130.0,Public Buildings,0.01,0.023,0,8,0.0
269,5000005135529202.0,Public Buildings,0.036,0.086,0,8,0.0
270,1000030082141.0,Public Buildings,0.012,0.019,0,112,0.0
271,1000030082353.0,Public Buildings,0.018,0.045,0,14,0.0
272,1000030082114.0,Public Buildings,0.173,0.755,1,1759,1950731.0
273,1000030082112.0,Public Buildings,,,,17,41463.0
274,5000005102919799.0,Offices,0.318,0.854,1,920,1020280.0
275,1000030082127.0,Public Buildings,,,,10,24390.0
276,1000030082064.0,Public Buildings,0.031,0.094,0,961,0.0
277,1000002310199823.0,Public Buildings,0.013,0.03,0,15,0.0
278,1000030082137.0,Public Buildings,0.013,0.024,0,136,0.0
279,1000030082081.0,Public Buildings,0.052,0.124,0,20,0.0
280,5000005136982901.0,Offices,0.017,0.03,0,90,0.0
281,5000005189793694.0,Offices,0.027,0.042,0,227,0.0
282,5000005189793690.0,Offices,0.021,0.04,0,78,0.0
283,5000005136982909.0,Offices,0.036,0.115,0,758,0.0
284,1000030047743.0,Offices,0.015,0.025,0,174,0.0
285,5000005109634156.0,Offices,0.014,0.033,0,1020,0.0
286,5000005215818796.0,Offices,0.005,0.012,0,7,0.0
287,5000005254540909.0,Offices,0.039,0.121,0,1143,0.0
288,5000005254540911.0,Offices,0.01,0.022,0,329,0.0
289,5000005215818799.0,Offices,0.036,0.109,0,2807,0.0
290,1.0,Offices,0.021,0.065,0,3158,0.0
291,2.0,Offices,0.015,0.012,0,1535,0.0
292,1000002310432835.0,Offices,0.011,0.03,0,47,0.0
293,5000005205280845.0,Offices,0.033,0.046,0,58,0.0
294,1000002310448202.0,Offices,0.015,0.026,0,15,0.0
295,1000030127492.0,Offices,0.081,0.145,0,3340,0.0
296,5000005125702346.0,Offices,0.055,0.167,0,44,0.0
297,1000030127493.0,Offices,0.008,0.009,0,191,0.0
298,1000002310448209.0,Offices,0.003,0.004,0,85,0.0
299,1000030127470.0,Offices,0.02,0.029,0,10,0.0
300,1000030127491.0,Offices,0.045,0.166,0,3602,0.0
301,1000030130439.0,Offices,0.032,0.068,0,3993,0.0
302,1000030127465.0,Offices,0.077,0.229,0,2452,0.0
303,5000005205279650.0,Offices,0.074,0.16,0,3,0.0
304,5000005239470007.0,Offices,0.724,1.472,1,9,14040.0
305,5000005239466279.0,Offices,0.034,0.074,0,42,0.0
306,5000005125702345.0,Offices,0.026,0.065,0,6,0.0
307,1000030127502.0,Offices,0.016,0.051,0,56,0.0
308,5000005226258001.0,Offices,0.093,0.199,0,359,0.0
309,1000030127503.0,Offices,0.117,0.177,0,8,0.0
310,1000002310448216.0,Offices,0.006,0.011,0,68,0.0
311,1000002310448212.0,Offices,0.138,0.244,0,73,0.0
312,1000030127505.0,Offices,0.041,0.111,0,16,0.0
313,1000002310432839.0,Offices,0.031,0.07,0,5870,0.0
314,1000002310448215.0,Offices,0.033,0.074,0,58,0.0
315,1000002310448208.0,Offices,0.238,0.248,0,71,0.0
316,5000005205279515.0,Offices,,,,20,48780.0
317,5000005205279568.0,Offices,,,,28,68292.0
318,1000030130450.0,Offices,0.059,0.114,0,1431,0.0
319,1000030130440.0,Offices,,,,79,192681.0
320,1000030130452.0,Offices,0.052,0.103,0,34,0.0
321,5000005205280630.0,Offices,,,,11,26829.0
322,1000030130441.0,Offices,,,,74,180486.0
323,1000030130606.0,Offices,,,,726,1770714.0
324,1000030130454.0,Offices,0.039,0.087,0,77,0.0
325,1000030130444.0,Offices,0.004,0.003,0,229,0.0
326,1000030130446.0,Offices,,,,720,1756080.0
327,1000030130447.0,Offices,,,,132,321948.0
328,5000005205280264.0,Offices,0.028,0.068,0,20,0.0
329,1000030130437.0,Offices,,,,4566,11136474.0
330,1000030130442.0,Offices,,,,76,185364.0
331,1000030130602.0,Offices,,,,22,53658.0
332,1000030130438.0,Offices,,,,143,348777.0
333,1000030130449.0,Offices,,,,21,51219.0
334,1000030130443.0,Offices,0.002,0.003,0,885,0.0
335,1000002310166309.0,Offices,0.019,0.053,0,83,0.0
336,1000030011243.0,Offices,0.057,0.155,0,55,0.0
337,1000030011244.0,Offices,0.042,0.104,0,89,0.0
338,1000002310381695.0,Offices,0.029,0.054,0,511,0.0
339,1000038612388.0,Offices,0.03,0.102,0,2988,0.0
340,1000030011238.0,Offices,0.089,0.198,0,331,0.0
341,5000005120818733.0,Offices,,,,290,707310.0
342,1000042799076.0,Offices,0.11,0.166,0,12,0.0
343,1000002310381703.0,Offices,0.005,0.011,0,148,0.0
344,1000030011235.0,Offices,0.024,0.081,0,4258,0.0
345,1000002310236204.0,Offices,0.026,0.108,0,876,0.0
346,1000030011240.0,Offices,0.002,0.002,0,14,0.0
347,5000005202734528.0,Offices,0.04,0.06,0,8,0.0
348,1000002310236304.0,Offices,0.005,0.007,0,14,0.0
349,1000002310381696.0,Offices,0.006,0.008,0,5,0.0
350,1000030011239.0,Offices,0.003,0.004,0,16,0.0
351,1000002310166288.0,Offices,0.02,0.026,0,4,0.0
352,1000030011236.0,Offices,,,,3,7317.0
353,1000002310166313.0,Offices,0.014,0.012,0,118,0.0
354,1000002310236214.0,Offices,,,,26,63414.0
355,5000005202733878.0,Offices,0.01,0.014,0,4,0.0
356,1000043032621.0,Offices,0.111,0.166,0,17,0.0
357,1000042799077.0,Offices,0.083,0.166,0,11,0.0
358,1000030011237.0,Offices,0.164,0.166,0,12,0.0
359,1000030011241.0,Offices,0.023,0.063,0,11,0.0
360,5000005120818731.0,Offices,,,,9,21951.0
361,1000002310381700.0,Offices,0.002,0.004,0,67,0.0
362,1000002310166298.0,Offices,0.002,0.002,0,4,0.0
363,1000038612390.0,Offices,,,,2,4878.0
364,1000038612394.0,Offices,0.057,0.15,0,69,0.0
365,1000043032619.0,Offices,0.11,0.197,0,4,0.0
366,5000005120818732.0,Offices,0.147,0.187,0,13,0.0
367,1000002310236314.0,Offices,0.025,0.062,0,2082,0.0
368,1000002310166308.0,Offices,0.002,0.003,0,15,0.0
369,1000002310381697.0,Offices,0.086,0.146,0,5,0.0
370,1000043032620.0,Offices,0.11,0.197,0,4,0.0
371,1000038612395.0,Offices,0.014,0.018,0,5,0.0
372,5000005202733631.0,Offices,,,,14,34146.0
373,1000038612393.0,Offices,0.094,0.094,0,8,0.0
374,1000030011242.0,Offices,0.11,0.197,0,4,0.0
375,1000002310166331.0,Offices,0.016,0.027,0,357,0.0
376,1000002310236199.0,Offices,0.042,0.129,0,216,0.0
377,1000002310166291.0,Offices,0.005,0.012,0,8,0.0
378,1000002310166336.0,Offices,0.015,0.015,0,3,0.0
379,1000002310166322.0,Offices,0.01,0.011,0,3,0.0
380,1000042799075.0,Offices,0.002,0.002,0,4,0.0
381,1000002310166138.0,Offices,0.024,0.068,0,1068,0.0
382,1000030011245.0,Offices,0.115,0.192,0,13,0.0
383,1000002310381694.0,Offices,0.087,0.172,0,27,0.0
384,5000005202734532.0,Offices,0.002,0.004,0,13,0.0
385,1000030130621.0,Offices,0.026,0.058,0,22,0.0
386,1000030130619.0,Offices,0.029,0.085,0,738,0.0
387,1000030130313.0,Offices,,,,31,75609.0
388,5000005205280645.0,Offices,0.003,0.003,0,19,0.0
389,1000030130620.0,Offices,0.041,0.098,0,240,0.0
390,1000030130314.0,Offices,,,,35,85365.0
391,1000030130394.0,Offices,,,,403,982917.0
392,1000030130601.0,Offices,,,,14,34146.0
393,1000030008032.0,Offices,,,,81,197559.0
394,5000005202733701.0,Offices,0.004,0.007,0,24,0.0
395,1000038608617.0,Offices,0.037,0.109,0,54,0.0
396,1000042921965.0,Offices,0.01,0.016,0,3333,0.0
397,1000030008558.0,Offices,0.077,0.088,0,18,0.0
398,1000030006298.0,Offices,0.007,0.004,0,54,0.0
399,1000030007438.0,Offices,0.006,0.01,0,959,0.0
400,5000005105488362.0,Offices,0.021,0.058,0,1043,0.0
401,1000030008035.0,Offices,,,,12,29268.0
402,5000005239319497.0,Offices,0.015,0.038,0,16,0.0
403,1000030007434.0,Offices,0.057,0.1,0,12,0.0
404,1000030006182.0,Offices,0.007,0.016,0,84,0.0
405,1000030007096.0,Offices,0.036,0.15,0,196,0.0
406,1000030006184.0,Offices,0.008,0.013,0,33,0.0
407,1000030006765.0,Offices,0.006,0.013,0,13,0.0
408,1000002310327822.0,Offices,0.016,0.016,0,84,0.0
409,5000005202733511.0,Offices,0.054,0.104,0,51,0.0
410,5000005207582774.0,Offices,0.084,0.122,0,14,0.0
411,1000030005781.0,Offices,0.072,0.147,0,14,0.0
412,1000030007426.0,Offices,0.007,0.012,0,57,0.0
413,5000005107989923.0,Offices,,,,19,46341.0
414,1000030005779.0,Offices,0.026,0.066,0,386,0.0
415,1000030006756.0,Offices,0.002,0.003,0,68,0.0
416,1000030008044.0,Offices,0.008,0.017,0,116,0.0
417,1000030007441.0,Offices,0.014,0.025,0,117,0.0
418,1000030007092.0,Offices,0.028,0.06,0,31,0.0
419,1000030007095.0,Offices,0.003,0.005,0,87,0.0
420,1000030008019.0,Offices,0.005,0.007,0,12,0.0
421,5000005107989916.0,Offices,0.006,0.014,0,48,0.0
422,1000030008042.0,Offices,0.016,0.037,0,332,0.0
423,5000005239319481.0,Offices,0.015,0.033,0,14,0.0
424,1000030006255.0,Offices,0.027,0.057,0,504,0.0
425,1000030008047.0,Offices,,,,239,582921.0
426,1000030007099.0,Offices,0.005,0.01,0,125,0.0
427,5000005207582463.0,Offices,0.008,0.014,0,14,0.0
428,1000030007427.0,Offices,0.044,0.152,0,100,0.0
429,5000005107989908.0,Offices,0.003,0.004,0,23,0.0
430,1000030008028.0,Offices,0.111,0.229,0,2298,0.0
431,1000038608538.0,Offices,0.014,0.033,0,78,0.0
432,5000005207584863.0,Offices,0.011,0.024,0,4,0.0
433,5000005189793634.0,Offices,0.006,0.012,0,31,0.0
434,1000002310200476.0,Offices,0.018,0.039,0,13,0.0
435,1000030007440.0,Offices,0.02,0.054,0,53,0.0
436,5000005105488247.0,Offices,0.002,0.004,0,21,0.0
437,1000030007435.0,Offices,0.005,0.008,0,74,0.0
438,1000030008578.0,Offices,,,,16,39024.0
439,1000030007711.0,Offices,0.304,0.304,1,2,1280.0
440,5000005202733561.0,Offices,0.011,0.021,0,221,0.0
441,1000030006749.0,Offices,0.059,0.203,0,103,0.0
442,5000005210499979.0,Offices,,,,8,19512.0
443,1000030007316.0,Offices,0.007,0.02,0,523,0.0
444,1000030006224.0,Offices,0.033,0.081,0,116,0.0
445,5000005105488363.0,Offices,0.001,0.001,0,47,0.0
446,1000030008185.0,Offices,0.067,0.191,0,2,0.0
447,5000005238690287.0,Offices,0.031,0.087,0,123,0.0
448,1000030007437.0,Offices,0.016,0.053,0,181,0.0
449,5000005202734043.0,Offices,0.023,0.052,0,66,0.0
450,1000030007310.0,Offices,0.018,0.054,0,213,0.0
451,5000005202733552.0,Offices,0.006,0.009,0,13,0.0
452,1000030005784.0,Offices,0.077,0.135,0,20,0.0
453,1000002310200473.0,Offices,0.036,0.097,0,29,0.0
454,1000030008029.0,Offices,0.094,0.168,0,12,0.0
455,1000030008010.0,Offices,0.01,0.017,0,893,0.0
456,1000030006766.0,Offices,0.004,0.005,0,63,0.0
457,1000030007142.0,Offices,0.007,0.018,0,57,0.0
458,1000030008577.0,Offices,,,,16,39024.0
459,5000005202734315.0,Offices,0.021,0.041,0,39,0.0
460,1000030006761.0,Offices,0.003,0.006,0,65,0.0
461,1000030006223.0,Offices,0.051,0.115,0,75,0.0
462,1000030006253.0,Offices,0.048,0.153,0,361,0.0
463,5000005202733953.0,Offices,0.012,0.023,0,201,0.0
464,1000030006231.0,Offices,0.007,0.018,0,10,0.0
465,5000005155478004.0,Offices,0.002,0.003,0,100,0.0
466,1000030007712.0,Offices,0.003,0.003,0,7,0.0
467,1000030006763.0,Offices,0.002,0.003,0,65,0.0
468,1000030007093.0,Offices,0.05,0.102,0,39,0.0
469,1000030007708.0,Offices,,,,2,4878.0
470,5000005105488368.0,Offices,0.002,0.002,0,21,0.0
471,1000030007148.0,Offices,0.019,0.047,0,228,0.0
472,5000005105488358.0,Offices,0.028,0.048,0,21,0.0
473,1000030006764.0,Offices,0.007,0.014,0,16,0.0
474,5000005202733553.0,Offices,0.022,0.052,0,25,0.0
475,5000005202733566.0,Offices,0.007,0.008,0,8,0.0
476,1000030006219.0,Offices,0.009,0.024,0,89,0.0
477,1000030007307.0,Offices,0.046,0.175,0,938,0.0
478,5000005107989911.0,Offices,0.003,0.004,0,21,0.0
479,1000030005780.0,Offices,0.088,0.16,0,33,0.0
480,5000005105611198.0,Offices,0.041,0.136,0,1130,0.0
481,1000030006280.0,Offices,0.092,0.166,0,51,0.0
482,1000030008562.0,Offices,,,,17,41463.0
483,1000030007432.0,Offices,0.012,0.029,0,13,0.0
484,1000030006285.0,Offices,0.086,0.188,0,456,0.0
485,1000030005783.0,Offices,0.066,0.137,0,18,0.0
486,1000030006279.0,Offices,0.074,0.148,0,923,0.0
487,1000030007140.0,Offices,0.007,0.016,0,261,0.0
488,5000005202734155.0,Offices,0.006,0.007,0,15,0.0
489,5000005210498874.0,Offices,0.012,0.012,0,12,0.0
490,5000005105488373.0,Offices,0.002,0.004,0,21,0.0
491,5000005238690319.0,Offices,0.004,0.007,0,12,0.0
492,1000030007141.0,Offices,0.003,0.004,0,122,0.0
493,1000002310200466.0,Offices,0.023,0.053,0,50,0.0
494,1000030006218.0,Offices,0.011,0.024,0,108,0.0
495,1000030008581.0,Offices,,,,16,39024.0
496,5000005155478165.0,Offices,0.009,0.027,0,143,0.0
497,5000005202734159.0,Offices,0.005,0.009,0,10,0.0
498,5000005202733920.0,Offices,0.005,0.008,0,10,0.0
499,1000030008020.0,Offices,,,,88,214632.0
500,1000030006755.0,Offices,0.023,0.06,0,18,0.0
501,5000005103014042.0,Offices,0.011,0.024,0,1746,0.0
502,1000030008579.0,Offices,,,,16,39024.0
503,5000005202734335.0,Offices,0.006,0.012,0,5,0.0
504,1000002020979226.0,Offices,0.036,0.14,0,1330,0.0
505,5000005239319485.0,Offices,0.006,0.01,0,43,0.0
506,5000005207582587.0,Offices,,,,3,7317.0
507,1000030007309.0,Offices,0.007,0.014,0,19,0.0
508,1000030005782.0,Offices,0.076,0.152,0,18,0.0
509,1000030005786.0,Offices,0.016,0.035,0,41,0.0
510,1000030006753.0,Offices,0.026,0.048,0,88,0.0
511,1000030006748.0,Offices,0.08,0.206,0,85,0.0
512,1000030008011.0,Offices,,,,3,7317.0
513,1000030006760.0,Offices,0.005,0.011,0,50,0.0
514,1000002310200478.0,Offices,0.011,0.034,0,1940,0.0
515,1000030006754.0,Offices,0.024,0.104,0,106,0.0
516,1000030046987.0,Offices,0.06,0.125,0,31,0.0
517,1000030006281.0,Offices,0.052,0.11,0,457,0.0
518,1000030007695.0,Offices,0.009,0.021,0,751,0.0
519,1000030007311.0,Offices,0.018,0.028,0,82,0.0
520,5000005210499097.0,Offices,0.015,0.033,0,5,0.0
521,1000030008022.0,Offices,0.003,0.005,0,127,0.0
522,1000038608540.0,Offices,,,,65,158535.0
523,1000030006225.0,Offices,0.007,0.016,0,43,0.0
524,5000005155478167.0,Offices,0.008,0.016,0,86,0.0
525,1000030005778.0,Offices,0.034,0.064,0,38,0.0
526,1000030006220.0,Offices,0.002,0.003,0,72,0.0
527,5000005155478166.0,Offices,0.002,0.003,0,19,0.0
528,1000030007315.0,Offices,0.015,0.027,0,417,0.0
529,1000030007139.0,Offices,0.011,0.019,0,477,0.0
530,1000030007443.0,Offices,0.017,0.028,0,120,0.0
531,5000005202734104.0,Offices,0.006,0.01,0,12,0.0
532,1000030007423.0,Offices,0.002,0.002,0,61,0.0
533,5000005105488372.0,Offices,0.002,0.002,0,21,0.0
534,1000002310181315.0,Offices,0.004,0.005,0,561,0.0
535,1000030008576.0,Offices,,,,16,39024.0
536,1000030007714.0,Offices,0.008,0.017,0,31,0.0
537,1000002310200470.0,Offices,0.002,0.003,0,31,0.0
538,5000005155478003.0,Offices,0.008,0.02,0,3,0.0
539,5000005210498944.0,Offices,0.013,0.021,0,8,0.0
540,1000030008023.0,Offices,0.004,0.004,0,4,0.0
541,1000038608623.0,Offices,,,,10,24390.0
542,5000005207582835.0,Offices,0.014,0.016,0,4,0.0
543,5000005202733760.0,Offices,0.073,0.209,0,9,0.0
544,1000030006216.0,Offices,0.035,0.07,0,6,0.0
545,5000005202733926.0,Offices,0.007,0.013,0,229,0.0
546,1000030006278.0,Offices,0.1,0.225,0,466,0.0
547,5000005105488352.0,Offices,0.002,0.002,0,21,0.0
548,5000005207585086.0,Offices,0.011,0.012,0,4,0.0
549,5000005105488357.0,Offices,0.002,0.004,0,21,0.0
550,1000030008125.0,Offices,,,,21,51219.0
551,1000030006762.0,Offices,0.004,0.008,0,90,0.0
552,5000005105488364.0,Offices,0.054,0.097,0,21,0.0
553,1000030005785.0,Offices,0.057,0.118,0,86,0.0
554,1000030006222.0,Offices,0.026,0.056,0,74,0.0
555,1000030008560.0,Offices,,,,17,41463.0
556,1000030008492.0,Offices,,,,77,187803.0
557,1000030008580.0,Offices,,,,16,39024.0
558,5000005239319452.0,Offices,0.031,0.041,0,14,0.0
559,1000030008491.0,Offices,0.008,0.012,0,59,0.0
560,1000030007707.0,Offices,0.01,0.021,0,155,0.0
561,5000005105488351.0,Offices,0.003,0.005,0,32,0.0
562,1000030006170.0,Offices,0.016,0.05,0,392,0.0
563,1000030007436.0,Offices,0.009,0.022,0,189,0.0
564,1000030007706.0,Offices,0.015,0.03,0,16,0.0
565,5000005202733636.0,Offices,0.032,0.08,0,15,0.0
566,5000005207583224.0,Offices,0.009,0.017,0,17,0.0
567,1000030007098.0,Offices,0.033,0.11,0,35,0.0
568,1000030006750.0,Offices,0.012,0.031,0,81,0.0
569,5000005238690354.0,Offices,0.048,0.134,0,38,0.0
570,1000030008045.0,Offices,0.009,0.022,0,176,0.0
571,1000030007710.0,Offices,0.084,0.219,0,6,0.0
572,5000005105488355.0,Offices,0.112,0.341,1,33,21120.0
573,5000005105488246.0,Offices,0.01,0.027,0,63,0.0
574,1000030007420.0,Offices,0.038,0.107,0,781,0.0
575,1000002310327823.0,Offices,0.009,0.014,0,27,0.0
576,5000005202733685.0,Offices,0.005,0.011,0,18,0.0
577,1000030006221.0,Offices,0.008,0.021,0,88,0.0
578,1000030008556.0,Offices,0.015,0.032,0,67,0.0
579,1000030008561.0,Offices,,,,17,41463.0
580,1000002310327821.0,Offices,0.017,0.026,0,93,0.0
581,1000030007100.0,Offices,0.008,0.016,0,233,0.0
582,5000005202733728.0,Offices,0.013,0.028,0,213,0.0
583,1000030007422.0,Offices,0.002,0.002,0,60,0.0
584,5000005210499799.0,Offices,0.007,0.013,0,36,0.0
585,1000030009397.0,Offices,0.176,0.216,0,86,0.0
586,1000002310181328.0,Offices,0.007,0.019,0,127,0.0
587,1000002310200481.0,Offices,0.026,0.053,0,44,0.0
588,1000038608425.0,Offices,0.015,0.051,0,4070,0.0
589,1000030005988.0,Offices,0.041,0.128,0,2369,0.0
590,1000030008557.0,Offices,0.04,0.08,0,67,0.0
591,1000030007314.0,Offices,0.008,0.016,0,560,0.0
592,1000030006752.0,Offices,0.023,0.071,0,834,0.0
593,1000030006757.0,Offices,0.003,0.006,0,61,0.0
594,5000005105488361.0,Offices,0.002,0.002,0,48,0.0
595,5000005202733714.0,Offices,0.017,0.034,0,4,0.0
596,5000005105488245.0,Offices,0.02,0.055,0,26,0.0
597,5000005105488354.0,Offices,0.001,0.001,0,21,0.0
598,5000005105488376.0,Offices,0.002,0.002,0,21,0.0
599,1000030006183.0,Offices,0.005,0.006,0,51,0.0
600,1000030006286.0,Offices,0.101,0.103,0,21,0.0
601,1000030007094.0,Offices,0.004,0.007,0,86,0.0
602,1000030006751.0,Offices,0.007,0.015,0,32,0.0
603,5000005207582375.0,Offices,0.06,0.099,0,14,0.0
604,1000002310200471.0,Offices,0.006,0.011,0,54,0.0
605,1000030008016.0,Offices,0.004,0.005,0,27,0.0
606,1000030008039.0,Offices,0.007,0.013,0,1276,0.0
607,1000030007430.0,Offices,0.163,0.173,0,27,0.0
608,1000030007433.0,Offices,0.014,0.032,0,12,0.0
609,1000030008021.0,Offices,,,,128,312192.0
610,1000030007421.0,Offices,0.002,0.003,0,55,0.0
611,5000005189793637.0,Offices,0.038,0.149,0,239,0.0
612,1000002310294861.0,Offices,0.105,0.235,0,60,0.0
613,1000002310294860.0,Offices,0.014,0.028,0,75,0.0
614,1000030049693.0,Offices,0.034,0.061,0,17,0.0
615,1000030049692.0,Offices,0.055,0.114,0,103,0.0
616,1000030049694.0,Offices,0.038,0.1,0,90,0.0
617,1000030011204.0,Offices,0.005,0.009,0,69,0.0
618,5000005239344629.0,Offices,0.034,0.056,0,4,0.0
619,1000030011205.0,Offices,0.007,0.011,0,14,0.0
620,5000005207583052.0,Offices,0.015,0.022,0,8,0.0
621,1000002310294867.0,Offices,0.095,0.235,0,452,0.0
622,1000002310294868.0,Offices,0.27,0.324,1,24,15360.0
623,1000030049246.0,Offices,0.004,0.007,0,808,0.0
624,1000030049255.0,Offices,0.111,0.434,1,1121,717440.0
625,5000005104422359.0,Offices,0.002,0.002,0,121,0.0
626,5000005104422339.0,Offices,0.008,0.02,0,14,0.0
627,1000030049217.0,Offices,0.032,0.076,0,36,0.0
628,1000030049264.0,Offices,0.009,0.024,0,76,0.0
629,1000030049704.0,Offices,0.073,0.115,0,58,0.0
630,5000005202750248.0,Offices,0.043,0.1,0,8,0.0
631,1000030049271.0,Offices,0.054,0.21,0,221,0.0
632,1000030049597.0,Offices,0.004,0.006,0,25,0.0
633,1000030049584.0,Offices,0.066,0.141,0,71,0.0
634,5000005104422350.0,Offices,0.104,0.23,0,16,0.0
635,5000005238723574.0,Offices,0.002,0.003,0,24,0.0
636,1000030049266.0,Offices,0.007,0.021,0,79,0.0
637,1000030049338.0,Offices,0.044,0.097,0,4,0.0
638,1000030049585.0,Offices,0.07,0.161,0,66,0.0
639,1000030049268.0,Offices,0.066,0.177,0,3,0.0
640,1000002310330773.0,Offices,0.022,0.043,0,76,0.0
641,5000005155553692.0,Offices,0.043,0.142,0,1359,0.0
642,5000005104495177.0,Offices,0.006,0.011,0,49,0.0
643,1000030049589.0,Offices,0.07,0.202,0,53,0.0
644,1000030049070.0,Offices,0.018,0.034,0,67,0.0
645,1000030049237.0,Offices,0.089,0.282,0,1015,0.0
646,1000002020978024.0,Offices,0.014,0.039,0,11,0.0
647,5000005104495194.0,Offices,0.006,0.01,0,41,0.0
648,1000030049587.0,Offices,0.043,0.115,0,84,0.0
649,1000030049069.0,Offices,0.007,0.013,0,70,0.0
650,1000030048831.0,Offices,0.016,0.023,0,8,0.0
651,1000030049593.0,Offices,0.045,0.125,0,706,0.0
652,1000030049562.0,Offices,0.084,0.14,0,133,0.0
653,5000005202749959.0,Offices,0.091,0.223,0,63,0.0
654,1000030049707.0,Offices,0.067,0.137,0,170,0.0
655,5000005238720781.0,Offices,0.003,0.003,0,11,0.0
656,1000030049238.0,Offices,0.209,0.488,1,1880,1203200.0
657,5000005238723715.0,Offices,0.006,0.008,0,4,0.0
658,1000030049594.0,Offices,0.096,0.178,0,439,0.0
659,1000030049184.0,Offices,0.004,0.007,0,25,0.0
660,1000030049705.0,Offices,0.041,0.041,0,17,0.0
661,1000030049072.0,Offices,0.072,0.215,0,74,0.0
662,5000005202749930.0,Offices,0.005,0.012,0,81,0.0
663,1000030049592.0,Offices,0.197,0.328,1,385,246400.0
664,5000005104417447.0,Offices,0.06,0.224,0,78,0.0
665,5000005119791297.0,Offices,0.016,0.029,0,191,0.0
666,5000005104422347.0,Offices,0.005,0.007,0,78,0.0
667,5000005202749724.0,Offices,0.002,0.003,0,41,0.0
668,1000030049260.0,Offices,0.039,0.153,0,82,0.0
669,1000030049239.0,Offices,0.172,0.495,1,4302,2753280.0
670,5000005202749851.0,Offices,0.117,0.28,0,15,0.0
671,5000005155553695.0,Offices,0.181,0.498,1,1480,947200.0
672,1000030049265.0,Offices,0.023,0.039,0,7,0.0
673,1000030048830.0,Offices,0.009,0.018,0,140,0.0
674,1000030049234.0,Offices,0.027,0.061,0,829,0.0
675,5000005210209710.0,Offices,0.024,0.069,0,102,0.0
676,1000030049586.0,Offices,0.044,0.122,0,20,0.0
677,1000030049259.0,Offices,0.112,0.32,1,73,46720.0
678,5000005238723576.0,Offices,0.005,0.008,0,10,0.0
679,5000005202749884.0,Offices,0.042,0.091,0,4,0.0
680,1000030049698.0,Offices,0.022,0.062,0,8,0.0
681,5000005104495195.0,Offices,0.154,0.2,0,28,0.0
682,1000030049339.0,Offices,0.044,0.098,0,3,0.0
683,1000030049258.0,Offices,0.075,0.238,0,982,0.0
684,1000042799203.0,Offices,0.022,0.037,0,1,0.0
685,1000030049596.0,Offices,0.003,0.004,0,5,0.0
686,1000030049270.0,Offices,0.004,0.005,0,3,0.0
687,1000030049583.0,Offices,0.052,0.111,0,67,0.0
688,1000030082410.0,Offices,0.027,0.048,0,53,0.0
689,5000005108165958.0,Offices,0.041,0.126,0,421,0.0
690,1000000060800528.0,Offices,0.043,0.113,0,5,0.0
691,5000005202749897.0,Offices,0.177,0.316,1,31,19840.0
692,5000005202749747.0,Offices,0.551,0.63,1,26,21268.0
693,5000005104422365.0,Offices,0.022,0.049,0,19,0.0
694,5000005202749731.0,Offices,0.107,0.161,0,385,0.0
695,1000030049247.0,Offices,0.003,0.005,0,4,0.0
696,5000005210209454.0,Offices,0.045,0.109,0,14,0.0
697,1000030049699.0,Offices,0.058,0.204,0,3101,0.0
698,5000005202750250.0,Offices,0.033,0.07,0,4,0.0
699,5000005119791295.0,Offices,0.01,0.012,0,146,0.0
700,1000030049274.0,Offices,0.147,0.308,1,424,271360.0
701,1000030049272.0,Offices,0.071,0.169,0,487,0.0
702,1000030049218.0,Offices,0.017,0.021,0,15,0.0
703,5000005104422369.0,Offices,0.027,0.038,0,45,0.0
704,1000000060800535.0,Offices,0.052,0.13,0,2,0.0
705,1000030049262.0,Offices,0.045,0.082,0,76,0.0
706,1000030049236.0,Offices,0.048,0.148,0,2833,0.0
707,1000030049235.0,Offices,0.492,0.716,1,926,757468.0
708,5000005119791296.0,Offices,0.069,0.232,0,141,0.0
709,1000030049269.0,Offices,0.007,0.011,0,2,0.0
710,1000000060800606.0,Offices,0.171,0.484,1,9,5760.0
711,1000030049700.0,Offices,0.02,0.042,0,24,0.0
712,5000005155553694.0,Offices,0.086,0.219,0,2786,0.0
713,5000005238720786.0,Offices,0.082,0.157,0,6,0.0
714,1000030049216.0,Offices,0.022,0.047,0,268,0.0
715,1000030049340.0,Offices,0.014,0.033,0,3,0.0
716,1000030049224.0,Offices,0.198,0.559,1,403,329654.0
717,5000005155553693.0,Offices,0.034,0.081,0,1376,0.0
718,1000030048832.0,Offices,0.065,0.115,0,108,0.0
719,1000030049335.0,Offices,0.02,0.047,0,81,0.0
720,1000030049225.0,Offices,0.012,0.017,0,19,0.0
721,5000005104422349.0,Offices,0.069,0.261,0,1434,0.0
722,1000030049240.0,Offices,0.159,0.267,0,17,0.0
723,1000030049595.0,Offices,0.06,0.089,0,7,0.0
724,5000005202750139.0,Offices,0.101,0.297,0,1675,0.0
725,1000030049071.0,Offices,0.024,0.063,0,95,0.0
726,1000030049242.0,Offices,0.046,0.104,0,48,0.0
727,1000030049254.0,Offices,0.079,0.176,0,1127,0.0
728,5000005119791299.0,Offices,0.034,0.076,0,99,0.0
729,1000030127455.0,Public Buildings,0.093,0.311,0,2508,0.0
730,5000005207525634.0,Public Buildings,0.004,0.008,0,5,0.0
731,1000030127463.0,Public Buildings,0.236,0.28,0,40,0.0
732,1000030082186.0,Public Buildings,0.01,0.028,0,1405,0.0
733,1000030127477.0,Public Buildings,0.018,0.018,0,10,0.0
734,1000030130451.0,Public Buildings,0.027,0.077,0,1909,0.0
735,1000002310380400.0,Public Buildings,0.014,0.047,0,926,0.0
736,1000030127462.0,Public Buildings,0.338,0.375,1,34,21760.0
737,5000005239151627.0,Public Buildings,0.024,0.049,0,137,0.0
738,1000002310380407.0,Public Buildings,,,,34,82926.0
739,1000002310380402.0,Public Buildings,0.018,0.042,0,1390,0.0
740,1000030127456.0,Public Buildings,0.144,0.356,1,45,28800.0
741,1000002310380397.0,Public Buildings,,,,16,39024.0
742,1000002310380409.0,Public Buildings,,,,8,19512.0
743,1000002310227605.0,Public Buildings,0.117,0.272,0,2681,0.0
744,1000030126587.0,Public Buildings,0.009,0.015,0,123,0.0
745,5000005202723687.0,Public Buildings,0.213,0.236,0,9,0.0
746,1000030127460.0,Public Buildings,0.122,0.278,0,9,0.0
747,5000005205280799.0,Public Buildings,0.023,0.044,0,6,0.0
748,1000030126584.0,Public Buildings,0.016,0.053,0,563,0.0
749,1000030128276.0,Public Buildings,0.026,0.078,0,2833,0.0
750,1000030126586.0,Public Buildings,0.037,0.157,0,128,0.0
751,1000030127495.0,Public Buildings,0.003,0.005,0,30,0.0
752,1000002310227596.0,Public Buildings,0.16,0.213,0,17,0.0
753,5000005202723527.0,Public Buildings,0.028,0.03,0,8,0.0
754,1000030128274.0,Public Buildings,0.101,0.2,0,111,0.0
755,5000005202723362.0,Public Buildings,0.017,0.022,0,6,0.0
756,1000030127461.0,Public Buildings,0.344,0.427,1,9,5760.0
757,1000002310380469.0,Public Buildings,0.013,0.034,0,485,0.0
758,1000030130321.0,Public Buildings,0.005,0.004,0,1071,0.0
759,1000030082187.0,Public Buildings,0.004,0.003,0,76,0.0
760,1000002310389266.0,Public Buildings,0.003,0.005,0,14,0.0
761,5000005205280040.0,Public Buildings,0.008,0.018,0,5,0.0
762,1000030130583.0,Public Buildings,,,,10,24390.0
763,1000030130603.0,Public Buildings,0.023,0.023,0,8,0.0
764,1000002310380466.0,Public Buildings,0.007,0.016,0,8,0.0
765,5000005205280627.0,Public Buildings,0.002,0.003,0,26,0.0
766,1000030130312.0,Public Buildings,0.012,0.021,0,43,0.0
767,1000030130604.0,Public Buildings,0.039,0.004,0,60,0.0
768,1000030130436.0,Public Buildings,0.017,0.035,0,44,0.0
769,1000030130320.0,Public Buildings,0.004,0.008,0,1186,0.0
770,1000030082188.0,Public Buildings,0.007,0.019,0,62,0.0
771,1000030130605.0,Public Buildings,,,,2,4878.0
772,1000030130582.0,Public Buildings,0.002,0.002,0,218,0.0
773,1000042800759.0,Public Buildings,0.045,0.085,0,63,0.0
774,1000030080724.0,Public Buildings,0.004,0.006,0,20,0.0
775,1000030080531.0,Public Buildings,0.002,0.004,0,7,0.0
776,1000030080718.0,Public Buildings,0.072,0.16,0,371,0.0
777,1000042800773.0,Public Buildings,0.213,0.417,1,148,94720.0
778,5000005202749938.0,Public Buildings,0.036,0.095,0,20,0.0
779,5000005210606941.0,Public Buildings,0.007,0.01,0,23,0.0
780,5000005210606725.0,Public Buildings,,,,25,60975.0
781,1000042800770.0,Public Buildings,,,,20,48780.0
782,1000030079655.0,Public Buildings,0.003,0.003,0,44,0.0
783,5000005157645266.0,Public Buildings,0.018,0.031,0,16,0.0
784,1000030080468.0,Public Buildings,0.004,0.005,0,785,0.0
785,1000042800767.0,Public Buildings,0.043,0.113,0,68,0.0
786,1000030080722.0,Public Buildings,,,,29,70731.0
787,1000042800772.0,Public Buildings,0.172,0.427,1,69,44160.0
788,1000030079656.0,Public Buildings,0.022,0.047,0,1181,0.0
789,1000002020957719.0,Public Buildings,0.027,0.027,0,15,0.0
790,1000030080716.0,Public Buildings,,,,42,102438.0
791,1000042800764.0,Public Buildings,0.034,0.078,0,551,0.0
792,1000030079916.0,Public Buildings,0.011,0.022,0,2591,0.0
793,1000030080720.0,Public Buildings,0.063,0.129,0,60,0.0
794,1000030080723.0,Public Buildings,0.015,0.024,0,17178,0.0
795,1000042800766.0,Public Buildings,0.102,0.344,1,68,43520.0
796,5000005157645324.0,Public Buildings,0.011,0.019,0,16,0.0
797,5000005157645305.0,Public Buildings,0.039,0.067,0,16,0.0
798,1000030079663.0,Public Buildings,0.243,0.397,1,6,3840.0
799,5000005210606743.0,Public Buildings,0.069,0.171,0,24,0.0
800,1000030079654.0,Public Buildings,,,,24,58536.0
801,1000030079652.0,Public Buildings,0.1,0.332,1,25936,16599040.0
802,1000042800771.0,Public Buildings,,,,17,41463.0
803,5000005205279863.0,Public Buildings,0.031,0.062,0,12,0.0
804,1000030080529.0,Public Buildings,0.121,0.271,0,380,0.0
805,1000030080533.0,Public Buildings,0.257,0.313,1,9,5760.0
806,1000030079589.0,Public Buildings,0.014,0.037,0,168,0.0
807,5000005210606938.0,Public Buildings,,,,385,939015.0
808,5000005157645278.0,Public Buildings,0.114,0.389,1,18,11520.0
809,5000005239165767.0,Public Buildings,0.003,0.005,0,19,0.0
810,1000042800763.0,Public Buildings,0.009,0.021,0,151,0.0
811,5000005202749974.0,Public Buildings,0.004,0.006,0,8,0.0
812,1000000060906999.0,Public Buildings,0.031,0.07,0,16,0.0
813,1000042800774.0,Public Buildings,0.14,0.338,1,96,61440.0
814,1000042800761.0,Public Buildings,0.012,0.02,0,100,0.0
815,1000030082183.0,Public Buildings,0.014,0.055,0,2525,0.0
816,5000005157645286.0,Public Buildings,0.025,0.035,0,16,0.0
817,1000042800760.0,Public Buildings,0.024,0.076,0,69,0.0
818,1000030081405.0,Public Buildings,0.008,0.009,0,39,0.0
819,1000030079648.0,Public Buildings,0.165,0.538,1,1600,1308800.0
820,1000042800758.0,Public Buildings,0.084,0.156,0,62,0.0
821,1000042800765.0,Public Buildings,0.026,0.065,0,165,0.0
822,1000042800775.0,Public Buildings,0.109,0.393,1,6880,4403200.0
823,1000002020957729.0,Public Buildings,0.014,0.029,0,38,0.0
824,1000042800768.0,Public Buildings,0.03,0.07,0,69,0.0
825,1000030080715.0,Public Buildings,,,,86,209754.0
826,1000030080721.0,Public Buildings,,,,18,43902.0
827,1000030079662.0,Public Buildings,0.052,0.108,0,35,0.0
828,1000042800762.0,Public Buildings,0.003,0.005,0,28,0.0
829,1000030079919.0,Public Buildings,0.028,0.037,0,95,0.0
830,5000005205279963.0,Public Buildings,0.013,0.04,0,12,0.0
831,1000030080698.0,Public Buildings,,,,20,48780.0
832,5000005157645288.0,Public Buildings,0.018,0.026,0,16,0.0
833,5000005210209434.0,Public Buildings,0.036,0.076,0,6,0.0
834,5000005210209806.0,Public Buildings,0.007,0.011,0,7,0.0
835,1000042799200.0,Public Buildings,0.011,0.015,0,10,0.0
836,1000030082184.0,Public Buildings,0.09,0.248,0,19,0.0
837,1000030082185.0,Public Buildings,0.002,0.003,0,41,0.0
838,1000030080681.0,Public Buildings,0.002,0.003,0,21,0.0
839,5000005239165791.0,Public Buildings,0.003,0.004,0,13,0.0
840,5000005154702921.0,Public Buildings,0.176,0.584,1,696,569328.0
841,5000005210373021.0,Public Buildings,0.101,0.507,1,687,561966.0
842,1000002310452023.0,Public Buildings,0.021,0.042,0,1619,0.0
843,5000005205279532.0,Public Buildings,,,,21,51219.0
844,1000030082358.0,Public Buildings,0.059,0.104,0,36,0.0
845,1000002020984111.0,Public Buildings,0.12,0.198,0,42,0.0
846,5000005205279724.0,Public Buildings,0.012,0.028,0,111,0.0
847,1000030082444.0,Public Buildings,0.028,0.046,0,43,0.0
848,5000005238986936.0,Public Buildings,0.031,0.053,0,109,0.0
849,5000005154702923.0,Public Buildings,0.215,0.336,1,12,7680.0
850,5000005238986973.0,Public Buildings,0.009,0.023,0,10,0.0
851,5000005104447447.0,Public Buildings,0.088,0.253,0,11,0.0
852,1000030082400.0,Public Buildings,0.01,0.025,0,661,0.0
853,1000002310453455.0,Public Buildings,0.277,0.919,1,90,99810.0
854,1000002020984101.0,Public Buildings,0.018,0.05,0,19,0.0
855,5000005154702924.0,Public Buildings,0.31,0.339,1,5,3200.0
856,5000005205280093.0,Public Buildings,0.135,0.266,0,137,0.0
857,1000002310452118.0,Public Buildings,0.009,0.037,0,2911,0.0
858,1000030082204.0,Public Buildings,0.005,0.006,0,285,0.0
859,5000005238986902.0,Public Buildings,0.023,0.067,0,41,0.0
860,1000030082361.0,Public Buildings,0.081,0.22,0,5382,0.0
861,5000005154702927.0,Public Buildings,0.091,0.292,0,762,0.0
862,1000002020984113.0,Public Buildings,0.015,0.037,0,5,0.0
863,1000002310331038.0,Public Buildings,0.015,0.032,0,33,0.0
864,5000005205279996.0,Public Buildings,0.003,0.003,0,23,0.0
865,5000005205279781.0,Public Buildings,0.02,0.062,0,32,0.0
866,1000030082362.0,Public Buildings,0.002,0.003,0,17,0.0
867,5000005126598319.0,Public Buildings,0.016,0.029,0,672,0.0
868,1000030082395.0,Public Buildings,0.038,0.086,0,15,0.0
869,1000030082397.0,Public Buildings,0.006,0.011,0,89,0.0
870,5000005205279498.0,Public Buildings,,,,37,90243.0
871,1000030082398.0,Public Buildings,0.042,0.094,0,743,0.0
872,1000030082438.0,Public Buildings,0.045,0.104,0,21,0.0
873,1000002310452129.0,Public Buildings,0.006,0.007,0,36,0.0
874,5000005205280722.0,Public Buildings,0.002,0.003,0,24,0.0
875,1000030082399.0,Public Buildings,0.006,0.01,0,887,0.0
876,5000005205280673.0,Public Buildings,0.018,0.036,0,374,0.0
877,5000005205279762.0,Public Buildings,0.003,0.004,0,9,0.0
878,1000030082394.0,Public Buildings,0.067,0.105,0,20,0.0
879,1000030082445.0,Public Buildings,0.004,0.005,0,31,0.0
880,1000030082422.0,Public Buildings,0.008,0.019,0,166,0.0
881,5000005126598402.0,Public Buildings,0.04,0.084,0,86,0.0
882,5000005205280812.0,Public Buildings,0.008,0.016,0,13,0.0
883,5000005205280049.0,Public Buildings,0.005,0.01,0,22,0.0
884,5000005154702926.0,Public Buildings,0.608,1.069,1,25,32675.0
885,1000002020984102.0,Public Buildings,0.017,0.029,0,81,0.0
886,5000005205280863.0,Public Buildings,0.005,0.01,0,4,0.0
887,1000002310452125.0,Public Buildings,0.006,0.012,0,249,0.0
888,1000002310331040.0,Public Buildings,0.01,0.028,0,1644,0.0
889,1000030082360.0,Public Buildings,0.018,0.018,0,4,0.0
890,5000005205280846.0,Public Buildings,0.018,0.042,0,24,0.0
891,1000030082357.0,Public Buildings,0.086,0.167,0,34,0.0
892,1000030082388.0,Public Buildings,0.126,0.341,1,155,99200.0
893,1000002310452119.0,Public Buildings,0.067,0.085,0,13408,0.0
894,1000002310204219.0,Public Buildings,0.013,0.032,0,29,0.0
895,1000002310453456.0,Public Buildings,0.04,0.068,0,827,0.0
896,1000030082446.0,Public Buildings,0.012,0.029,0,45,0.0
897,1000002310331035.0,Public Buildings,0.026,0.062,0,1239,0.0
898,5000005205280740.0,Public Buildings,0.004,0.004,0,12,0.0
899,1000030082026.0,Public Buildings,0.007,0.008,0,15,0.0
900,1000002020984095.0,Public Buildings,0.013,0.036,0,325,0.0
901,5000005202750014.0,Public Buildings,0.004,0.006,0,4,0.0
902,1000030082442.0,Public Buildings,0.056,0.087,0,95,0.0
903,5000005205280681.0,Public Buildings,0.004,0.006,0,12,0.0
904,5000005126598408.0,Public Buildings,0.097,0.006,0,69,0.0
905,1000002310452112.0,Public Buildings,0.037,0.12,0,26515,0.0
906,5000005205280262.0,Public Buildings,0.025,0.076,0,61,0.0
907,1000030046909.0,Public Buildings,0.117,0.294,0,2470,0.0
908,5000005238841936.0,Public Buildings,0.004,0.008,0,90,0.0
909,5000005207582797.0,Public Buildings,0.02,0.024,0,5,0.0
910,5000005207583737.0,Public Buildings,0.004,0.008,0,14,0.0
911,1000002310330737.0,Public Buildings,0.004,0.005,0,13,0.0
912,1000030046908.0,Public Buildings,0.07,0.206,0,510,0.0
913,5000005207584839.0,Public Buildings,0.02,0.055,0,24,0.0
914,1000002310330740.0,Public Buildings,0.004,0.005,0,20,0.0
915,1000030046877.0,Public Buildings,0.032,0.118,0,990,0.0
916,5000005238841941.0,Public Buildings,0.015,0.016,0,20,0.0
917,1000030005408.0,Residential,0.007,0.014,0,102,0.0
918,1000030006105.0,Residential,0.424,0.677,1,51,27210.0
919,1000030005855.0,Residential,0.009,0.027,0,95,0.0
920,1000030005344.0,Residential,0.005,0.01,0,82,0.0
921,1000030006425.0,Residential,0.006,0.011,0,69,0.0
922,1000030006332.0,Residential,0.005,0.01,0,45,0.0
923,1000030005587.0,Residential,0.094,0.396,0,491,0.0
924,1000030006562.0,Residential,0.008,0.02,0,53,0.0
925,1000030006632.0,Residential,0.003,0.006,0,58,0.0
926,1000030006163.0,Residential,0.021,0.038,0,78,0.0
927,1000030006593.0,Residential,0.014,0.039,0,46,0.0
928,1000030006333.0,Residential,0.009,0.014,0,64,0.0
929,1000030006492.0,Residential,0.058,0.135,0,50,0.0
930,1000030006865.0,Residential,0.003,0.006,0,68,0.0
931,1000030007156.0,Residential,0.007,0.007,0,1,0.0
932,1000030006939.0,Residential,0.005,0.008,0,56,0.0
933,1000030005335.0,Residential,0.004,0.005,0,92,0.0
934,1000030006245.0,Residential,0.074,0.148,0,57,0.0
935,1000030006344.0,Residential,0.115,0.274,0,70,0.0
936,1000030006213.0,Residential,0.011,0.019,0,73,0.0
937,1000030006179.0,Residential,0.02,0.044,0,86,0.0
938,1000030006884.0,Residential,0.002,0.003,0,70,0.0
939,1000030006386.0,Residential,0.021,0.046,0,78,0.0
940,1000030006607.0,Residential,0.024,0.051,0,90,0.0
941,1000030005662.0,Residential,0.018,0.034,0,59,0.0
942,1000030005283.0,Residential,0.012,0.013,0,79,0.0
943,1000030005827.0,Residential,0.014,0.03,0,125,0.0
944,1000030006057.0,Residential,0.029,0.074,0,85,0.0
945,1000030006092.0,Residential,0.011,0.03,0,64,0.0
946,1000030006464.0,Residential,0.014,0.027,0,64,0.0
947,1000030005320.0,Residential,0.008,0.009,0,90,0.0
948,1000030005638.0,Residential,0.104,0.264,0,81,0.0
949,1000030006633.0,Residential,0.002,0.002,0,51,0.0
950,1000030007132.0,Residential,0.016,0.041,0,83,0.0
951,1000030006371.0,Residential,0.015,0.026,0,13,0.0
952,1000030006797.0,Residential,0.008,0.018,0,84,0.0
953,1000030006407.0,Residential,0.002,0.003,0,46,0.0
954,1000030011608.0,Residential,0.007,0.013,0,63,0.0
955,1000030006729.0,Residential,0.043,0.122,0,29,0.0
956,1000038608542.0,Residential,0.02,0.038,0,42,0.0
957,1000030006910.0,Residential,0.005,0.008,0,61,0.0
958,1000030007187.0,Residential,0.006,0.013,0,78,0.0
959,1000030006066.0,Residential,0.056,0.169,0,87,0.0
960,1000030005674.0,Residential,0.005,0.009,0,91,0.0
961,1000030006737.0,Residential,0.041,0.146,0,53,0.0
962,1000030011616.0,Residential,0.048,0.134,0,41,0.0
963,5000005202734549.0,Residential,0.002,0.002,0,9,0.0
964,1000030007075.0,Residential,0.005,0.019,0,97,0.0
965,1000030006189.0,Residential,0.002,0.004,0,85,0.0
966,1000030005351.0,Residential,0.002,0.003,0,87,0.0
967,1000030005875.0,Residential,0.004,0.006,0,93,0.0
968,1000030006649.0,Residential,0.005,0.007,0,85,0.0
969,1000038608570.0,Residential,0.154,0.301,1,46,24624.0
970,5000005202733982.0,Residential,0.008,0.012,0,15,0.0
971,1000030006695.0,Residential,0.059,0.166,0,99,0.0
972,1000030005839.0,Residential,0.011,0.027,0,67,0.0
973,1000030005348.0,Residential,0.003,0.005,0,89,0.0
974,1000030006615.0,Residential,0.014,0.04,0,56,0.0
975,1000030011603.0,Residential,0.042,0.134,0,95,0.0
976,5000005202733734.0,Residential,0.061,0.163,0,14,0.0
977,1000030005586.0,Residential,0.016,0.018,0,24,0.0
978,1000030005680.0,Residential,0.008,0.026,0,96,0.0
979,1000030006951.0,Residential,0.007,0.018,0,126,0.0
980,1000030006804.0,Residential,0.002,0.003,0,57,0.0
981,1000030005609.0,Residential,0.031,0.089,0,95,0.0
982,1000030005571.0,Residential,0.003,0.004,0,65,0.0
983,1000030005953.0,Residential,0.037,0.132,0,72,0.0
984,1000030006084.0,Residential,0.041,0.067,0,78,0.0
985,1000030006676.0,Residential,0.026,0.06,0,9,0.0
986,1000030006647.0,Residential,0.007,0.014,0,109,0.0
987,1000030006429.0,Residential,0.008,0.012,0,57,0.0
988,1000030005691.0,Residential,0.003,0.005,0,87,0.0
989,1000030006107.0,Residential,0.344,0.626,1,50,27210.0
990,5000005202733735.0,Residential,0.01,0.022,0,5,0.0
991,1000030006036.0,Residential,0.056,0.221,0,87,0.0
992,1000030005634.0,Residential,0.012,0.024,0,96,0.0
993,1000030005667.0,Residential,0.012,0.025,0,77,0.0
994,1000030005687.0,Residential,0.004,0.007,0,90,0.0
995,1000030006529.0,Residential,0.006,0.014,0,96,0.0
996,5000005202734199.0,Residential,0.287,0.518,1,22,24624.0
997,1000030005463.0,Residential,0.013,0.029,0,70,0.0
998,1000030007389.0,Residential,0.029,0.059,0,81,0.0
999,1000030006325.0,Residential,0.03,0.082,0,15,0.0
1000,1000030007160.0,Residential,0.025,0.059,0,106,0.0
1001,1000030005792.0,Residential,0.006,0.012,0,86,0.0
1002,1000030007077.0,Residential,0.002,0.003,0,60,0.0
1003,1000030006423.0,Residential,0.002,0.002,0,67,0.0
1004,1000030006203.0,Residential,0.082,0.24,0,85,0.0
1005,1000030006925.0,Residential,0.072,0.201,0,62,0.0
1006,1000030006964.0,Residential,0.102,0.216,0,73,0.0
1007,1000030007087.0,Residential,0.025,0.064,0,81,0.0
1008,1000030005996.0,Residential,0.039,0.075,0,82,0.0
1009,1000030006892.0,Residential,0.026,0.083,0,73,0.0
1010,1000030006037.0,Residential,0.086,0.245,0,90,0.0
1011,1000030006940.0,Residential,0.015,0.039,0,64,0.0
1012,1000030005437.0,Residential,0.008,0.022,0,86,0.0
1013,1000030006705.0,Residential,0.005,0.01,0,49,0.0
1014,1000030006472.0,Residential,0.055,0.136,0,56,0.0
1015,1000030005388.0,Residential,0.066,0.164,0,100,0.0
1016,1000030005441.0,Residential,0.027,0.071,0,85,0.0
1017,1000030005640.0,Residential,0.041,0.124,0,87,0.0
1018,1000038612267.0,Residential,0.079,0.192,0,8,0.0
1019,1000030006906.0,Residential,0.002,0.002,0,17,0.0
1020,1000030006936.0,Residential,0.003,0.004,0,50,0.0
1021,1000030006616.0,Residential,0.027,0.067,0,66,0.0
1022,5000005207585676.0,Residential,0.172,0.301,1,12,24624.0
1023,1000030005895.0,Residential,0.022,0.058,0,45,0.0
1024,1000030006062.0,Residential,0.042,0.128,0,85,0.0
1025,1000030006308.0,Residential,0.062,0.155,0,68,0.0
1026,1000030006363.0,Residential,0.03,0.095,0,50,0.0
1027,5000005202734173.0,Residential,0.028,0.053,0,19,0.0
1028,1000030007073.0,Residential,0.002,0.003,0,119,0.0
1029,5000005202733967.0,Residential,0.01,0.018,0,4,0.0
1030,1000030006381.0,Residential,0.006,0.01,0,70,0.0
1031,1000030006439.0,Residential,0.017,0.045,0,85,0.0
1032,1000030005837.0,Residential,0.002,0.004,0,88,0.0
1033,1000030005563.0,Residential,0.012,0.026,0,52,0.0
1034,1000030006815.0,Residential,0.025,0.068,0,75,0.0
1035,1000030005575.0,Residential,0.017,0.018,0,28,0.0
1036,1000030006164.0,Residential,0.002,0.003,0,74,0.0
1037,1000030006852.0,Residential,0.032,0.084,0,77,0.0
1038,1000030005293.0,Residential,0.052,0.089,0,1,0.0
1039,1000030006890.0,Residential,0.002,0.002,0,9,0.0
1040,1000030006814.0,Residential,0.008,0.02,0,73,0.0
1041,1000030011612.0,Residential,0.026,0.072,0,43,0.0
1042,1000030006909.0,Residential,0.013,0.044,0,124,0.0
1043,1000030005851.0,Residential,0.015,0.038,0,91,0.0
1044,1000030006864.0,Residential,0.002,0.005,0,107,0.0
1045,1000030006470.0,Residential,0.021,0.042,0,71,0.0
1046,5000005202733584.0,Residential,0.015,0.035,0,16,0.0
1047,1000030006026.0,Residential,0.006,0.014,0,80,0.0
1048,1000030006930.0,Residential,0.021,0.065,0,69,0.0
1049,5000005202733791.0,Residential,0.002,0.003,0,17,0.0
1050,1000030005973.0,Residential,0.002,0.003,0,83,0.0
1051,1000030005971.0,Residential,0.003,0.004,0,97,0.0
1052,1000030006432.0,Residential,0.099,0.256,0,72,0.0
1053,1000030006962.0,Residential,0.011,0.02,0,96,0.0
1054,1000030006204.0,Residential,0.013,0.029,0,76,0.0
1055,1000030005461.0,Residential,0.015,0.032,0,75,0.0
1056,1000030006856.0,Residential,0.002,0.003,0,61,0.0
1057,1000030005999.0,Residential,0.064,0.105,0,80,0.0
1058,1000030005980.0,Residential,0.1,0.155,0,79,0.0
1059,1000030005381.0,Residential,0.014,0.019,0,24,0.0
1060,5000005239319486.0,Residential,0.003,0.004,0,15,0.0
1061,1000030005648.0,Residential,0.025,0.047,0,62,0.0
1062,5000005202733991.0,Residential,0.028,0.069,0,19,0.0
1063,1000030005440.0,Residential,0.009,0.024,0,82,0.0
1064,1000030011607.0,Residential,0.017,0.038,0,45,0.0
1065,1000030006896.0,Residential,0.02,0.051,0,13,0.0
1066,1000030011611.0,Residential,0.022,0.06,0,43,0.0
1067,1000030006322.0,Residential,0.115,0.249,0,102,0.0
1068,1000030006666.0,Residential,0.005,0.008,0,85,0.0
1069,1000030005424.0,Residential,0.006,0.007,0,88,0.0
1070,1000030007180.0,Residential,0.068,0.158,0,76,0.0
1071,1000030005998.0,Residential,0.066,0.112,0,9,0.0
1072,5000005202734299.0,Residential,0.024,0.043,0,5,0.0
1073,5000005202734377.0,Residential,0.005,0.008,0,16,0.0
1074,1000030006479.0,Residential,0.09,0.21,0,63,0.0
1075,1000030006010.0,Residential,0.037,0.081,0,92,0.0
1076,1000030005986.0,Residential,0.052,0.145,0,80,0.0
1077,5000005239319492.0,Residential,0.021,0.03,0,9,0.0
1078,1000030006437.0,Residential,0.003,0.005,0,43,0.0
1079,5000005202733654.0,Residential,0.018,0.036,0,30,0.0
1080,1000030005991.0,Residential,0.067,0.138,0,81,0.0
1081,1000030005332.0,Residential,0.006,0.011,0,86,0.0
1082,1000030006237.0,Residential,0.037,0.061,0,69,0.0
1083,1000030006087.0,Residential,0.019,0.045,0,4,0.0
1084,1000043032626.0,Residential,0.01,0.022,0,14,0.0
1085,1000030006606.0,Residential,0.002,0.003,0,59,0.0
1086,1000030006466.0,Residential,0.084,0.219,0,64,0.0
1087,1000030007369.0,Residential,,,,76,52632.0
1088,1000030006450.0,Residential,0.038,0.098,0,76,0.0
1089,1000030006535.0,Residential,0.022,0.061,0,17,0.0
1090,1000030006403.0,Residential,0.01,0.026,0,45,0.0
1091,1000030006948.0,Residential,0.016,0.038,0,52,0.0
1092,1000030006849.0,Residential,0.027,0.1,0,116,0.0
1093,1000030005811.0,Residential,0.06,0.14,0,60,0.0
1094,1000030005419.0,Residential,0.003,0.004,0,96,0.0
1095,1000030006504.0,Residential,0.017,0.033,0,90,0.0
1096,5000005202734366.0,Residential,0.013,0.03,0,18,0.0
1097,1000030006796.0,Residential,0.006,0.013,0,48,0.0
1098,5000005239325181.0,Residential,0.014,0.022,0,8,0.0
1099,1000030005992.0,Residential,0.076,0.108,0,85,0.0
1100,1000030006378.0,Residential,0.05,0.119,0,85,0.0
1101,1000030005383.0,Residential,0.037,0.079,0,77,0.0
1102,1000030005574.0,Residential,0.016,0.029,0,25,0.0
1103,1000030006827.0,Residential,0.003,0.003,0,12,0.0
1104,1000030006326.0,Residential,0.004,0.009,0,48,0.0
1105,1000030006537.0,Residential,0.024,0.072,0,90,0.0
1106,1000030005659.0,Residential,0.019,0.039,0,87,0.0
1107,1000030006903.0,Residential,0.016,0.04,0,94,0.0
1108,1000030005846.0,Residential,0.03,0.063,0,87,0.0
1109,1000030005859.0,Residential,0.01,0.029,0,82,0.0
1110,1000030006701.0,Residential,0.018,0.045,0,48,0.0
1111,1000030005409.0,Residential,0.008,0.015,0,91,0.0
1112,5000005207582677.0,Residential,0.016,0.03,0,10,0.0
1113,1000030006736.0,Residential,0.062,0.196,0,58,0.0
1114,1000030005894.0,Residential,0.012,0.024,0,69,0.0
1115,1000030006523.0,Residential,0.038,0.103,0,14,0.0
1116,5000005202733848.0,Residential,0.018,0.033,0,12,0.0
1117,1000030006441.0,Residential,0.004,0.009,0,139,0.0
1118,1000030006617.0,Residential,0.044,0.135,0,60,0.0
1119,1000030006533.0,Residential,0.019,0.049,0,106,0.0
1120,1000030006848.0,Residential,0.031,0.086,0,120,0.0
1121,1000030006794.0,Residential,0.006,0.012,0,48,0.0
1122,1000030005983.0,Residential,0.006,0.01,0,82,0.0
1123,1000030011600.0,Residential,0.013,0.035,0,47,0.0
1124,5000005210499652.0,Residential,0.009,0.012,0,5,0.0
1125,1000030005321.0,Residential,0.006,0.013,0,86,0.0
1126,1000030005451.0,Residential,0.058,0.184,0,83,0.0
1127,5000005202734186.0,Residential,0.014,0.03,0,16,0.0
1128,1000030006415.0,Residential,0.002,0.003,0,64,0.0
1129,1000030006648.0,Residential,0.007,0.012,0,95,0.0
1130,5000005207565672.0,Residential,0.014,0.023,0,20,0.0
1131,1000002310351830.0,Residential,0.013,0.028,0,6,0.0
1132,1000030006471.0,Residential,0.032,0.075,0,66,0.0
1133,1000030006723.0,Residential,0.002,0.002,0,87,0.0
1134,1000030006096.0,Residential,0.184,0.292,0,11,0.0
1135,1000030006086.0,Residential,0.015,0.045,0,79,0.0
1136,1000030006094.0,Residential,0.048,0.108,0,62,0.0
1137,1000030006408.0,Residential,0.003,0.004,0,44,0.0
1138,1000030007174.0,Residential,0.052,0.158,0,73,0.0
1139,1000030005677.0,Residential,0.004,0.005,0,88,0.0
1140,1000030006338.0,Residential,0.003,0.005,0,45,0.0
1141,1000030005315.0,Residential,0.016,0.041,0,86,0.0
1142,1000030006180.0,Residential,0.011,0.016,0,117,0.0
1143,5000005202733954.0,Residential,0.109,0.236,0,38,0.0
1144,1000030005561.0,Residential,0.009,0.02,0,74,0.0
1145,1000030005869.0,Residential,0.019,0.04,0,71,0.0
1146,1000030006700.0,Residential,0.012,0.014,0,66,0.0
1147,1000030005413.0,Residential,0.005,0.01,0,91,0.0
1148,1000030007408.0,Residential,0.005,0.012,0,76,0.0
1149,1000030005695.0,Residential,0.002,0.003,0,94,0.0
1150,1000030005309.0,Residential,0.022,0.048,0,77,0.0
1151,5000005202734077.0,Residential,0.015,0.04,0,35,0.0
1152,1000030006824.0,Residential,0.002,0.004,0,64,0.0
1153,1000030005488.0,Residential,0.013,0.033,0,91,0.0
1154,1000030006316.0,Residential,0.004,0.005,0,46,0.0
1155,1000030006942.0,Residential,0.008,0.008,0,3,0.0
1156,1000002310347613.0,Residential,0.013,0.023,0,73,0.0
1157,5000005202734279.0,Residential,0.015,0.043,0,23,0.0
1158,5000005202733598.0,Residential,0.07,0.176,0,16,0.0
1159,1000002310337855.0,Residential,0.014,0.054,0,93,0.0
1160,1000030006404.0,Residential,0.008,0.017,0,65,0.0
1161,1000030005987.0,Residential,0.003,0.005,0,73,0.0
1162,1000038608574.0,Residential,0.515,0.574,1,11,24624.0
1163,1000030006536.0,Residential,0.019,0.073,0,98,0.0
1164,1000030006732.0,Residential,0.007,0.009,0,97,0.0
1165,1000030006629.0,Residential,0.009,0.032,0,77,0.0
1166,1000030005438.0,Residential,0.009,0.023,0,87,0.0
1167,5000005207585667.0,Residential,0.043,0.069,0,24,0.0
1168,1000030005678.0,Residential,0.009,0.031,0,97,0.0
1169,1000030006345.0,Residential,0.136,0.361,1,62,24624.0
1170,1000030006919.0,Residential,0.021,0.058,0,48,0.0
1171,1000030006931.0,Residential,0.004,0.004,0,3,0.0
1172,1000030006468.0,Residential,0.047,0.17,0,62,0.0
1173,1000030005683.0,Residential,0.007,0.011,0,74,0.0
1174,1000002310347614.0,Residential,0.014,0.022,0,59,0.0
1175,1000030006532.0,Residential,0.003,0.004,0,100,0.0
1176,1000030006525.0,Residential,0.002,0.002,0,60,0.0
1177,1000030007037.0,Residential,0.024,0.065,0,19,0.0
1178,1000030006898.0,Residential,0.003,0.005,0,56,0.0
1179,1000030006410.0,Residential,0.003,0.003,0,14,0.0
1180,1000030005457.0,Residential,0.126,0.38,1,84,24624.0
1181,1000000060584759.0,Residential,0.032,0.1,0,49,0.0
1182,1000030005354.0,Residential,0.002,0.005,0,86,0.0
1183,1000030006707.0,Residential,0.001,0.001,0,6,0.0
1184,1000030006795.0,Residential,0.006,0.014,0,51,0.0
1185,1000038608580.0,Residential,0.123,0.242,0,42,0.0
1186,1000030005787.0,Residential,0.008,0.019,0,87,0.0
1187,1000030006521.0,Residential,0.114,0.17,0,19,0.0
1188,1000030005832.0,Residential,0.003,0.004,0,14,0.0
1189,1000030006883.0,Residential,0.043,0.11,0,65,0.0
1190,1000030006916.0,Residential,0.006,0.016,0,59,0.0
1191,1000030006698.0,Residential,0.085,0.2,0,80,0.0
1192,1000030005478.0,Residential,0.018,0.027,0,63,0.0
1193,1000030005847.0,Residential,0.006,0.014,0,95,0.0
1194,1000030005637.0,Residential,0.017,0.032,0,106,0.0
1195,1000030005453.0,Residential,0.055,0.223,0,83,0.0
1196,1000030005481.0,Residential,0.03,0.038,0,68,0.0
1197,1000030007191.0,Residential,0.037,0.102,0,70,0.0
1198,1000030006591.0,Residential,0.005,0.011,0,65,0.0
1199,1000030006600.0,Residential,0.015,0.036,0,90,0.0
1200,1000030005961.0,Residential,0.007,0.008,0,5,0.0
1201,5000005202734114.0,Residential,0.018,0.032,0,20,0.0
1202,1000030007395.0,Residential,0.01,0.018,0,65,0.0
1203,1000030005959.0,Residential,0.003,0.006,0,85,0.0
1204,1000030006019.0,Residential,0.004,0.007,0,81,0.0
1205,1000030006101.0,Residential,0.294,0.489,1,59,24624.0
1206,1000030006670.0,Residential,0.003,0.004,0,95,0.0
1207,1000030007164.0,Residential,0.017,0.028,0,143,0.0
1208,1000030005995.0,Residential,0.045,0.093,0,93,0.0
1209,1000030006937.0,Residential,0.01,0.024,0,46,0.0
1210,1000030006241.0,Residential,0.091,0.222,0,56,0.0
1211,1000030005656.0,Residential,0.018,0.039,0,95,0.0
1212,1000030006447.0,Residential,0.004,0.006,0,80,0.0
1213,5000005207582795.0,Residential,0.034,0.051,0,24,0.0
1214,5000005239325156.0,Residential,0.006,0.008,0,21,0.0
1215,1000030005830.0,Residential,0.012,0.028,0,97,0.0
1216,1000030010880.0,Residential,0.014,0.028,0,73,0.0
1217,5000005202734205.0,Residential,0.014,0.024,0,17,0.0
1218,1000030006349.0,Residential,0.006,0.012,0,79,0.0
1219,1000030005314.0,Residential,0.017,0.038,0,90,0.0
1220,1000030006458.0,Residential,0.049,0.113,0,15,0.0
1221,1000030006820.0,Residential,0.015,0.039,0,51,0.0
1222,1000030007081.0,Residential,0.058,0.158,0,17,0.0
1223,1000030006710.0,Residential,0.054,0.118,0,15,0.0
1224,1000030007158.0,Residential,0.012,0.026,0,99,0.0
1225,1000030006368.0,Residential,0.003,0.005,0,49,0.0
1226,1000030006854.0,Residential,0.012,0.042,0,112,0.0
1227,1000030006527.0,Residential,0.004,0.008,0,53,0.0
1228,1000030006234.0,Residential,0.03,0.049,0,61,0.0
1229,1000030006567.0,Residential,0.005,0.01,0,47,0.0
1230,1000002310337847.0,Residential,0.002,0.002,0,70,0.0
1231,1000030006745.0,Residential,0.002,0.003,0,65,0.0
1232,1000030006557.0,Residential,0.005,0.013,0,51,0.0
1233,1000030005816.0,Residential,0.02,0.041,0,93,0.0
1234,1000030005570.0,Residential,0.006,0.013,0,63,0.0
1235,1000030006459.0,Residential,0.027,0.074,0,47,0.0
1236,1000030006678.0,Residential,0.012,0.031,0,47,0.0
1237,1000030006581.0,Residential,0.003,0.004,0,52,0.0
1238,1000030006744.0,Residential,0.006,0.017,0,78,0.0
1239,1000030005339.0,Residential,0.011,0.025,0,90,0.0
1240,1000002310337846.0,Residential,0.003,0.005,0,57,0.0
1241,1000030006911.0,Residential,0.019,0.044,0,27,0.0
1242,1000030006558.0,Residential,0.011,0.025,0,77,0.0
1243,1000030007085.0,Residential,0.012,0.037,0,124,0.0
1244,1000030005347.0,Residential,0.002,0.003,0,85,0.0
1245,1000030006073.0,Residential,0.109,0.279,0,4,0.0
1246,1000030006664.0,Residential,0.004,0.005,0,102,0.0
1247,1000030007131.0,Residential,0.009,0.02,0,119,0.0
1248,1000030006095.0,Residential,0.073,0.134,0,76,0.0
1249,1000030005447.0,Residential,0.035,0.066,0,83,0.0
1250,1000030006926.0,Residential,0.008,0.01,0,3,0.0
1251,5000005202734598.0,Residential,0.009,0.018,0,6,0.0
1252,1000030006011.0,Residential,0.011,0.027,0,17,0.0
1253,1000030006242.0,Residential,0.033,0.06,0,51,0.0
1254,1000030005399.0,Residential,0.006,0.01,0,2,0.0
1255,1000030006212.0,Residential,0.013,0.028,0,83,0.0
1256,1000030006866.0,Residential,0.007,0.016,0,70,0.0
1257,5000005202734145.0,Residential,0.014,0.03,0,10,0.0
1258,1000030005380.0,Residential,0.017,0.041,0,70,0.0
1259,1000030006682.0,Residential,0.003,0.005,0,60,0.0
1260,5000005202733612.0,Residential,0.044,0.093,0,9,0.0
1261,1000030006483.0,Residential,0.016,0.044,0,61,0.0
1262,1000030006003.0,Residential,0.008,0.017,0,85,0.0
1263,1000030006918.0,Residential,0.021,0.057,0,58,0.0
1264,1000030006821.0,Residential,0.039,0.085,0,10,0.0
1265,1000030006565.0,Residential,0.02,0.055,0,45,0.0
1266,5000005202734431.0,Residential,0.002,0.004,0,21,0.0
1267,1000030006435.0,Residential,0.021,0.055,0,15,0.0
1268,1000030006560.0,Residential,0.003,0.004,0,56,0.0
1269,1000030005881.0,Residential,0.002,0.004,0,83,0.0
1270,1000038608584.0,Residential,0.071,0.125,0,42,0.0
1271,1000030005606.0,Residential,0.078,0.122,0,7,0.0
1272,5000005202733798.0,Residential,0.018,0.024,0,14,0.0
1273,1000030006312.0,Residential,0.039,0.057,0,85,0.0
1274,1000030005834.0,Residential,0.01,0.033,0,96,0.0
1275,1000030007412.0,Residential,0.003,0.003,0,71,0.0
1276,1000030006841.0,Residential,0.027,0.068,0,70,0.0
1277,1000030006932.0,Residential,0.077,0.287,0,85,0.0
1278,1000030006539.0,Residential,0.023,0.068,0,107,0.0
1279,1000030005977.0,Residential,0.016,0.033,0,75,0.0
1280,1000030005892.0,Residential,0.019,0.058,0,70,0.0
1281,1000030007036.0,Residential,0.01,0.026,0,56,0.0
1282,5000005202734177.0,Residential,0.01,0.023,0,9,0.0
1283,1000030006924.0,Residential,0.041,0.108,0,55,0.0
1284,5000005202734615.0,Residential,0.025,0.036,0,12,0.0
1285,1000030006860.0,Residential,0.007,0.008,0,104,0.0
1286,1000030006190.0,Residential,0.008,0.021,0,91,0.0
1287,1000030006863.0,Residential,0.022,0.07,0,75,0.0
1288,1000030006335.0,Residential,0.005,0.007,0,58,0.0
1289,1000030005773.0,Residential,0.056,0.079,0,4,0.0
1290,1000030005878.0,Residential,0.003,0.004,0,87,0.0
1291,1000038608558.0,Residential,0.02,0.039,0,50,0.0
1292,1000030006355.0,Residential,0.005,0.009,0,65,0.0
1293,1000030006420.0,Residential,0.002,0.003,0,63,0.0
1294,1000002310337853.0,Residential,0.002,0.003,0,62,0.0
1295,1000030006351.0,Residential,0.005,0.008,0,74,0.0
1296,1000030006243.0,Residential,0.155,0.348,1,45,24624.0
1297,1000030006652.0,Residential,0.046,0.109,0,81,0.0
1298,1000030006912.0,Residential,0.004,0.006,0,68,0.0
1299,1000030006004.0,Residential,0.006,0.014,0,86,0.0
1300,5000005207582518.0,Residential,0.007,0.016,0,20,0.0
1301,1000030005975.0,Residential,0.022,0.057,0,68,0.0
1302,1000030006967.0,Residential,0.124,0.304,1,80,24624.0
1303,1000030005614.0,Residential,0.007,0.017,0,84,0.0
1304,1000030005429.0,Residential,0.009,0.017,0,89,0.0
1305,5000005202733921.0,Residential,0.033,0.091,0,22,0.0
1306,5000005202734099.0,Residential,0.007,0.017,0,16,0.0
1307,1000030005969.0,Residential,0.003,0.003,0,87,0.0
1308,1000030006331.0,Residential,0.005,0.009,0,62,0.0
1309,1000030005833.0,Residential,0.003,0.004,0,85,0.0
1310,1000030007390.0,Residential,0.01,0.017,0,65,0.0
1311,1000030005624.0,Residential,0.008,0.02,0,12,0.0
1312,1000030007403.0,Residential,0.004,0.008,0,104,0.0
1313,1000030006246.0,Residential,0.04,0.058,0,64,0.0
1314,1000030006501.0,Residential,0.083,0.213,0,55,0.0
1315,1000030006662.0,Residential,0.012,0.035,0,77,0.0
1316,1000030007190.0,Residential,0.102,0.121,0,6,0.0
1317,1000038608572.0,Residential,0.123,0.283,0,41,0.0
1318,1000030006518.0,Residential,0.01,0.015,0,89,0.0
1319,1000030006324.0,Residential,0.04,0.093,0,10,0.0
1320,1000030006816.0,Residential,0.002,0.003,0,66,0.0
1321,1000030005653.0,Residential,0.017,0.038,0,87,0.0
1322,1000030005658.0,Residential,0.016,0.04,0,81,0.0
1323,1000030006510.0,Residential,0.006,0.009,0,14,0.0
1324,1000030006885.0,Residential,0.003,0.005,0,66,0.0
1325,1000030007088.0,Residential,0.002,0.003,0,15,0.0
1326,1000030007178.0,Residential,0.054,0.114,0,74,0.0
1327,1000030007391.0,Residential,0.015,0.028,0,64,0.0
1328,1000038612274.0,Residential,0.127,0.305,1,42,24624.0
1329,5000005202734464.0,Residential,0.042,0.079,0,24,0.0
1330,1000030005352.0,Residential,0.009,0.019,0,86,0.0
1331,1000030006823.0,Residential,0.002,0.004,0,55,0.0
1332,1000038608556.0,Residential,0.026,0.051,0,47,0.0
1333,1000030006727.0,Residential,0.004,0.006,0,60,0.0
1334,1000030005854.0,Residential,0.018,0.057,0,93,0.0
1335,1000030006862.0,Residential,0.012,0.027,0,82,0.0
1336,1000030007119.0,Residential,0.014,0.023,0,90,0.0
1337,5000005202734234.0,Residential,0.053,0.118,0,21,0.0
1338,5000005202733998.0,Residential,0.015,0.037,0,16,0.0
1339,1000030005770.0,Residential,0.158,0.41,1,76,24624.0
1340,1000030006634.0,Residential,0.005,0.011,0,63,0.0
1341,1000030006954.0,Residential,0.021,0.039,0,134,0.0
1342,1000030005428.0,Residential,0.014,0.026,0,14,0.0
1343,5000005202733843.0,Residential,0.037,0.079,0,13,0.0
1344,5000005202733756.0,Residential,0.011,0.025,0,11,0.0
1345,1000030006309.0,Residential,0.064,0.161,0,54,0.0
1346,1000030006690.0,Residential,0.006,0.013,0,78,0.0
1347,1000030006584.0,Residential,0.002,0.003,0,65,0.0
1348,1000030006619.0,Residential,0.049,0.141,0,56,0.0
1349,1000030006564.0,Residential,0.024,0.052,0,107,0.0
1350,1000030007172.0,Residential,0.032,0.107,0,74,0.0
1351,1000030006045.0,Residential,0.053,0.177,0,89,0.0
1352,1000030007128.0,Residential,0.008,0.019,0,10,0.0
1353,1000002310337851.0,Residential,0.007,0.004,0,65,0.0
1354,5000005202733834.0,Residential,0.005,0.011,0,15,0.0
1355,1000030006944.0,Residential,0.01,0.016,0,78,0.0
1356,1000030006819.0,Residential,0.024,0.094,0,99,0.0
1357,1000030005615.0,Residential,0.007,0.015,0,88,0.0
1358,1000030006803.0,Residential,0.002,0.003,0,76,0.0
1359,5000005207585562.0,Residential,0.076,0.191,0,23,0.0
1360,1000030006193.0,Residential,0.015,0.027,0,11,0.0
1361,1000030006406.0,Residential,0.001,0.002,0,11,0.0
1362,1000030006894.0,Residential,0.063,0.13,0,88,0.0
1363,5000005202733816.0,Residential,0.005,0.007,0,9,0.0
1364,1000030005446.0,Residential,0.071,0.196,0,84,0.0
1365,1000030005613.0,Residential,0.008,0.02,0,85,0.0
1366,1000030005389.0,Residential,0.121,0.121,0,6,0.0
1367,1000030006072.0,Residential,0.102,0.302,1,88,24624.0
1368,1000030006574.0,Residential,0.012,0.033,0,17,0.0
1369,1000030006090.0,Residential,0.012,0.03,0,81,0.0
1370,1000030006746.0,Residential,0.002,0.002,0,11,0.0
1371,1000000060585111.0,Residential,0.009,0.032,0,69,0.0
1372,1000030006522.0,Residential,0.082,0.161,0,22,0.0
1373,1000030006628.0,Residential,0.006,0.014,0,62,0.0
1374,1000030005619.0,Residential,0.017,0.026,0,92,0.0
1375,1000030006826.0,Residential,0.003,0.005,0,55,0.0
1376,1000030006741.0,Residential,0.006,0.01,0,61,0.0
1377,1000030006923.0,Residential,0.01,0.017,0,96,0.0
1378,1000030006656.0,Residential,0.002,0.003,0,75,0.0
1379,1000030006871.0,Residential,0.002,0.003,0,96,0.0
1380,1000030006419.0,Residential,0.007,0.016,0,67,0.0
1381,1000030006360.0,Residential,0.002,0.002,0,19,0.0
1382,1000030007115.0,Residential,0.003,0.003,0,145,0.0
1383,1000030006608.0,Residential,0.024,0.057,0,74,0.0
1384,1000030006956.0,Residential,0.004,0.012,0,81,0.0
1385,1000030006070.0,Residential,0.111,0.293,0,86,0.0
1386,5000005202734454.0,Residential,0.009,0.015,0,17,0.0
1387,1000030006382.0,Residential,0.006,0.012,0,86,0.0
1388,1000030006657.0,Residential,0.056,0.204,0,70,0.0
1389,1000030006426.0,Residential,0.012,0.026,0,65,0.0
1390,1000030005989.0,Residential,0.048,0.129,0,76,0.0
1391,1000030006055.0,Residential,0.031,0.068,0,17,0.0
1392,1000030005686.0,Residential,0.004,0.007,0,94,0.0
1393,1000038608586.0,Residential,0.074,0.159,0,42,0.0
1394,5000005202733724.0,Residential,0.013,0.024,0,13,0.0
1395,1000030006599.0,Residential,0.005,0.009,0,57,0.0
1396,1000030006348.0,Residential,0.011,0.024,0,75,0.0
1397,5000005207585101.0,Residential,0.034,0.051,0,19,0.0
1398,1000030007368.0,Residential,0.01,0.019,0,116,0.0
1399,5000005202733930.0,Residential,0.003,0.006,0,15,0.0
1400,5000005202734130.0,Residential,0.021,0.052,0,8,0.0
1401,1000030006519.0,Residential,0.008,0.018,0,107,0.0
1402,1000030006509.0,Residential,0.005,0.008,0,42,0.0
1403,1000030011605.0,Residential,0.037,0.097,0,65,0.0
1404,1000030006354.0,Residential,0.007,0.015,0,63,0.0
1405,1000030006478.0,Residential,0.101,0.245,0,51,0.0
1406,1000030006636.0,Residential,0.005,0.01,0,66,0.0
1407,1000030005324.0,Residential,0.013,0.041,0,94,0.0
1408,1000030006314.0,Residential,0.017,0.028,0,14,0.0
1409,1000030006462.0,Residential,0.002,0.003,0,82,0.0
1410,1000030006879.0,Residential,0.008,0.019,0,83,0.0
1411,1000030007157.0,Residential,0.023,0.025,0,7,0.0
1412,1000030005957.0,Residential,0.112,0.168,0,87,0.0
1413,1000030006488.0,Residential,0.007,0.011,0,72,0.0
1414,5000005207583203.0,Residential,0.025,0.032,0,21,0.0
1415,1000030005404.0,Residential,0.006,0.016,0,95,0.0
1416,1000030005874.0,Residential,0.002,0.004,0,92,0.0
1417,1000030006692.0,Residential,0.038,0.089,0,17,0.0
1418,1000030007090.0,Residential,0.011,0.022,0,69,0.0
1419,1000030006377.0,Residential,0.002,0.003,0,54,0.0
1420,1000030006376.0,Residential,0.005,0.012,0,103,0.0
1421,1000030006412.0,Residential,0.002,0.003,0,61,0.0
1422,1000030006549.0,Residential,0.002,0.002,0,48,0.0
1423,1000030006822.0,Residential,0.003,0.004,0,56,0.0
1424,1000038612275.0,Residential,0.444,0.565,1,48,24624.0
1425,1000030005580.0,Residential,0.006,0.011,0,12,0.0
1426,5000005202734228.0,Residential,0.003,0.005,0,119,0.0
1427,1000030006809.0,Residential,0.005,0.011,0,57,0.0
1428,1000030006187.0,Residential,0.006,0.016,0,82,0.0
1429,1000030006734.0,Residential,0.005,0.008,0,21,0.0
1430,5000005202734258.0,Residential,0.007,0.014,0,9,0.0
1431,1000030005387.0,Residential,0.039,0.138,0,106,0.0
1432,1000030007186.0,Residential,0.012,0.023,0,113,0.0
1433,1000030005639.0,Residential,0.053,0.126,0,5,0.0
1434,5000005202733607.0,Residential,0.005,0.007,0,19,0.0
1435,1000030006366.0,Residential,0.045,0.168,0,67,0.0
1436,1000030005793.0,Residential,0.052,0.118,0,26,0.0
1437,1000030006357.0,Residential,0.021,0.083,0,115,0.0
1438,1000030006540.0,Residential,0.034,0.066,0,12,0.0
1439,5000005202733640.0,Residential,0.003,0.004,0,9,0.0
1440,5000005202733546.0,Residential,0.217,0.32,1,14,24624.0
1441,1000038612261.0,Residential,0.123,0.257,0,43,0.0
1442,5000005202734288.0,Residential,0.014,0.034,0,26,0.0
1443,1000030006596.0,Residential,0.003,0.005,0,71,0.0
1444,1000030006933.0,Residential,0.089,0.21,0,85,0.0
1445,1000030006544.0,Residential,0.024,0.072,0,100,0.0
1446,1000030006806.0,Residential,0.007,0.015,0,68,0.0
1447,1000030006901.0,Residential,0.002,0.002,0,10,0.0
1448,5000005202734132.0,Residential,0.012,0.026,0,11,0.0
1449,1000030006068.0,Residential,0.077,0.206,0,82,0.0
1450,1000030006448.0,Residential,0.004,0.006,0,80,0.0
1451,5000005202734212.0,Residential,0.012,0.022,0,18,0.0
1452,1000030005337.0,Residential,0.003,0.004,0,88,0.0
1453,1000030005804.0,Residential,0.004,0.006,0,85,0.0
1454,1000030005976.0,Residential,0.016,0.036,0,72,0.0
1455,5000005202733733.0,Residential,0.008,0.013,0,14,0.0
1456,1000030005340.0,Residential,0.019,0.04,0,30,0.0
1457,1000030006873.0,Residential,0.003,0.006,0,91,0.0
1458,1000030007166.0,Residential,0.015,0.051,0,86,0.0
1459,1000030006851.0,Residential,0.061,0.135,0,84,0.0
1460,1000030005965.0,Residential,0.131,0.299,0,96,0.0
1461,1000030005968.0,Residential,0.002,0.002,0,85,0.0
1462,1000030005858.0,Residential,0.005,0.011,0,84,0.0
1463,1000030006811.0,Residential,0.005,0.01,0,59,0.0
1464,1000030011613.0,Residential,0.013,0.031,0,39,0.0
1465,5000005202734358.0,Residential,0.004,0.007,0,10,0.0
1466,1000030006452.0,Residential,0.033,0.088,0,50,0.0
1467,1000030006805.0,Residential,0.006,0.011,0,50,0.0
1468,1000030005346.0,Residential,0.002,0.003,0,86,0.0
1469,1000030005484.0,Residential,0.016,0.041,0,82,0.0
1470,1000030005489.0,Residential,0.015,0.036,0,86,0.0
1471,1000030006427.0,Residential,0.014,0.024,0,50,0.0
1472,1000030006367.0,Residential,0.023,0.039,0,11,0.0
1473,1000030007170.0,Residential,0.016,0.036,0,112,0.0
1474,1000030006868.0,Residential,0.074,0.187,0,70,0.0
1475,1000030005476.0,Residential,0.016,0.028,0,61,0.0
1476,1000030006028.0,Residential,0.009,0.022,0,83,0.0
1477,1000002310347519.0,Residential,0.026,0.053,0,91,0.0
1478,1000030006598.0,Residential,0.002,0.003,0,67,0.0
1479,1000030005585.0,Residential,0.014,0.023,0,39,0.0
1480,1000030006838.0,Residential,0.004,0.008,0,62,0.0
1481,1000030006947.0,Residential,0.007,0.015,0,59,0.0
1482,1000030005291.0,Residential,0.005,0.011,0,19,0.0
1483,1000030005966.0,Residential,0.008,0.021,0,12,0.0
1484,1000030006667.0,Residential,0.006,0.013,0,89,0.0
1485,1000030006813.0,Residential,0.004,0.005,0,59,0.0
1486,1000030006880.0,Residential,0.053,0.125,0,107,0.0
1487,5000005207585555.0,Residential,0.021,0.05,0,21,0.0
1488,1000030005812.0,Residential,0.11,0.236,0,85,0.0
1489,5000005202734172.0,Residential,0.434,0.528,1,6,24624.0
1490,1000030006530.0,Residential,0.007,0.018,0,97,0.0
1491,1000030006686.0,Residential,0.01,0.021,0,112,0.0
1492,1000030005865.0,Residential,0.006,0.017,0,81,0.0
1493,1000030006566.0,Residential,0.005,0.01,0,48,0.0
1494,1000030006310.0,Residential,0.029,0.039,0,13,0.0
1495,1000030006455.0,Residential,0.015,0.041,0,65,0.0
1496,1000030006611.0,Residential,0.018,0.037,0,69,0.0
1497,1000030007135.0,Residential,0.02,0.042,0,83,0.0
1498,1000030005342.0,Residential,0.012,0.03,0,63,0.0
1499,1000030006485.0,Residential,0.019,0.053,0,13,0.0
1500,1000030006520.0,Residential,0.079,0.167,0,100,0.0
1501,1000030005794.0,Residential,0.003,0.006,0,81,0.0
1502,1000030006775.0,Residential,,,,12,52632.0
1503,1000030007169.0,Residential,0.011,0.027,0,107,0.0
1504,1000030006877.0,Residential,0.075,0.198,0,79,0.0
1505,1000030005425.0,Residential,0.014,0.032,0,17,0.0
1506,1000030005821.0,Residential,0.008,0.02,0,81,0.0
1507,1000030006166.0,Residential,0.014,0.018,0,14,0.0
1508,1000030007114.0,Residential,0.002,0.003,0,9,0.0
1509,1000030007153.0,Residential,0.011,0.023,0,51,0.0
1510,1000030005954.0,Residential,0.021,0.052,0,83,0.0
1511,1000030006847.0,Residential,0.021,0.056,0,111,0.0
1512,1000030005956.0,Residential,0.019,0.047,0,74,0.0
1513,1000030005984.0,Residential,0.028,0.084,0,102,0.0
1514,1000030005801.0,Residential,0.042,0.115,0,98,0.0
1515,1000030006506.0,Residential,0.002,0.003,0,92,0.0
1516,1000030011604.0,Residential,0.029,0.075,0,63,0.0
1517,1000030006103.0,Residential,0.297,0.54,1,62,24624.0
1518,1000030005632.0,Residential,0.028,0.034,0,18,0.0
1519,1000030005560.0,Residential,0.003,0.003,0,60,0.0
1520,1000002310351829.0,Residential,0.003,0.004,0,81,0.0
1521,1000030007413.0,Residential,0.002,0.003,0,74,0.0
1522,1000030005610.0,Residential,0.005,0.01,0,83,0.0
1523,1000030006030.0,Residential,0.002,0.004,0,91,0.0
1524,1000030006874.0,Residential,0.002,0.003,0,102,0.0
1525,1000030006507.0,Residential,0.004,0.008,0,50,0.0
1526,5000005207583322.0,Residential,0.026,0.032,0,14,0.0
1527,1000030005626.0,Residential,0.007,0.016,0,102,0.0
1528,5000005239319487.0,Residential,0.005,0.008,0,17,0.0
1529,1000030006240.0,Residential,0.136,0.272,0,52,0.0
1530,1000030006614.0,Residential,0.01,0.016,0,56,0.0
1531,1000030005456.0,Residential,0.107,0.372,1,82,24624.0
1532,1000030006486.0,Residential,0.017,0.038,0,54,0.0
1533,1000030011233.0,Residential,0.046,0.08,0,7,0.0
1534,1000030006800.0,Residential,0.002,0.003,0,48,0.0
1535,5000005202734589.0,Residential,0.076,0.183,0,9,0.0
1536,1000030005289.0,Residential,0.007,0.016,0,53,0.0
1537,1000030006080.0,Residential,0.018,0.031,0,13,0.0
1538,1000030005890.0,Residential,0.002,0.002,0,67,0.0
1539,1000030006658.0,Residential,0.076,0.197,0,122,0.0
1540,1000030005960.0,Residential,0.003,0.006,0,76,0.0
1541,1000030006677.0,Residential,0.02,0.053,0,8,0.0
1542,1000030006346.0,Residential,0.159,0.364,1,70,24624.0
1543,1000030006610.0,Residential,0.024,0.05,0,14,0.0
1544,5000005207585631.0,Residential,0.014,0.021,0,30,0.0
1545,1000030006048.0,Residential,0.027,0.05,0,87,0.0
1546,1000030007126.0,Residential,0.057,0.161,0,107,0.0
1547,1000030006646.0,Residential,0.016,0.038,0,85,0.0
1548,1000030006481.0,Residential,0.012,0.022,0,74,0.0
1549,1000030006582.0,Residential,0.003,0.004,0,52,0.0
1550,1000030006604.0,Residential,0.005,0.012,0,57,0.0
1551,1000030005824.0,Residential,0.016,0.042,0,101,0.0
1552,1000030007396.0,Residential,0.015,0.032,0,122,0.0
1553,1000030006165.0,Residential,0.015,0.038,0,82,0.0
1554,1000030010963.0,Residential,0.028,0.065,0,69,0.0
1555,5000005207585662.0,Residential,0.009,0.02,0,90,0.0
1556,1000030005618.0,Residential,0.012,0.022,0,70,0.0
1557,1000030006505.0,Residential,0.004,0.008,0,37,0.0
1558,5000005202734475.0,Residential,0.003,0.004,0,9,0.0
1559,1000030006088.0,Residential,0.008,0.018,0,84,0.0
1560,1000030005979.0,Residential,0.118,0.229,0,91,0.0
1561,1000030006730.0,Residential,0.007,0.013,0,83,0.0
1562,1000030011619.0,Residential,0.039,0.113,0,54,0.0
1563,1000030006953.0,Residential,0.01,0.016,0,10,0.0
1564,1000030005371.0,Residential,0.006,0.011,0,4,0.0
1565,1000030005967.0,Residential,0.027,0.118,0,82,0.0
1566,1000030006671.0,Residential,0.005,0.004,0,112,0.0
1567,5000005202734107.0,Residential,0.012,0.032,0,174,0.0
1568,5000005239319483.0,Residential,0.072,0.176,0,9,0.0
1569,1000030006069.0,Residential,0.073,0.206,0,3,0.0
1570,1000030006463.0,Residential,0.002,0.003,0,67,0.0
1571,1000030006484.0,Residential,0.013,0.033,0,56,0.0
1572,1000030006691.0,Residential,0.023,0.062,0,61,0.0
1573,5000005202734641.0,Residential,0.004,0.006,0,13,0.0
1574,5000005202733589.0,Residential,0.012,0.023,0,33,0.0
1575,1000030006009.0,Residential,0.013,0.032,0,85,0.0
1576,1000030006622.0,Residential,0.035,0.101,0,60,0.0
1577,5000005239321137.0,Residential,0.002,0.002,0,2,0.0
1578,1000030005669.0,Residential,0.016,0.042,0,7,0.0
1579,1000030005972.0,Residential,0.002,0.004,0,77,0.0
1580,1000030006233.0,Residential,0.026,0.043,0,56,0.0
1581,1000030006721.0,Residential,0.002,0.002,0,102,0.0
1582,1000030006624.0,Residential,0.006,0.013,0,59,0.0
1583,1000030006202.0,Residential,0.079,0.215,0,65,0.0
1584,1000030007168.0,Residential,0.015,0.022,0,105,0.0
1585,1000030006668.0,Residential,0.007,0.018,0,93,0.0
1586,1000030006313.0,Residential,0.011,0.018,0,68,0.0
1587,1000030006643.0,Residential,0.008,0.018,0,70,0.0
1588,1000030005569.0,Residential,0.006,0.015,0,65,0.0
1589,1000030006927.0,Residential,0.005,0.005,0,8,0.0
1590,1000030006627.0,Residential,0.006,0.013,0,58,0.0
1591,1000030006946.0,Residential,0.003,0.005,0,48,0.0
1592,1000030005665.0,Residential,0.018,0.029,0,69,0.0
1593,1000030006702.0,Residential,0.034,0.08,0,7,0.0
1594,1000030006728.0,Residential,0.013,0.048,0,76,0.0
1595,1000030006950.0,Residential,0.006,0.012,0,16,0.0
1596,1000030006487.0,Residential,0.012,0.018,0,95,0.0
1597,1000038608582.0,Residential,0.058,0.113,0,48,0.0
1598,1000030006799.0,Residential,0.01,0.018,0,70,0.0
1599,1000030006583.0,Residential,0.002,0.003,0,79,0.0
1600,1000030006099.0,Residential,0.27,0.415,1,62,24624.0
1601,5000005202734226.0,Residential,0.007,0.018,0,12,0.0
1602,1000030006568.0,Residential,0.005,0.012,0,76,0.0
1603,1000030006685.0,Residential,0.007,0.014,0,97,0.0
1604,1000030006491.0,Residential,0.022,0.054,0,71,0.0
1605,1000030005414.0,Residential,0.007,0.013,0,119,0.0
1606,1000030006941.0,Residential,0.007,0.008,0,10,0.0
1607,1000030005884.0,Residential,0.003,0.004,0,78,0.0
1608,1000030006436.0,Residential,0.003,0.005,0,10,0.0
1609,1000030007167.0,Residential,0.068,0.136,0,77,0.0
1610,1000030005970.0,Residential,0.003,0.003,0,83,0.0
1611,1000030007407.0,Residential,0.004,0.007,0,84,0.0
1612,1000030005331.0,Residential,0.004,0.008,0,89,0.0
1613,1000030007161.0,Residential,0.007,0.015,0,25,0.0
1614,1000030007162.0,Residential,0.014,0.034,0,24,0.0
1615,1000038608578.0,Residential,0.086,0.207,0,41,0.0
1616,1000030006327.0,Residential,0.002,0.003,0,47,0.0
1617,1000030006694.0,Residential,0.036,0.094,0,102,0.0
1618,1000030006496.0,Residential,0.027,0.068,0,55,0.0
1619,1000030007393.0,Residential,0.005,0.01,0,62,0.0
1620,5000005239319448.0,Residential,0.036,0.054,0,4,0.0
1621,5000005239319454.0,Residential,0.015,0.021,0,11,0.0
1622,1000030005600.0,Residential,0.011,0.024,0,81,0.0
1623,1000030006653.0,Residential,0.021,0.06,0,84,0.0
1624,1000030006825.0,Residential,0.002,0.003,0,55,0.0
1625,1000002310337852.0,Residential,0.004,0.008,0,46,0.0
1626,1000030006379.0,Residential,0.06,0.161,0,72,0.0
1627,1000030006917.0,Residential,0.008,0.02,0,19,0.0
1628,1000030005562.0,Residential,0.011,0.022,0,65,0.0
1629,1000030006585.0,Residential,0.002,0.004,0,65,0.0
1630,1000030005776.0,Residential,0.024,0.06,0,75,0.0
1631,1000030006049.0,Residential,0.069,0.217,0,89,0.0
1632,1000030011610.0,Residential,0.026,0.067,0,41,0.0
1633,1000030005631.0,Residential,0.011,0.028,0,98,0.0
1634,1000030006651.0,Residential,0.018,0.047,0,77,0.0
1635,1000030007091.0,Residential,0.091,0.191,0,12,0.0
1636,1000030005310.0,Residential,0.019,0.044,0,74,0.0
1637,1000030005323.0,Residential,0.008,0.018,0,19,0.0
1638,1000030005795.0,Residential,0.01,0.024,0,85,0.0
1639,1000030005797.0,Residential,0.009,0.025,0,86,0.0
1640,1000030006100.0,Residential,0.308,0.44,1,64,24624.0
1641,1000030006928.0,Residential,0.103,0.314,1,58,24624.0
1642,5000005202734531.0,Residential,0.008,0.022,0,14,0.0
1643,1000030006370.0,Residential,0.005,0.007,0,67,0.0
1644,1000030010875.0,Residential,0.012,0.032,0,73,0.0
1645,1000030005464.0,Residential,0.016,0.03,0,65,0.0
1646,1000030006717.0,Residential,0.013,0.03,0,69,0.0
1647,1000030007074.0,Residential,0.002,0.003,0,100,0.0
1648,1000030006640.0,Residential,0.005,0.007,0,71,0.0
1649,1000030006709.0,Residential,0.019,0.046,0,84,0.0
1650,1000030006963.0,Residential,0.042,0.117,0,76,0.0
1651,1000030006590.0,Residential,0.007,0.016,0,58,0.0
1652,1000030006968.0,Residential,0.143,0.363,1,77,24624.0
1653,1000030006517.0,Residential,0.03,0.089,0,76,0.0
1654,5000005207583621.0,Residential,0.022,0.033,0,16,0.0
1655,1000030006082.0,Residential,0.026,0.044,0,86,0.0
1656,1000030006594.0,Residential,0.013,0.036,0,45,0.0
1657,1000030005370.0,Residential,0.007,0.01,0,5,0.0
1658,1000030005573.0,Residential,0.014,0.03,0,64,0.0
1659,1000030006064.0,Residential,0.043,0.124,0,86,0.0
1660,1000030006207.0,Residential,0.029,0.059,0,70,0.0
1661,1000030011615.0,Residential,0.011,0.023,0,50,0.0
1662,5000005202734321.0,Residential,0.002,0.003,0,25,0.0
1663,1000030006511.0,Residential,0.006,0.009,0,42,0.0
1664,1000030006244.0,Residential,0.138,0.286,0,77,0.0
1665,1000030006857.0,Residential,0.001,0.002,0,67,0.0
1666,1000030005863.0,Residential,0.006,0.014,0,83,0.0
1667,1000030006731.0,Residential,0.003,0.003,0,4,0.0
1668,1000030006802.0,Residential,0.002,0.003,0,43,0.0
1669,1000030005455.0,Residential,0.066,0.156,0,4,0.0
1670,1000030006934.0,Residential,0.014,0.052,0,21,0.0
1671,1000030011609.0,Residential,0.03,0.082,0,37,0.0
1672,1000030007182.0,Residential,0.023,0.059,0,97,0.0
1673,1000030006411.0,Residential,0.002,0.003,0,45,0.0
1674,5000005202734388.0,Residential,0.005,0.011,0,12,0.0
1675,5000005202733570.0,Residential,0.007,0.018,0,16,0.0
1676,5000005202734013.0,Residential,0.003,0.005,0,8,0.0
1677,1000030006592.0,Residential,0.005,0.007,0,62,0.0
1678,1000030006465.0,Residential,0.026,0.066,0,73,0.0
1679,1000030005668.0,Residential,0.014,0.03,0,47,0.0
1680,1000038608588.0,Residential,0.065,0.152,0,8,0.0
1681,1000002310347615.0,Residential,0.014,0.023,0,59,0.0
1682,1000030006453.0,Residential,0.031,0.092,0,67,0.0
1683,1000030005376.0,Residential,0.261,0.683,1,107,27210.0
1684,1000030006681.0,Residential,0.003,0.008,0,56,0.0
1685,1000030007175.0,Residential,0.057,0.149,0,77,0.0
1686,1000030005284.0,Residential,0.05,0.12,0,56,0.0
1687,1000030005326.0,Residential,0.009,0.017,0,86,0.0
1688,5000005202734476.0,Residential,0.048,0.097,0,52,0.0
1689,1000030005682.0,Residential,0.004,0.005,0,44,0.0
1690,1000030006767.0,Residential,0.006,0.012,0,74,0.0
1691,1000030007411.0,Residential,0.004,0.008,0,85,0.0
1692,1000030006074.0,Residential,0.105,0.238,0,82,0.0
1693,1000030007076.0,Residential,0.002,0.002,0,74,0.0
1694,1000030011601.0,Residential,0.03,0.063,0,66,0.0
1695,1000030006178.0,Residential,0.028,0.043,0,97,0.0
1696,1000030005328.0,Residential,0.004,0.008,0,13,0.0
1697,1000030005643.0,Residential,0.05,0.134,0,83,0.0
1698,1000030005772.0,Residential,0.031,0.088,0,75,0.0
1699,1000030006965.0,Residential,0.116,0.264,0,83,0.0
1700,1000030005803.0,Residential,0.031,0.089,0,103,0.0
1701,5000005239319466.0,Residential,0.007,0.013,0,34,0.0
1702,1000030006891.0,Residential,0.002,0.002,0,62,0.0
1703,1000030005771.0,Residential,0.434,0.528,1,5,24624.0
1704,1000002310337864.0,Residential,0.003,0.004,0,56,0.0
1705,1000030006949.0,Residential,0.015,0.038,0,50,0.0
1706,1000030006699.0,Residential,0.035,0.102,0,34,0.0
1707,1000030006914.0,Residential,0.003,0.006,0,16,0.0
1708,5000005202734481.0,Residential,0.066,0.068,0,12,0.0
1709,5000005202733802.0,Residential,0.005,0.01,0,17,0.0
1710,1000030005565.0,Residential,0.024,0.051,0,27,0.0
1711,1000030006774.0,Residential,0.027,0.04,0,66,0.0
1712,1000030005477.0,Residential,0.017,0.028,0,67,0.0
1713,1000030005623.0,Residential,0.002,0.003,0,85,0.0
1714,1000030005649.0,Residential,0.037,0.046,0,73,0.0
1715,1000030005353.0,Residential,0.002,0.003,0,85,0.0
1716,1000030006320.0,Residential,0.002,0.003,0,12,0.0
1717,5000005207583809.0,Residential,0.01,0.023,0,15,0.0
1718,1000030006195.0,Residential,0.009,0.02,0,84,0.0
1719,1000030006194.0,Residential,0.007,0.026,0,90,0.0
1720,1000030005350.0,Residential,0.003,0.005,0,91,0.0
1721,1000030005838.0,Residential,0.008,0.019,0,92,0.0
1722,1000030007151.0,Residential,0.07,0.167,0,13,0.0
1723,5000005202733652.0,Residential,0.017,0.027,0,21,0.0
1724,1000030006907.0,Residential,0.003,0.005,0,50,0.0
1725,1000030006318.0,Residential,0.003,0.005,0,87,0.0
1726,1000030006443.0,Residential,0.021,0.037,0,96,0.0
1727,1000030005593.0,Residential,0.018,0.028,0,14,0.0
1728,1000030005843.0,Residential,0.012,0.029,0,49,0.0
1729,1000030006887.0,Residential,0.002,0.003,0,59,0.0
1730,1000030011614.0,Residential,0.01,0.022,0,44,0.0
1731,1000030006053.0,Residential,0.029,0.064,0,85,0.0
1732,1000030007035.0,Residential,0.056,0.17,0,81,0.0
1733,1000030006915.0,Residential,0.007,0.014,0,97,0.0
1734,1000030006434.0,Residential,0.092,0.297,0,83,0.0
1735,1000030006524.0,Residential,0.005,0.012,0,72,0.0
1736,1000030006339.0,Residential,0.016,0.037,0,82,0.0
1737,1000030006812.0,Residential,0.005,0.013,0,58,0.0
1738,5000005202733669.0,Residential,0.005,0.007,0,8,0.0
1739,1000030006595.0,Residential,0.011,0.032,0,58,0.0
1740,1000030006895.0,Residential,0.019,0.058,0,48,0.0
1741,5000005202733668.0,Residential,0.056,0.095,0,6,0.0
1742,1000030005604.0,Residential,0.031,0.117,0,98,0.0
1743,1000038608576.0,Residential,0.062,0.142,0,43,0.0
1744,1000030005487.0,Residential,0.015,0.036,0,78,0.0
1745,1000030006886.0,Residential,0.003,0.006,0,11,0.0
1746,1000030006328.0,Residential,0.021,0.058,0,70,0.0
1747,1000030006177.0,Residential,0.014,0.043,0,95,0.0
1748,1000030005400.0,Residential,0.01,0.023,0,97,0.0
1749,1000030006460.0,Residential,0.084,0.222,0,70,0.0
1750,1000030006735.0,Residential,0.044,0.132,0,96,0.0
1751,1000030006833.0,Residential,0.002,0.003,0,53,0.0
1752,5000005202734222.0,Residential,0.006,0.013,0,16,0.0
1753,1000030006853.0,Residential,0.039,0.094,0,92,0.0
1754,1000030006575.0,Residential,0.029,0.061,0,15,0.0
1755,1000030007197.0,Residential,0.012,0.03,0,106,0.0
1756,1000030006810.0,Residential,0.007,0.016,0,8,0.0
1757,1000030006512.0,Residential,0.003,0.007,0,68,0.0
1758,5000005239325167.0,Residential,0.034,0.074,0,17,0.0
1759,1000030011602.0,Residential,0.035,0.037,0,95,0.0
1760,1000030006552.0,Residential,0.002,0.003,0,47,0.0
1761,1000030006029.0,Residential,0.008,0.016,0,90,0.0
1762,5000005202734328.0,Residential,0.002,0.002,0,3,0.0
1763,5000005202734248.0,Residential,0.01,0.02,0,29,0.0
1764,1000030006818.0,Residential,0.007,0.012,0,103,0.0
1765,1000030006500.0,Residential,0.082,0.239,0,57,0.0
1766,1000030006708.0,Residential,0.003,0.006,0,71,0.0
1767,1000030005287.0,Residential,0.022,0.062,0,42,0.0
1768,1000038608562.0,Residential,0.061,0.15,0,44,0.0
1769,1000030006515.0,Residential,0.014,0.038,0,74,0.0
1770,1000030006000.0,Residential,0.05,0.097,0,83,0.0
1771,1000030005595.0,Residential,0.013,0.025,0,86,0.0
1772,1000030006192.0,Residential,0.005,0.012,0,80,0.0
1773,1000030005994.0,Residential,0.068,0.11,0,83,0.0
1774,1000030005791.0,Residential,0.005,0.011,0,83,0.0
1775,5000005202734148.0,Residential,0.016,0.024,0,31,0.0
1776,5000005202734270.0,Residential,0.021,0.049,0,98,0.0
1777,1000030006569.0,Residential,0.011,0.022,0,73,0.0
1778,1000030006943.0,Residential,0.005,0.007,0,57,0.0
1779,1000030006476.0,Residential,0.072,0.18,0,55,0.0
1780,1000030005418.0,Residential,0.003,0.004,0,94,0.0
1781,5000005239319458.0,Residential,0.012,0.035,0,135,0.0
1782,1000030006725.0,Residential,0.005,0.006,0,9,0.0
1783,1000030006913.0,Residential,0.008,0.019,0,60,0.0
1784,5000005207583764.0,Residential,0.018,0.028,0,16,0.0
1785,1000030005442.0,Residential,0.032,0.09,0,85,0.0
1786,1000030005997.0,Residential,0.071,0.112,0,9,0.0
1787,1000030006817.0,Residential,0.009,0.021,0,54,0.0
1788,5000005202734602.0,Residential,0.082,0.26,0,190,0.0
1789,1000030006807.0,Residential,0.008,0.019,0,70,0.0
1790,1000030006305.0,Residential,0.13,0.335,1,68,24624.0
1791,1000030007112.0,Residential,0.004,0.01,0,75,0.0
1792,1000030006836.0,Residential,0.005,0.014,0,56,0.0
1793,1000038608546.0,Residential,0.575,0.637,1,50,27210.0
1794,1000030006845.0,Residential,0.035,0.1,0,79,0.0
1795,1000030005427.0,Residential,0.012,0.03,0,99,0.0
1796,1000030007404.0,Residential,0.004,0.005,0,102,0.0
1797,1000030007079.0,Residential,0.002,0.003,0,47,0.0
1798,1000038608560.0,Residential,0.018,0.049,0,40,0.0
1799,5000005202733693.0,Residential,0.002,0.003,0,10,0.0
1800,1000030007134.0,Residential,0.018,0.037,0,63,0.0
1801,1000030006451.0,Residential,0.006,0.013,0,14,0.0
1802,1000030005448.0,Residential,0.061,0.184,0,91,0.0
1803,1000030006337.0,Residential,0.003,0.005,0,47,0.0
1804,1000030006556.0,Residential,0.007,0.02,0,45,0.0
1805,5000005202734275.0,Residential,0.002,0.002,0,9,0.0
1806,1000030006921.0,Residential,0.002,0.004,0,78,0.0
1807,1000030007173.0,Residential,0.025,0.079,0,83,0.0
1808,1000030006603.0,Residential,0.002,0.003,0,49,0.0
1809,1000030006514.0,Residential,0.026,0.066,0,39,0.0
1810,5000005202733793.0,Residential,0.089,0.178,0,13,0.0
1811,1000002310337854.0,Residential,0.003,0.004,0,62,0.0
1812,1000030006205.0,Residential,0.026,0.051,0,96,0.0
1813,1000030006497.0,Residential,0.016,0.029,0,51,0.0
1814,1000030007159.0,Residential,0.022,0.024,0,5,0.0
1815,1000030006850.0,Residential,0.065,0.16,0,117,0.0
1816,1000030006498.0,Residential,0.031,0.085,0,93,0.0
1817,1000030006742.0,Residential,0.007,0.015,0,59,0.0
1818,1000030005375.0,Residential,0.154,0.498,1,100,24624.0
1819,5000005202733720.0,Residential,0.002,0.002,0,15,0.0
1820,1000030006347.0,Residential,0.073,0.215,0,63,0.0
1821,5000005207584916.0,Residential,0.027,0.033,0,17,0.0
1822,1000030005460.0,Residential,0.022,0.034,0,74,0.0
1823,5000005202733710.0,Residential,0.004,0.006,0,19,0.0
1824,1000030005421.0,Residential,0.006,0.018,0,93,0.0
1825,1000030005345.0,Residential,0.003,0.003,0,88,0.0
1826,1000030007163.0,Residential,0.006,0.01,0,12,0.0
1827,5000005202733609.0,Residential,0.002,0.003,0,4,0.0
1828,5000005202734138.0,Residential,0.012,0.026,0,15,0.0
1829,1000030005356.0,Residential,0.003,0.004,0,89,0.0
1830,1000030005879.0,Residential,0.003,0.006,0,83,0.0
1831,1000030005605.0,Residential,0.002,0.004,0,80,0.0
1832,1000030005611.0,Residential,0.058,0.124,0,9,0.0
1833,5000005202734393.0,Residential,0.016,0.025,0,12,0.0
1834,1000030006416.0,Residential,0.007,0.018,0,62,0.0
1835,1000030006078.0,Residential,0.071,0.198,0,85,0.0
1836,1000030007089.0,Residential,0.019,0.054,0,60,0.0
1837,1000030006718.0,Residential,0.005,0.009,0,107,0.0
1838,1000030006445.0,Residential,0.019,0.045,0,88,0.0
1839,1000030006306.0,Residential,0.112,0.234,0,64,0.0
1840,1000030006834.0,Residential,0.005,0.016,0,72,0.0
1841,1000030005393.0,Residential,0.07,0.22,0,120,0.0
1842,1000030005635.0,Residential,0.015,0.029,0,107,0.0
1843,1000030006093.0,Residential,0.026,0.073,0,59,0.0
1844,1000030006474.0,Residential,0.082,0.168,0,66,0.0
1845,1000030005982.0,Residential,0.01,0.023,0,86,0.0
1846,1000030005690.0,Residential,0.002,0.003,0,90,0.0
1847,1000030005867.0,Residential,0.013,0.034,0,75,0.0
1848,1000030007387.0,Residential,0.029,0.065,0,78,0.0
1849,1000030006380.0,Residential,0.014,0.035,0,54,0.0
1850,1000030006602.0,Residential,0.003,0.005,0,86,0.0
1851,1000030005789.0,Residential,0.057,0.133,0,14,0.0
1852,1000030005964.0,Residential,0.126,0.293,0,78,0.0
1853,1000030006588.0,Residential,0.008,0.021,0,86,0.0
1854,1000030006208.0,Residential,0.027,0.064,0,71,0.0
1855,1000030006321.0,Residential,0.158,0.314,1,68,24624.0
1856,1000030007451.0,Residential,0.004,0.005,0,15,0.0
1857,5000005202734108.0,Residential,0.008,0.021,0,120,0.0
1858,1000030005647.0,Residential,0.074,0.204,0,65,0.0
1859,5000005239325164.0,Residential,0.003,0.003,0,2,0.0
1860,1000030006369.0,Residential,0.006,0.012,0,46,0.0
1861,5000005202734563.0,Residential,0.004,0.006,0,18,0.0
1862,5000005202734218.0,Residential,0.049,0.111,0,8,0.0
1863,1000030006861.0,Residential,0.003,0.005,0,114,0.0
1864,1000030006846.0,Residential,0.011,0.031,0,92,0.0
1865,5000005239319470.0,Residential,0.052,0.184,0,32,0.0
1866,1000030006052.0,Residential,0.07,0.217,0,87,0.0
1867,1000030006630.0,Residential,0.006,0.011,0,77,0.0
1868,1000030006315.0,Residential,0.007,0.014,0,47,0.0
1869,1000030006605.0,Residential,0.006,0.013,0,72,0.0
1870,1000030005978.0,Residential,0.019,0.044,0,75,0.0
1871,1000030007111.0,Residential,0.006,0.012,0,15,0.0
1872,1000030006424.0,Residential,0.005,0.013,0,63,0.0
1873,1000038608554.0,Residential,0.017,0.037,0,41,0.0
1874,1000030007113.0,Residential,0.002,0.004,0,50,0.0
1875,1000030006661.0,Residential,0.013,0.024,0,11,0.0
1876,1000030005981.0,Residential,0.055,0.145,0,83,0.0
1877,1000030007117.0,Residential,0.015,0.056,0,118,0.0
1878,1000030006215.0,Residential,0.007,0.016,0,74,0.0
1879,1000030005887.0,Residential,0.002,0.004,0,79,0.0
1880,1000030006188.0,Residential,0.004,0.008,0,84,0.0
1881,1000030006904.0,Residential,0.014,0.031,0,94,0.0
1882,1000030005672.0,Residential,0.003,0.003,0,95,0.0
1883,1000030006457.0,Residential,0.047,0.112,0,12,0.0
1884,1000030005372.0,Residential,0.004,0.006,0,15,0.0
1885,5000005202734554.0,Residential,0.012,0.029,0,16,0.0
1886,5000005202734586.0,Residential,0.01,0.023,0,15,0.0
1887,1000030006830.0,Residential,0.006,0.01,0,78,0.0
1888,1000030006542.0,Residential,0.01,0.02,0,24,0.0
1889,1000030006601.0,Residential,0.014,0.034,0,84,0.0
1890,1000030006875.0,Residential,0.004,0.009,0,125,0.0
1891,1000030006343.0,Residential,0.008,0.012,0,15,0.0
1892,1000030006706.0,Residential,0.002,0.002,0,8,0.0
1893,1000002310337844.0,Residential,0.003,0.004,0,57,0.0
1894,1000030005963.0,Residential,0.034,0.098,0,20,0.0
1895,1000030007123.0,Residential,0.019,0.05,0,72,0.0
1896,1000030006663.0,Residential,0.004,0.008,0,81,0.0
1897,1000030006572.0,Residential,0.007,0.015,0,75,0.0
1898,1000030006098.0,Residential,0.165,0.37,1,59,24624.0
1899,1000002310337865.0,Residential,0.007,0.005,0,78,0.0
1900,5000005202733727.0,Residential,0.019,0.052,0,16,0.0
1901,5000005127885013.0,Residential,0.024,0.047,0,47,0.0
1902,1000030006012.0,Residential,0.007,0.013,0,85,0.0
1903,1000030005958.0,Residential,0.005,0.004,0,115,0.0
1904,1000030007152.0,Residential,0.003,0.005,0,45,0.0
1905,5000005202734427.0,Residential,0.002,0.002,0,11,0.0
1906,1000030006644.0,Residential,0.006,0.013,0,64,0.0
1907,5000005202733574.0,Residential,0.009,0.023,0,18,0.0
1908,1000030006473.0,Residential,0.071,0.169,0,66,0.0
1909,1000030005985.0,Residential,0.1,0.231,0,73,0.0
1910,1000030005373.0,Residential,0.004,0.005,0,4,0.0
1911,5000005202734101.0,Residential,0.023,0.07,0,17,0.0
1912,1000030006888.0,Residential,0.003,0.004,0,102,0.0
1913,5000005239319476.0,Residential,0.006,0.014,0,11,0.0
1914,1000030005955.0,Residential,0.009,0.023,0,4,0.0
1915,1000030007179.0,Residential,0.058,0.129,0,74,0.0
1916,1000038608566.0,Residential,0.154,0.3,1,43,20497.0
1917,5000005202733988.0,Residential,0.003,0.005,0,24,0.0
1918,5000005202734548.0,Residential,0.019,0.032,0,14,0.0
1919,1000030007127.0,Residential,0.002,0.004,0,70,0.0
1920,1000030005307.0,Residential,0.011,0.03,0,77,0.0
1921,1000030005777.0,Residential,0.051,0.112,0,4,0.0
1922,1000030006563.0,Residential,0.023,0.036,0,54,0.0
1923,1000030011606.0,Residential,0.015,0.034,0,50,0.0
1924,1000030005820.0,Residential,0.015,0.035,0,99,0.0
1925,1000030006597.0,Residential,0.003,0.005,0,44,0.0
1926,1000030006659.0,Residential,0.003,0.005,0,92,0.0
1927,1000030006703.0,Residential,0.028,0.073,0,8,0.0
1928,5000005202734224.0,Residential,0.002,0.003,0,9,0.0
1929,1000030005357.0,Residential,0.003,0.005,0,66,0.0
1930,1000030005462.0,Residential,0.016,0.031,0,71,0.0
1931,1000030005398.0,Residential,0.021,0.064,0,87,0.0
1932,1000002310337845.0,Residential,0.002,0.005,0,73,0.0
1933,1000030005581.0,Residential,0.008,0.012,0,4,0.0
1934,5000005202733713.0,Residential,0.004,0.004,0,11,0.0
1935,1000030006870.0,Residential,0.008,0.023,0,104,0.0
1936,1000030006869.0,Residential,0.068,0.198,0,102,0.0
1937,1000030006555.0,Residential,0.008,0.02,0,47,0.0
1938,5000005202734019.0,Residential,0.003,0.004,0,23,0.0
1939,5000005202733779.0,Residential,0.043,0.097,0,18,0.0
1940,1000030006365.0,Residential,0.076,0.175,0,71,0.0
1941,1000030006014.0,Residential,0.016,0.023,0,16,0.0
1942,1000030006446.0,Residential,0.004,0.007,0,55,0.0
1943,1000030006908.0,Residential,0.022,0.061,0,20,0.0
1944,1000030006001.0,Residential,0.033,0.072,0,9,0.0
1945,1000030006239.0,Residential,0.138,0.397,1,55,24624.0
1946,1000030006635.0,Residential,0.027,0.079,0,13,0.0
1947,1000030006016.0,Residential,0.022,0.037,0,91,0.0
1948,1000030007136.0,Residential,0.019,0.039,0,21,0.0
1949,1000030006042.0,Residential,0.173,0.506,1,83,24624.0
1950,1000038612292.0,Residential,0.028,0.062,0,41,0.0
1951,1000030005825.0,Residential,0.008,0.02,0,87,0.0
1952,5000005202733914.0,Residential,0.015,0.032,0,20,0.0
1953,1000030006675.0,Residential,0.017,0.037,0,67,0.0
1954,1000030006922.0,Residential,0.002,0.003,0,124,0.0
1955,1000030007394.0,Residential,0.002,0.003,0,61,0.0
1956,1000030006456.0,Residential,0.064,0.165,0,45,0.0
1957,1000030006793.0,Residential,0.008,0.016,0,48,0.0
1958,1000030006015.0,Residential,0.014,0.028,0,92,0.0
1959,1000030006831.0,Residential,0.002,0.003,0,72,0.0
1960,1000030006674.0,Residential,0.029,0.058,0,83,0.0
1961,1000030006612.0,Residential,0.009,0.019,0,66,0.0
1962,1000030006467.0,Residential,0.075,0.176,0,62,0.0
1963,1000030005411.0,Residential,0.01,0.018,0,11,0.0
1964,1000030005671.0,Residential,0.021,0.047,0,15,0.0
1965,1000030006650.0,Residential,0.008,0.018,0,17,0.0
1966,1000038608552.0,Residential,0.03,0.068,0,44,0.0
1967,1000030006660.0,Residential,0.006,0.009,0,91,0.0
1968,1000030005813.0,Residential,0.119,0.255,0,82,0.0
1969,1000030006513.0,Residential,0.009,0.018,0,48,0.0
1970,1000030005775.0,Residential,0.019,0.051,0,81,0.0
1971,1000030005444.0,Residential,0.027,0.067,0,86,0.0
1972,1000030007414.0,Residential,,,,74,52632.0
1973,1000030005862.0,Residential,0.005,0.008,0,84,0.0
1974,1000030006375.0,Residential,0.002,0.002,0,46,0.0
1975,5000005202734474.0,Residential,0.054,0.134,0,15,0.0
1976,5000005202734592.0,Residential,0.104,0.276,0,8,0.0
1977,1000030006876.0,Residential,0.003,0.007,0,108,0.0
1978,1000030007116.0,Residential,0.005,0.016,0,128,0.0
1979,1000030007118.0,Residential,0.02,0.046,0,120,0.0
1980,1000030005410.0,Residential,0.009,0.017,0,6,0.0
1981,1000030006645.0,Residential,0.007,0.019,0,66,0.0
1982,1000030005798.0,Residential,0.026,0.073,0,100,0.0
1983,1000030006526.0,Residential,0.004,0.007,0,64,0.0
1984,1000030007188.0,Residential,0.02,0.029,0,94,0.0
1985,1000030006654.0,Residential,0.018,0.044,0,128,0.0
1986,1000030005850.0,Residential,0.006,0.013,0,93,0.0
1987,1000030005596.0,Residential,0.007,0.018,0,89,0.0
1988,5000005202734626.0,Residential,0.02,0.05,0,101,0.0
1989,1000030006319.0,Residential,0.003,0.004,0,58,0.0
1990,1000030007185.0,Residential,0.017,0.041,0,126,0.0
1991,1000030006503.0,Residential,0.012,0.021,0,80,0.0
1992,1000030005644.0,Residential,0.064,0.181,0,82,0.0
1993,1000030006334.0,Residential,0.007,0.008,0,47,0.0
1994,1000002310337849.0,Residential,0.042,0.174,0,180,0.0
1995,1000030005495.0,Residential,0.142,0.331,1,133,24624.0
1996,1000030007121.0,Residential,0.031,0.057,0,113,0.0
1997,1000030006724.0,Residential,0.003,0.005,0,48,0.0
1998,1000030006738.0,Residential,0.004,0.007,0,12,0.0
1999,1000030006808.0,Residential,0.004,0.011,0,58,0.0
2000,1000030011232.0,Residential,0.032,0.072,0,7,0.0
2001,5000005202734261.0,Residential,0.076,0.134,0,33,0.0
2002,5000005202733899.0,Residential,0.008,0.016,0,19,0.0
2003,1000030006174.0,Residential,0.019,0.043,0,95,0.0
2004,1000030006553.0,Residential,0.004,0.01,0,46,0.0
2005,1000030006035.0,Residential,0.012,0.024,0,106,0.0
2006,1000030007388.0,Residential,0.039,0.078,0,73,0.0
2007,5000005239325169.0,Residential,0.004,0.007,0,14,0.0
2008,1000030005871.0,Residential,0.002,0.004,0,91,0.0
2009,1000030006554.0,Residential,0.007,0.013,0,12,0.0
2010,1000030006571.0,Residential,0.009,0.018,0,77,0.0
2011,5000005202733951.0,Residential,0.044,0.152,0,116,0.0
2012,1000030006104.0,Residential,0.319,0.573,1,54,24624.0
2013,1000030011032.0,Residential,0.018,0.034,0,94,0.0
2014,1000030005349.0,Residential,0.003,0.004,0,87,0.0
2015,1000030005806.0,Residential,0.043,0.148,0,85,0.0
2016,5000005202734058.0,Residential,0.118,0.202,0,12,0.0
2017,1000030007110.0,Residential,0.005,0.01,0,95,0.0
2018,5000005207584857.0,Residential,0.007,0.018,0,19,0.0
2019,1000030005439.0,Residential,0.008,0.019,0,87,0.0
2020,1000030005664.0,Residential,0.026,0.036,0,77,0.0
2021,1000030006409.0,Residential,0.003,0.004,0,20,0.0
2022,1000030006550.0,Residential,0.002,0.002,0,13,0.0
2023,1000030006935.0,Residential,0.01,0.021,0,48,0.0
2024,5000005202733815.0,Residential,0.023,0.05,0,34,0.0
2025,1000030005582.0,Residential,0.007,0.013,0,33,0.0
2026,1000030006899.0,Residential,0.002,0.003,0,58,0.0
2027,1000030006559.0,Residential,0.007,0.015,0,49,0.0
2028,5000005202734297.0,Residential,0.002,0.002,0,5,0.0
2029,1000030005386.0,Residential,0.044,0.144,0,18,0.0
2030,1000030005401.0,Residential,0.006,0.018,0,129,0.0
2031,1000030005355.0,Residential,0.002,0.004,0,87,0.0
2032,1000030006929.0,Residential,0.005,0.005,0,3,0.0
2033,1000030005308.0,Residential,0.03,0.05,0,15,0.0
2034,1000030007181.0,Residential,0.031,0.056,0,97,0.0
2035,1000030005572.0,Residential,0.008,0.023,0,64,0.0
2036,1000030005870.0,Residential,0.022,0.053,0,3,0.0
2037,5000005202733855.0,Residential,0.018,0.018,0,11,0.0
2038,1000030006046.0,Residential,0.067,0.177,0,84,0.0
2039,1000030006655.0,Residential,0.002,0.004,0,124,0.0
2040,1000030006855.0,Residential,0.006,0.013,0,60,0.0
2041,5000005202733643.0,Residential,0.004,0.006,0,10,0.0
2042,1000030006431.0,Residential,0.091,0.246,0,72,0.0
2043,1000002310351824.0,Residential,0.026,0.048,0,125,0.0
2044,5000005202733684.0,Residential,0.102,0.144,0,16,0.0
2045,1000030006480.0,Residential,0.02,0.047,0,89,0.0
2046,1000030011617.0,Residential,0.05,0.145,0,47,0.0
2047,1000030006236.0,Residential,0.032,0.056,0,62,0.0
2048,1000030007176.0,Residential,0.055,0.114,0,70,0.0
2049,5000005202734408.0,Residential,0.063,0.24,0,109,0.0
2050,1000030005800.0,Residential,0.027,0.053,0,110,0.0
2051,1000030006589.0,Residential,0.01,0.022,0,74,0.0
2052,1000030005817.0,Residential,0.025,0.06,0,96,0.0
2053,1000030005405.0,Residential,0.005,0.009,0,104,0.0
2054,1000030006358.0,Residential,0.002,0.003,0,45,0.0
2055,1000030007129.0,Residential,0.014,0.038,0,77,0.0
2056,1000030007177.0,Residential,0.002,0.003,0,4,0.0
2057,1000030006499.0,Residential,0.118,0.257,0,54,0.0
2058,1000030006477.0,Residential,0.051,0.113,0,56,0.0
2059,1000030006175.0,Residential,0.006,0.016,0,104,0.0
2060,1000030007392.0,Residential,0.024,0.045,0,60,0.0
2061,1000030005592.0,Residential,0.009,0.018,0,88,0.0
2062,1000030006665.0,Residential,0.004,0.005,0,84,0.0
2063,1000030005465.0,Residential,0.012,0.03,0,70,0.0
2064,1000030006490.0,Residential,0.008,0.011,0,57,0.0
2065,1000030006679.0,Residential,0.002,0.002,0,47,0.0
2066,5000005202734295.0,Residential,0.022,0.03,0,15,0.0
2067,5000005202733887.0,Residential,0.011,0.035,0,129,0.0
2068,1000030007120.0,Residential,0.025,0.051,0,105,0.0
2069,1000030005588.0,Residential,0.04,0.085,0,4,0.0
2070,5000005202733862.0,Residential,0.006,0.007,0,10,0.0
2071,1000030006680.0,Residential,0.002,0.003,0,7,0.0
2072,1000038608568.0,Residential,0.136,0.286,0,43,0.0
2073,1000030006430.0,Residential,0.073,0.245,0,66,0.0
2074,1000030006713.0,Residential,0.023,0.061,0,67,0.0
2075,1000030005426.0,Residential,0.011,0.045,0,89,0.0
2076,1000030006548.0,Residential,0.002,0.002,0,49,0.0
2077,1000030006359.0,Residential,0.002,0.002,0,64,0.0
2078,1000030006531.0,Residential,0.007,0.014,0,88,0.0
2079,1000030006352.0,Residential,0.007,0.015,0,59,0.0
2080,1000030007086.0,Residential,0.002,0.002,0,2,0.0
2081,5000005202733975.0,Residential,0.002,0.004,0,11,0.0
2082,5000005202734407.0,Residential,0.16,0.165,0,15,0.0
2083,5000005202734230.0,Residential,0.008,0.016,0,12,0.0
2084,1000030006844.0,Residential,0.041,0.142,0,113,0.0
2085,1000030006543.0,Residential,0.015,0.063,0,101,0.0
2086,1000002310347617.0,Residential,0.023,0.049,0,73,0.0
2087,1000030006364.0,Residential,0.047,0.128,0,63,0.0
2088,1000030007080.0,Residential,0.01,0.03,0,48,0.0
2089,1000030006551.0,Residential,0.006,0.012,0,18,0.0
2090,1000030006859.0,Residential,0.014,0.038,0,79,0.0
2091,1000030007078.0,Residential,0.009,0.023,0,72,0.0
2092,1000030007124.0,Residential,0.01,0.021,0,81,0.0
2093,1000030006631.0,Residential,0.003,0.006,0,73,0.0
2094,1000002310351825.0,Residential,0.002,0.003,0,78,0.0
2095,5000005202734118.0,Residential,0.009,0.023,0,15,0.0
2096,1000030006433.0,Residential,0.123,0.319,1,63,24624.0
2097,1000030006024.0,Residential,0.011,0.025,0,100,0.0
2098,1000030006639.0,Residential,0.005,0.007,0,126,0.0
2099,1000030005974.0,Residential,0.038,0.092,0,74,0.0
2100,1000030006428.0,Residential,0.003,0.005,0,13,0.0
2101,1000030005397.0,Residential,0.057,0.162,0,363,0.0
2102,1000030006031.0,Residential,0.012,0.029,0,90,0.0
2103,1000030006438.0,Residential,0.017,0.046,0,69,0.0
2104,1000030007192.0,Residential,0.014,0.027,0,87,0.0
2105,1000030005888.0,Residential,0.002,0.003,0,80,0.0
2106,1000030006023.0,Residential,0.007,0.02,0,78,0.0
2107,1000030006058.0,Residential,0.044,0.13,0,86,0.0
2108,1000030010876.0,Residential,0.004,0.008,0,71,0.0
2109,1000030006897.0,Residential,0.003,0.005,0,10,0.0
2110,1000030007130.0,Residential,0.009,0.012,0,114,0.0
2111,1000030006493.0,Residential,0.054,0.131,0,68,0.0
2112,1000030005617.0,Residential,0.056,0.116,0,6,0.0
2113,1000030005842.0,Residential,0.017,0.034,0,67,0.0
2114,1000030005962.0,Residential,0.002,0.002,0,62,0.0
2115,1000030011031.0,Residential,0.005,0.015,0,76,0.0
2116,1000030006792.0,Residential,0.009,0.015,0,49,0.0
2117,5000005202734588.0,Residential,0.003,0.006,0,18,0.0
2118,1000030006938.0,Residential,0.008,0.011,0,62,0.0
2119,1000030006538.0,Residential,0.017,0.058,0,115,0.0
2120,1000030006041.0,Residential,0.209,0.547,1,86,24624.0
2121,1000030006060.0,Residential,0.03,0.072,0,85,0.0
2122,1000030006704.0,Residential,0.017,0.038,0,51,0.0
2123,1000038612364.0,Residential,0.01,0.026,0,49,0.0
2124,5000005202733888.0,Residential,0.005,0.005,0,17,0.0
2125,1000030009439.0,Residential,0.011,0.017,0,154,0.0
2126,1000030010236.0,Residential,0.026,0.058,0,96,0.0
2127,1000030009556.0,Residential,0.002,0.002,0,3,0.0
2128,1000030009620.0,Residential,0.011,0.019,0,32,0.0
2129,1000030010763.0,Residential,0.064,0.148,0,16,0.0
2130,1000030011156.0,Residential,0.002,0.004,0,93,0.0
2131,5000005120819102.0,Residential,0.003,0.004,0,8,0.0
2132,1000030011676.0,Residential,0.002,0.003,0,115,0.0
2133,5000005210209580.0,Residential,0.005,0.007,0,15,0.0
2134,1000030011464.0,Residential,0.007,0.009,0,124,0.0
2135,1000030009427.0,Residential,0.059,0.104,0,22,0.0
2136,1000030011036.0,Residential,0.02,0.042,0,77,0.0
2137,1000038612315.0,Residential,0.039,0.099,0,14,0.0
2138,1000038612413.0,Residential,0.006,0.013,0,50,0.0
2139,5000005202734420.0,Residential,0.013,0.029,0,4,0.0
2140,5000005202733825.0,Residential,0.012,0.017,0,24,0.0
2141,1000030010850.0,Residential,0.022,0.069,0,46,0.0
2142,1000030010349.0,Residential,0.008,0.014,0,76,0.0
2143,1000030012683.0,Residential,0.031,0.086,0,106,0.0
2144,1000030011117.0,Residential,0.005,0.004,0,91,0.0
2145,1000030011648.0,Residential,0.042,0.119,0,38,0.0
2146,1000030011465.0,Residential,0.004,0.009,0,80,0.0
2147,5000005210209837.0,Residential,0.01,0.025,0,25,0.0
2148,1000030009538.0,Residential,0.008,0.017,0,158,0.0
2149,1000030010870.0,Residential,0.037,0.099,0,76,0.0
2150,1000030009525.0,Residential,0.026,0.064,0,109,0.0
2151,1000030011136.0,Residential,0.002,0.004,0,113,0.0
2152,1000038612326.0,Residential,0.076,0.201,0,53,0.0
2153,1000030011165.0,Residential,0.006,0.008,0,84,0.0
2154,1000030009522.0,Residential,0.003,0.005,0,22,0.0
2155,1000030011413.0,Residential,0.06,0.174,0,76,0.0
2156,1000030011779.0,Residential,0.024,0.042,0,40,0.0
2157,1000038612774.0,Residential,0.016,0.042,0,48,0.0
2158,1000030011289.0,Residential,0.161,0.346,1,75,24624.0
2159,1000030011699.0,Residential,0.026,0.057,0,61,0.0
2160,1000030011385.0,Residential,0.015,0.025,0,85,0.0
2161,1000030011665.0,Residential,0.005,0.011,0,46,0.0
2162,1000030010200.0,Residential,0.003,0.003,0,99,0.0
2163,1000030012666.0,Residential,0.014,0.034,0,82,0.0
2164,1000030010958.0,Residential,0.006,0.013,0,64,0.0
2165,1000038612288.0,Residential,0.181,0.316,1,49,24624.0
2166,1000038612780.0,Residential,0.003,0.005,0,11,0.0
2167,5000005120819080.0,Residential,0.032,0.062,0,12,0.0
2168,5000005202734033.0,Residential,0.011,0.024,0,10,0.0
2169,1000030011312.0,Residential,0.002,0.003,0,61,0.0
2170,1000030011441.0,Residential,0.031,0.069,0,210,0.0
2171,5000005210209807.0,Residential,0.008,0.016,0,18,0.0
2172,1000030009471.0,Residential,0.022,0.033,0,171,0.0
2173,1000030010668.0,Residential,0.029,0.054,0,12,0.0
2174,1000030011371.0,Residential,0.045,0.128,0,86,0.0
2175,1000030011757.0,Residential,0.077,0.194,0,36,0.0
2176,1000030011784.0,Residential,0.01,0.018,0,41,0.0
2177,1000038612311.0,Residential,0.124,0.351,1,38,24624.0
2178,1000030011445.0,Residential,0.029,0.054,0,92,0.0
2179,5000005210209569.0,Residential,0.016,0.033,0,15,0.0
2180,1000030010498.0,Residential,0.002,0.003,0,24,0.0
2181,1000030010706.0,Residential,0.004,0.008,0,73,0.0
2182,1000030011121.0,Residential,0.017,0.038,0,12,0.0
2183,1000038612329.0,Residential,0.013,0.016,0,67,0.0
2184,1000030011536.0,Residential,0.162,0.407,1,103,24624.0
2185,1000038612320.0,Residential,0.126,0.271,0,52,0.0
2186,1000030011202.0,Residential,0.081,0.141,0,17,0.0
2187,1000030010290.0,Residential,0.012,0.024,0,76,0.0
2188,1000030009479.0,Residential,0.009,0.023,0,164,0.0
2189,1000030010043.0,Residential,0.006,0.013,0,168,0.0
2190,1000030010589.0,Residential,0.016,0.036,0,77,0.0
2191,1000030011057.0,Residential,0.044,0.114,0,80,0.0
2192,1000030012672.0,Residential,0.035,0.126,0,86,0.0
2193,1000038612758.0,Residential,0.067,0.163,0,48,0.0
2194,5000005202733935.0,Residential,0.003,0.004,0,20,0.0
2195,1000030011028.0,Residential,0.025,0.047,0,89,0.0
2196,1000030011185.0,Residential,0.007,0.027,0,146,0.0
2197,1000030011696.0,Residential,0.026,0.07,0,60,0.0
2198,1000042879395.0,Residential,0.036,0.113,0,62,0.0
2199,1000038612248.0,Residential,0.055,0.094,0,44,0.0
2200,1000030011415.0,Residential,0.015,0.006,0,107,0.0
2201,1000030011455.0,Residential,0.003,0.004,0,97,0.0
2202,1000030011072.0,Residential,0.179,0.344,1,86,24624.0
2203,1000030009441.0,Residential,0.024,0.075,0,67,0.0
2204,1000030010938.0,Residential,0.014,0.017,0,13,0.0
2205,1000030011114.0,Residential,0.002,0.002,0,73,0.0
2206,1000030011467.0,Residential,0.025,0.102,0,111,0.0
2207,1000030011535.0,Residential,0.107,0.224,0,58,0.0
2208,1000030010719.0,Residential,0.002,0.004,0,67,0.0
2209,1000030010780.0,Residential,0.029,0.059,0,74,0.0
2210,1000030010210.0,Residential,0.011,0.022,0,93,0.0
2211,1000030011061.0,Residential,0.14,0.148,0,26,0.0
2212,1000030011743.0,Residential,0.007,0.009,0,73,0.0
2213,5000005202733827.0,Residential,0.011,0.017,0,12,0.0
2214,5000005202734005.0,Residential,0.002,0.003,0,2,0.0
2215,1000030010054.0,Residential,0.004,0.006,0,79,0.0
2216,1000030011453.0,Residential,0.01,0.026,0,92,0.0
2217,1000030010249.0,Residential,0.034,0.073,0,83,0.0
2218,1000030009485.0,Residential,0.01,0.019,0,133,0.0
2219,1000030011011.0,Residential,0.2,0.325,1,88,24624.0
2220,1000030011359.0,Residential,0.025,0.056,0,63,0.0
2221,1000038612308.0,Residential,0.079,0.171,0,46,0.0
2222,1000038612402.0,Residential,0.012,0.032,0,41,0.0
2223,1000038612741.0,Residential,0.013,0.036,0,44,0.0
2224,1000038612745.0,Residential,0.092,0.203,0,36,0.0
2225,1000030011697.0,Residential,0.021,0.05,0,62,0.0
2226,1000030011428.0,Residential,0.002,0.003,0,113,0.0
2227,1000030010258.0,Residential,0.054,0.128,0,104,0.0
2228,1000030012239.0,Residential,0.028,0.088,0,149,0.0
2229,1000030011092.0,Residential,0.015,0.032,0,59,0.0
2230,1000030011377.0,Residential,0.007,0.017,0,76,0.0
2231,1000030011268.0,Residential,0.076,0.241,0,97,0.0
2232,1000002310381704.0,Residential,0.077,0.176,0,92,0.0
2233,1000030011663.0,Residential,0.002,0.003,0,50,0.0
2234,5000005207582274.0,Residential,0.032,0.04,0,24,0.0
2235,1000030011162.0,Residential,0.009,0.025,0,101,0.0
2236,5000005210209541.0,Residential,0.037,0.068,0,17,0.0
2237,1000030010209.0,Residential,0.037,0.074,0,93,0.0
2238,1000030011288.0,Residential,0.19,0.345,1,82,24624.0
2239,1000030011767.0,Residential,0.1,0.294,0,39,0.0
2240,1000030011502.0,Residential,0.026,0.061,0,15,0.0
2241,1000030011298.0,Residential,0.16,0.298,0,90,0.0
2242,1000030011033.0,Residential,0.013,0.035,0,76,0.0
2243,1000030010834.0,Residential,0.041,0.097,0,71,0.0
2244,1000038612331.0,Residential,0.023,0.052,0,38,0.0
2245,1000030010722.0,Residential,0.002,0.004,0,69,0.0
2246,5000005202734147.0,Residential,0.081,0.153,0,48,0.0
2247,5000005202734461.0,Residential,0.01,0.017,0,9,0.0
2248,1000030010050.0,Residential,0.013,0.029,0,87,0.0
2249,1000030011169.0,Residential,0.015,0.041,0,117,0.0
2250,1000030010234.0,Residential,0.049,0.121,0,85,0.0
2251,1000030010246.0,Residential,0.016,0.058,0,83,0.0
2252,1000030010183.0,Residential,0.009,0.02,0,84,0.0
2253,1000030010838.0,Residential,0.017,0.026,0,70,0.0
2254,1000030010953.0,Residential,0.03,0.052,0,86,0.0
2255,1000030011122.0,Residential,0.01,0.026,0,13,0.0
2256,1000030010916.0,Residential,0.055,0.123,0,68,0.0
2257,1000038612719.0,Residential,0.057,0.125,0,43,0.0
2258,1000030011345.0,Residential,0.056,0.142,0,94,0.0
2259,1000030011520.0,Residential,0.039,0.072,0,128,0.0
2260,1000030010918.0,Residential,0.008,0.019,0,34,0.0
2261,1000030009494.0,Residential,0.002,0.002,0,160,0.0
2262,1000030010689.0,Residential,0.069,0.212,0,72,0.0
2263,1000030010713.0,Residential,0.003,0.004,0,92,0.0
2264,1000030011355.0,Residential,0.037,0.069,0,91,0.0
2265,5000005202734175.0,Residential,0.019,0.056,0,23,0.0
2266,1000030011523.0,Residential,0.047,0.116,0,48,0.0
2267,1000030010377.0,Residential,0.007,0.017,0,14,0.0
2268,1000030009431.0,Residential,0.442,0.5,1,12,24624.0
2269,1000030011315.0,Residential,0.048,0.117,0,67,0.0
2270,1000030010789.0,Residential,0.165,0.363,1,102,24624.0
2271,1000038612212.0,Residential,0.039,0.077,0,82,0.0
2272,1000030009499.0,Residential,0.069,0.188,0,152,0.0
2273,1000030010338.0,Residential,0.003,0.004,0,71,0.0
2274,1000002310209869.0,Residential,0.012,0.019,0,5,0.0
2275,1000030010660.0,Residential,0.016,0.04,0,71,0.0
2276,1000030011440.0,Residential,0.141,0.356,1,124,24624.0
2277,1000038612335.0,Residential,0.043,0.092,0,50,0.0
2278,1000030011313.0,Residential,0.008,0.024,0,73,0.0
2279,1000030010743.0,Residential,0.011,0.017,0,94,0.0
2280,5000005207583107.0,Residential,0.062,0.143,0,45,0.0
2281,1000030011170.0,Residential,0.02,0.055,0,131,0.0
2282,1000030011163.0,Residential,0.013,0.031,0,21,0.0
2283,5000005210209646.0,Residential,0.021,0.042,0,9,0.0
2284,1000030009533.0,Residential,0.006,0.007,0,115,0.0
2285,1000030010327.0,Residential,0.006,0.016,0,88,0.0
2286,1000038612255.0,Residential,0.077,0.144,0,44,0.0
2287,1000030011038.0,Residential,0.032,0.055,0,78,0.0
2288,1000038612169.0,Residential,0.028,0.03,0,75,0.0
2289,1000030011727.0,Residential,0.005,0.007,0,21,0.0
2290,1000030011404.0,Residential,0.022,0.056,0,83,0.0
2291,1000030010056.0,Residential,0.003,0.003,0,116,0.0
2292,1000038612197.0,Residential,0.004,0.006,0,89,0.0
2293,1000038612200.0,Residential,0.006,0.011,0,129,0.0
2294,5000005207585054.0,Residential,0.018,0.033,0,23,0.0
2295,1000030012230.0,Residential,0.017,0.021,0,110,0.0
2296,1000030011417.0,Residential,0.002,0.004,0,77,0.0
2297,1000038612282.0,Residential,0.228,0.302,1,41,24624.0
2298,1000030010776.0,Residential,0.025,0.068,0,66,0.0
2299,1000030011521.0,Residential,0.035,0.073,0,46,0.0
2300,1000030009462.0,Residential,0.003,0.006,0,136,0.0
2301,1000030009508.0,Residential,0.086,0.236,0,189,0.0
2302,1000030012710.0,Residential,0.034,0.103,0,128,0.0
2303,1000030009477.0,Residential,0.011,0.036,0,181,0.0
2304,1000030012622.0,Residential,0.015,0.039,0,16,0.0
2305,1000038612205.0,Residential,0.005,0.012,0,151,0.0
2306,1000030011229.0,Residential,0.415,0.939,1,21,30153.0
2307,1000030011107.0,Residential,0.002,0.003,0,74,0.0
2308,5000005202734129.0,Residential,0.005,0.01,0,10,0.0
2309,1000030011348.0,Residential,0.036,0.076,0,84,0.0
2310,1000030010245.0,Residential,0.016,0.045,0,82,0.0
2311,1000030009568.0,Residential,0.01,0.02,0,17,0.0
2312,5000005105384768.0,Residential,0.02,0.056,0,116,0.0
2313,5000005202733952.0,Residential,0.008,0.014,0,22,0.0
2314,1000030010925.0,Residential,0.01,0.02,0,13,0.0
2315,1000030009593.0,Residential,0.072,0.158,0,136,0.0
2316,1000030010329.0,Residential,0.008,0.017,0,78,0.0
2317,1000030009615.0,Residential,0.017,0.028,0,70,0.0
2318,1000030010682.0,Residential,0.022,0.064,0,82,0.0
2319,1000030010977.0,Residential,0.006,0.01,0,74,0.0
2320,1000030011694.0,Residential,0.024,0.056,0,70,0.0
2321,1000030011157.0,Residential,0.011,0.02,0,77,0.0
2322,1000030010260.0,Residential,0.066,0.17,0,87,0.0
2323,1000030010297.0,Residential,0.007,0.014,0,79,0.0
2324,1000030010189.0,Residential,0.039,0.081,0,16,0.0
2325,1000030011586.0,Residential,0.018,0.023,0,74,0.0
2326,1000030011783.0,Residential,0.025,0.048,0,38,0.0
2327,1000038612377.0,Residential,0.01,0.017,0,41,0.0
2328,1000030011430.0,Residential,0.029,0.076,0,101,0.0
2329,1000030010052.0,Residential,0.009,0.022,0,82,0.0
2330,1000030010944.0,Residential,0.054,0.062,0,70,0.0
2331,1000030010042.0,Residential,0.007,0.017,0,93,0.0
2332,1000030009549.0,Residential,0.006,0.018,0,110,0.0
2333,1000030010145.0,Residential,0.002,0.003,0,94,0.0
2334,1000030011879.0,Residential,0.013,0.031,0,105,0.0
2335,5000005202733901.0,Residential,0.04,0.111,0,15,0.0
2336,1000030011690.0,Residential,0.087,0.132,0,67,0.0
2337,1000030009878.0,Residential,0.092,0.323,0,156,0.0
2338,1000030010783.0,Residential,0.012,0.032,0,75,0.0
2339,1000030009599.0,Residential,0.015,0.018,0,6,0.0
2340,1000030010035.0,Residential,0.051,0.092,0,78,0.0
2341,1000030010785.0,Residential,0.121,0.24,0,80,0.0
2342,1000030011037.0,Residential,0.027,0.072,0,77,0.0
2343,1000030011125.0,Residential,0.032,0.093,0,12,0.0
2344,1000030010048.0,Residential,0.012,0.02,0,77,0.0
2345,1000038612224.0,Residential,0.019,0.05,0,63,0.0
2346,1000030009422.0,Residential,0.033,0.071,0,141,0.0
2347,1000030010040.0,Residential,0.018,0.054,0,77,0.0
2348,1000030010654.0,Residential,0.018,0.033,0,75,0.0
2349,1000030011193.0,Residential,0.171,0.396,1,121,24624.0
2350,1000030011720.0,Residential,0.035,0.082,0,66,0.0
2351,1000030010767.0,Residential,0.036,0.069,0,93,0.0
2352,1000038612736.0,Residential,0.053,0.124,0,51,0.0
2353,1000030011386.0,Residential,0.018,0.035,0,82,0.0
2354,1000030011721.0,Residential,0.034,0.082,0,62,0.0
2355,1000030010662.0,Residential,0.019,0.049,0,49,0.0
2356,5000005210209542.0,Residential,0.044,0.087,0,15,0.0
2357,1000030010346.0,Residential,0.002,0.002,0,66,0.0
2358,1000030009548.0,Residential,0.011,0.029,0,108,0.0
2359,1000030010890.0,Residential,0.008,0.018,0,97,0.0
2360,1000030011018.0,Residential,0.075,0.154,0,87,0.0
2361,1000030011426.0,Residential,0.017,0.041,0,151,0.0
2362,1000030009551.0,Residential,0.017,0.065,0,171,0.0
2363,1000030010378.0,Residential,0.006,0.012,0,79,0.0
2364,1000030010734.0,Residential,0.036,0.1,0,71,0.0
2365,1000030011499.0,Residential,0.036,0.088,0,98,0.0
2366,1000030011778.0,Residential,0.017,0.042,0,39,0.0
2367,1000038612355.0,Residential,0.036,0.055,0,44,0.0
2368,1000038612398.0,Residential,0.021,0.052,0,38,0.0
2369,5000005202733934.0,Residential,0.007,0.01,0,8,0.0
2370,1000030010724.0,Residential,0.002,0.003,0,67,0.0
2371,1000030010709.0,Residential,0.004,0.008,0,84,0.0
2372,1000030009591.0,Residential,0.068,0.157,0,88,0.0
2373,1000030010690.0,Residential,0.064,0.216,0,68,0.0
2374,1000030010650.0,Residential,0.021,0.042,0,88,0.0
2375,1000030011282.0,Residential,0.005,0.011,0,81,0.0
2376,1000030009560.0,Residential,0.035,0.098,0,179,0.0
2377,1000030009511.0,Residential,0.009,0.027,0,144,0.0
2378,1000030010856.0,Residential,0.025,0.05,0,12,0.0
2379,1000038612735.0,Residential,0.077,0.109,0,6,0.0
2380,1000030010928.0,Residential,0.071,0.204,0,71,0.0
2381,5000005202734565.0,Residential,0.18,0.319,1,4,24624.0
2382,1000030011501.0,Residential,0.026,0.063,0,17,0.0
2383,1000030011541.0,Residential,0.032,0.06,0,13,0.0
2384,5000005210209886.0,Residential,0.14,0.318,1,17,24624.0
2385,1000030011182.0,Residential,0.003,0.003,0,3,0.0
2386,1000030011739.0,Residential,0.009,0.016,0,76,0.0
2387,1000030011565.0,Residential,0.128,0.297,0,69,0.0
2388,1000030012669.0,Residential,0.005,0.01,0,102,0.0
2389,1000002310276142.0,Residential,0.007,0.015,0,5,0.0
2390,1000038612416.0,Residential,0.058,0.119,0,44,0.0
2391,1000030010837.0,Residential,0.012,0.022,0,78,0.0
2392,1000030010695.0,Residential,0.036,0.082,0,74,0.0
2393,1000038612300.0,Residential,0.022,0.042,0,37,0.0
2394,1000030011763.0,Residential,0.059,0.158,0,7,0.0
2395,5000005202734495.0,Residential,0.017,0.035,0,21,0.0
2396,1000030011553.0,Residential,0.034,0.093,0,71,0.0
2397,1000030011356.0,Residential,0.017,0.035,0,102,0.0
2398,1000030011561.0,Residential,0.016,0.05,0,64,0.0
2399,1000030009443.0,Residential,0.036,0.083,0,134,0.0
2400,1000030009500.0,Residential,0.069,0.19,0,123,0.0
2401,1000030009488.0,Residential,0.005,0.006,0,177,0.0
2402,1000038612406.0,Residential,0.002,0.002,0,39,0.0
2403,1000042879388.0,Residential,0.036,0.12,0,62,0.0
2404,1000030011373.0,Residential,0.008,0.017,0,95,0.0
2405,1000030010374.0,Residential,0.003,0.004,0,83,0.0
2406,1000030010687.0,Residential,0.007,0.012,0,12,0.0
2407,1000038612724.0,Residential,0.185,0.328,1,51,24624.0
2408,1000030010929.0,Residential,0.019,0.04,0,14,0.0
2409,1000030011420.0,Residential,0.002,0.003,0,119,0.0
2410,1000030011353.0,Residential,0.051,0.122,0,98,0.0
2411,1000030011562.0,Residential,0.002,0.003,0,65,0.0
2412,1000030011835.0,Residential,0.005,0.005,0,3,0.0
2413,1000038612332.0,Residential,0.032,0.079,0,38,0.0
2414,1000030011432.0,Residential,0.003,0.004,0,103,0.0
2415,1000030011552.0,Residential,0.027,0.073,0,70,0.0
2416,1000030009507.0,Residential,0.09,0.225,0,207,0.0
2417,1000030010626.0,Residential,0.007,0.011,0,79,0.0
2418,1000030009482.0,Residential,0.104,0.258,0,123,0.0
2419,1000030010800.0,Residential,0.04,0.072,0,68,0.0
2420,1000030010803.0,Residential,0.054,0.088,0,78,0.0
2421,1000030010861.0,Residential,0.014,0.023,0,16,0.0
2422,1000030012668.0,Residential,0.007,0.016,0,85,0.0
2423,1000030010217.0,Residential,0.042,0.098,0,81,0.0
2424,1000030010141.0,Residential,0.023,0.033,0,83,0.0
2425,1000030010700.0,Residential,0.025,0.038,0,68,0.0
2426,1000030011768.0,Residential,0.057,0.13,0,40,0.0
2427,1000030010924.0,Residential,0.052,0.134,0,72,0.0
2428,1000030010676.0,Residential,0.022,0.058,0,15,0.0
2429,1000030009619.0,Residential,0.053,0.138,0,137,0.0
2430,1000030011074.0,Residential,0.229,0.304,1,24,24624.0
2431,1000030011100.0,Residential,0.014,0.027,0,13,0.0
2432,1000030011251.0,Residential,0.042,0.102,0,35,0.0
2433,1000030011726.0,Residential,0.029,0.072,0,75,0.0
2434,1000030011325.0,Residential,0.056,0.136,0,90,0.0
2435,1000030012235.0,Residential,0.042,0.099,0,117,0.0
2436,1000030010988.0,Residential,0.018,0.029,0,10,0.0
2437,1000038612414.0,Residential,0.032,0.058,0,48,0.0
2438,5000005210209797.0,Residential,0.023,0.051,0,17,0.0
2439,1000030009602.0,Residential,0.075,0.216,0,36,0.0
2440,1000030010985.0,Residential,0.022,0.045,0,71,0.0
2441,1000038612230.0,Residential,0.004,0.005,0,38,0.0
2442,1000030009529.0,Residential,0.003,0.003,0,114,0.0
2443,5000005238629388.0,Residential,0.008,0.019,0,16,0.0
2444,1000030009453.0,Residential,0.306,0.401,1,6,24624.0
2445,1000030010292.0,Residential,0.095,0.27,0,21,0.0
2446,1000030010797.0,Residential,0.338,0.762,1,86,27210.0
2447,1000030011274.0,Residential,0.048,0.097,0,105,0.0
2448,1000030010922.0,Residential,0.012,0.026,0,26,0.0
2449,1000030011133.0,Residential,0.021,0.056,0,260,0.0
2450,1000030010250.0,Residential,0.007,0.015,0,73,0.0
2451,1000030010939.0,Residential,0.072,0.144,0,69,0.0
2452,1000038612737.0,Residential,0.077,0.177,0,41,0.0
2453,1000030010627.0,Residential,0.024,0.058,0,82,0.0
2454,1000030010595.0,Residential,0.033,0.071,0,84,0.0
2455,1000030010237.0,Residential,0.051,0.159,0,99,0.0
2456,1000030010242.0,Residential,0.033,0.067,0,96,0.0
2457,1000030010802.0,Residential,0.054,0.085,0,74,0.0
2458,1000030010634.0,Residential,0.026,0.046,0,105,0.0
2459,1000030010669.0,Residential,0.012,0.016,0,13,0.0
2460,1000030011187.0,Residential,0.001,0.001,0,3,0.0
2461,1000030011791.0,Residential,0.015,0.028,0,42,0.0
2462,1000002310236534.0,Residential,0.113,0.234,0,403,0.0
2463,1000030009550.0,Residential,0.005,0.009,0,93,0.0
2464,1000030010333.0,Residential,0.005,0.014,0,76,0.0
2465,1000030010886.0,Residential,0.007,0.016,0,98,0.0
2466,1000030012667.0,Residential,0.009,0.017,0,82,0.0
2467,1000030011711.0,Residential,0.013,0.035,0,63,0.0
2468,1000030010268.0,Residential,0.035,0.088,0,83,0.0
2469,1000030010832.0,Residential,0.101,0.317,1,79,24624.0
2470,5000005202734178.0,Residential,0.072,0.205,0,38,0.0
2471,1000030010718.0,Residential,0.002,0.003,0,69,0.0
2472,1000030011524.0,Residential,0.023,0.064,0,42,0.0
2473,1000030011047.0,Residential,0.009,0.029,0,75,0.0
2474,5000005210209919.0,Residential,0.012,0.014,0,12,0.0
2475,1000030011161.0,Residential,0.027,0.065,0,74,0.0
2476,1000038612296.0,Residential,0.02,0.044,0,42,0.0
2477,5000005202733721.0,Residential,0.009,0.009,0,3,0.0
2478,1000030012626.0,Residential,0.014,0.017,0,149,0.0
2479,1000030010259.0,Residential,0.075,0.169,0,92,0.0
2480,1000030010367.0,Residential,0.003,0.004,0,6,0.0
2481,1000030010477.0,Residential,0.019,0.046,0,93,0.0
2482,1000030010598.0,Residential,0.127,0.435,1,98,24624.0
2483,1000030010646.0,Residential,0.007,0.014,0,1,0.0
2484,1000030011332.0,Residential,0.006,0.013,0,70,0.0
2485,1000038612366.0,Residential,0.019,0.042,0,42,0.0
2486,5000005202734326.0,Residential,0.01,0.018,0,12,0.0
2487,1000030010737.0,Residential,0.036,0.081,0,89,0.0
2488,1000030011621.0,Residential,0.024,0.069,0,53,0.0
2489,1000030010987.0,Residential,0.007,0.012,0,25,0.0
2490,1000030011151.0,Residential,0.103,0.158,0,10,0.0
2491,5000005210209788.0,Residential,0.018,0.019,0,86,0.0
2492,5000005210209915.0,Residential,0.012,0.02,0,21,0.0
2493,1000030010994.0,Residential,0.026,0.051,0,72,0.0
2494,1000030011252.0,Residential,0.037,0.103,0,34,0.0
2495,1000042879402.0,Residential,0.099,0.22,0,59,0.0
2496,1000030010911.0,Residential,0.018,0.049,0,70,0.0
2497,1000030010923.0,Residential,0.091,0.353,0,67,0.0
2498,5000005202734629.0,Residential,0.066,0.12,0,15,0.0
2499,1000030009465.0,Residential,0.024,0.055,0,101,0.0
2500,1000030010773.0,Residential,0.015,0.042,0,15,0.0
2501,1000042879394.0,Residential,0.072,0.169,0,63,0.0
2502,5000005202734085.0,Residential,0.022,0.036,0,94,0.0
2503,5000005202734603.0,Residential,0.158,0.181,0,3,0.0
2504,1000030011412.0,Residential,0.082,0.221,0,131,0.0
2505,1000030011660.0,Residential,0.011,0.02,0,58,0.0
2506,1000038612349.0,Residential,0.01,0.012,0,60,0.0
2507,1000030010215.0,Residential,0.014,0.036,0,83,0.0
2508,1000030009486.0,Residential,0.005,0.005,0,135,0.0
2509,1000030011551.0,Residential,0.042,0.1,0,72,0.0
2510,1000030011695.0,Residential,0.033,0.072,0,80,0.0
2511,1000030010476.0,Residential,0.013,0.024,0,102,0.0
2512,5000005202733770.0,Residential,0.024,0.06,0,42,0.0
2513,1000030010203.0,Residential,0.028,0.063,0,113,0.0
2514,1000030010185.0,Residential,0.006,0.014,0,79,0.0
2515,1000030009498.0,Residential,0.009,0.02,0,17,0.0
2516,1000030010853.0,Residential,0.02,0.069,0,52,0.0
2517,1000030010940.0,Residential,0.129,0.559,1,69,24624.0
2518,1000030010369.0,Residential,0.004,0.005,0,11,0.0
2519,1000030010685.0,Residential,0.016,0.05,0,75,0.0
2520,1000030010960.0,Residential,0.014,0.032,0,62,0.0
2521,1000038612697.0,Residential,0.046,0.076,0,38,0.0
2522,1000030011109.0,Residential,0.002,0.002,0,74,0.0
2523,5000005202734305.0,Residential,0.077,0.148,0,15,0.0
2524,1000030011557.0,Residential,0.041,0.093,0,80,0.0
2525,1000030010376.0,Residential,0.015,0.031,0,70,0.0
2526,1000030009468.0,Residential,0.107,0.238,0,24,0.0
2527,1000030011342.0,Residential,0.025,0.051,0,71,0.0
2528,1000030010616.0,Residential,0.004,0.009,0,68,0.0
2529,1000030010833.0,Residential,0.027,0.051,0,83,0.0
2530,1000030009573.0,Residential,0.012,0.021,0,14,0.0
2531,1000030009589.0,Residential,0.051,0.131,0,86,0.0
2532,1000030010218.0,Residential,0.032,0.078,0,81,0.0
2533,1000038612247.0,Residential,0.044,0.068,0,45,0.0
2534,1000030011770.0,Residential,0.02,0.029,0,39,0.0
2535,5000005210209764.0,Residential,0.023,0.062,0,12,0.0
2536,1000030010289.0,Residential,0.009,0.015,0,14,0.0
2537,1000030010882.0,Residential,0.017,0.028,0,65,0.0
2538,1000038612287.0,Residential,0.228,0.307,1,48,24624.0
2539,5000005202733995.0,Residential,0.006,0.01,0,12,0.0
2540,1000038612198.0,Residential,0.003,0.005,0,44,0.0
2541,1000030010723.0,Residential,0.002,0.003,0,69,0.0
2542,1000030011531.0,Residential,0.006,0.013,0,64,0.0
2543,1000030010190.0,Residential,0.016,0.046,0,88,0.0
2544,1000030009515.0,Residential,0.029,0.061,0,168,0.0
2545,1000038612190.0,Residential,0.033,0.05,0,69,0.0
2546,1000038612225.0,Residential,0.013,0.03,0,42,0.0
2547,1000042879385.0,Residential,0.023,0.04,0,64,0.0
2548,5000005120819090.0,Residential,0.004,0.005,0,8,0.0
2549,1000030011742.0,Residential,0.006,0.009,0,83,0.0
2550,1000030011427.0,Residential,0.005,0.013,0,113,0.0
2551,5000005238629387.0,Residential,0.007,0.011,0,11,0.0
2552,1000030009523.0,Residential,0.007,0.005,0,100,0.0
2553,1000030010835.0,Residential,0.014,0.032,0,72,0.0
2554,1000030011020.0,Residential,0.067,0.137,0,90,0.0
2555,1000030011134.0,Residential,0.002,0.004,0,150,0.0
2556,1000030011794.0,Residential,0.085,0.173,0,48,0.0
2557,1000038612235.0,Residential,0.007,0.011,0,45,0.0
2558,1000038612238.0,Residential,0.008,0.017,0,47,0.0
2559,1000038612323.0,Residential,0.061,0.148,0,47,0.0
2560,1000030010799.0,Residential,0.03,0.076,0,99,0.0
2561,1000030009542.0,Residential,0.009,0.022,0,143,0.0
2562,1000030010647.0,Residential,0.007,0.014,0,2,0.0
2563,1000030010670.0,Residential,0.04,0.111,0,75,0.0
2564,1000030011340.0,Residential,0.025,0.047,0,77,0.0
2565,1000030011341.0,Residential,0.028,0.069,0,69,0.0
2566,1000042879389.0,Residential,0.006,0.012,0,62,0.0
2567,5000005202733797.0,Residential,0.007,0.01,0,15,0.0
2568,1000030011512.0,Residential,0.02,0.048,0,72,0.0
2569,5000005207582640.0,Residential,0.008,0.019,0,19,0.0
2570,5000005210209515.0,Residential,,,,15,52632.0
2571,1000030009572.0,Residential,0.029,0.061,0,19,0.0
2572,1000030011516.0,Residential,0.02,0.048,0,119,0.0
2573,5000005238945909.0,Residential,0.297,0.397,1,16,24624.0
2574,1000038612256.0,Residential,0.104,0.178,0,52,0.0
2575,1000030010239.0,Residential,0.066,0.159,0,73,0.0
2576,1000030011160.0,Residential,0.047,0.117,0,24,0.0
2577,1000030011135.0,Residential,0.002,0.004,0,119,0.0
2578,1000030011542.0,Residential,0.141,0.425,1,43,24624.0
2579,1000030011681.0,Residential,0.002,0.003,0,80,0.0
2580,1000038612254.0,Residential,0.038,0.09,0,65,0.0
2581,5000005150952047.0,Residential,0.036,0.054,0,18,0.0
2582,5000005210209465.0,Residential,0.032,0.037,0,11,0.0
2583,1000030011010.0,Residential,0.153,0.303,1,89,24624.0
2584,1000030011370.0,Residential,0.087,0.189,0,78,0.0
2585,1000038612333.0,Residential,0.047,0.098,0,50,0.0
2586,1000042879408.0,Residential,0.029,0.072,0,38,0.0
2587,1000030010782.0,Residential,0.037,0.107,0,79,0.0
2588,1000030010959.0,Residential,0.015,0.042,0,61,0.0
2589,1000038612208.0,Residential,0.006,0.015,0,98,0.0
2590,1000030011572.0,Residential,0.037,0.092,0,80,0.0
2591,1000030009617.0,Residential,0.023,0.053,0,101,0.0
2592,1000030011168.0,Residential,0.013,0.038,0,78,0.0
2593,1000030010247.0,Residential,0.013,0.029,0,76,0.0
2594,1000038612743.0,Residential,0.019,0.048,0,36,0.0
2595,1000030011283.0,Residential,0.014,0.036,0,75,0.0
2596,1000030011716.0,Residential,0.021,0.062,0,62,0.0
2597,1000030010703.0,Residential,0.006,0.015,0,86,0.0
2598,1000030011408.0,Residential,0.064,0.189,0,84,0.0
2599,5000005210209875.0,Residential,0.011,0.026,0,10,0.0
2600,5000005210209801.0,Residential,0.08,0.138,0,22,0.0
2601,5000005210209947.0,Residential,0.086,0.188,0,42,0.0
2602,1000030010196.0,Residential,0.008,0.016,0,53,0.0
2603,1000030010601.0,Residential,0.011,0.03,0,57,0.0
2604,1000038612193.0,Residential,0.071,0.089,0,78,0.0
2605,1000038612252.0,Residential,0.014,0.031,0,49,0.0
2606,1000030011422.0,Residential,0.008,0.019,0,85,0.0
2607,1000030011137.0,Residential,0.003,0.004,0,141,0.0
2608,1000030012629.0,Residential,0.003,0.007,0,155,0.0
2609,1000030011138.0,Residential,0.018,0.062,0,114,0.0
2610,1000030011573.0,Residential,0.028,0.06,0,78,0.0
2611,1000038612358.0,Residential,0.01,0.016,0,42,0.0
2612,1000038612685.0,Residential,0.007,0.01,0,38,0.0
2613,1000038612712.0,Residential,0.017,0.04,0,53,0.0
2614,5000005202733925.0,Residential,0.004,0.006,0,21,0.0
2615,1000030010600.0,Residential,0.065,0.21,0,79,0.0
2616,1000030011285.0,Residential,0.033,0.092,0,75,0.0
2617,1000030011358.0,Residential,0.012,0.021,0,119,0.0
2618,1000030011330.0,Residential,0.019,0.054,0,111,0.0
2619,1000030010494.0,Residential,0.014,0.044,0,172,0.0
2620,1000030010686.0,Residential,0.034,0.089,0,69,0.0
2621,1000030011674.0,Residential,0.027,0.061,0,81,0.0
2622,1000030011782.0,Residential,0.061,0.096,0,42,0.0
2623,1000038612298.0,Residential,0.029,0.057,0,42,0.0
2624,1000030011764.0,Residential,0.092,0.242,0,35,0.0
2625,5000005202734182.0,Residential,0.009,0.022,0,17,0.0
2626,1000030009618.0,Residential,0.028,0.11,0,129,0.0
2627,1000030010192.0,Residential,0.013,0.05,0,93,0.0
2628,1000030010366.0,Residential,0.002,0.004,0,68,0.0
2629,1000030010677.0,Residential,0.026,0.077,0,14,0.0
2630,1000030011190.0,Residential,0.003,0.004,0,2,0.0
2631,1000038612233.0,Residential,0.006,0.013,0,45,0.0
2632,1000038612686.0,Residential,0.005,0.008,0,47,0.0
2633,1000038612725.0,Residential,0.038,0.084,0,49,0.0
2634,1000030011393.0,Residential,0.004,0.005,0,122,0.0
2635,1000030011382.0,Residential,0.008,0.012,0,103,0.0
2636,5000005238628548.0,Residential,0.03,0.049,0,13,0.0
2637,1000030011790.0,Residential,0.019,0.034,0,66,0.0
2638,1000030010898.0,Residential,0.008,0.016,0,84,0.0
2639,1000030011460.0,Residential,0.007,0.01,0,97,0.0
2640,1000038612354.0,Residential,0.027,0.044,0,35,0.0
2641,1000038612754.0,Residential,0.07,0.215,0,38,0.0
2642,1000030010771.0,Residential,0.025,0.067,0,26,0.0
2643,1000030011686.0,Residential,0.005,0.01,0,80,0.0
2644,1000038612196.0,Residential,0.02,0.052,0,87,0.0
2645,1000038612319.0,Residential,0.137,0.279,0,55,0.0
2646,1000030011679.0,Residential,0.01,0.031,0,88,0.0
2647,1000030011636.0,Residential,0.002,0.002,0,52,0.0
2648,1000030010272.0,Residential,0.088,0.147,0,23,0.0
2649,1000030011564.0,Residential,0.114,0.297,0,70,0.0
2650,1000030011322.0,Residential,0.023,0.053,0,155,0.0
2651,1000030011461.0,Residential,0.009,0.027,0,102,0.0
2652,1000030011196.0,Residential,0.131,0.262,0,142,0.0
2653,1000030011178.0,Residential,0.04,0.078,0,11,0.0
2654,5000005210209904.0,Residential,0.005,0.008,0,12,0.0
2655,1000030009547.0,Residential,0.024,0.058,0,93,0.0
2656,1000030010897.0,Residential,0.015,0.033,0,83,0.0
2657,1000038612277.0,Residential,0.34,0.451,1,41,24624.0
2658,1000030011760.0,Residential,0.041,0.115,0,64,0.0
2659,1000030011041.0,Residential,0.044,0.125,0,69,0.0
2660,5000005210209618.0,Residential,0.001,0.001,0,8,0.0
2661,1000030010319.0,Residential,0.002,0.002,0,69,0.0
2662,1000030012679.0,Residential,0.005,0.01,0,98,0.0
2663,1000030011687.0,Residential,0.006,0.012,0,80,0.0
2664,1000030009608.0,Residential,0.017,0.029,0,73,0.0
2665,1000038612284.0,Residential,0.313,0.38,1,50,24624.0
2666,1000030011106.0,Residential,0.002,0.003,0,74,0.0
2667,1000038612257.0,Residential,0.075,0.169,0,45,0.0
2668,1000030010770.0,Residential,0.018,0.046,0,240,0.0
2669,1000030009558.0,Residential,0.005,0.006,0,132,0.0
2670,1000030009524.0,Residential,0.008,0.014,0,130,0.0
2671,1000030010330.0,Residential,0.004,0.006,0,72,0.0
2672,1000030010807.0,Residential,0.048,0.088,0,23,0.0
2673,1000030011361.0,Residential,0.013,0.027,0,74,0.0
2674,1000030011396.0,Residential,0.021,0.046,0,100,0.0
2675,1000038612404.0,Residential,0.012,0.015,0,99,0.0
2676,1000030010794.0,Residential,0.124,0.21,0,82,0.0
2677,1000030012677.0,Residential,0.006,0.013,0,115,0.0
2678,1000030011724.0,Residential,0.007,0.016,0,11,0.0
2679,1000030011683.0,Residential,0.003,0.004,0,86,0.0
2680,1000030011537.0,Residential,0.276,0.52,1,91,24624.0
2681,1000030011555.0,Residential,0.024,0.051,0,74,0.0
2682,5000005210209612.0,Residential,0.07,0.151,0,15,0.0
2683,1000030011082.0,Residential,0.005,0.006,0,59,0.0
2684,1000030010937.0,Residential,0.011,0.019,0,21,0.0
2685,1000030011708.0,Residential,0.013,0.019,0,71,0.0
2686,5000005210209702.0,Residential,0.009,0.017,0,62,0.0
2687,1000030009559.0,Residential,0.029,0.045,0,208,0.0
2688,1000030011712.0,Residential,0.017,0.037,0,74,0.0
2689,1000030011400.0,Residential,0.003,0.007,0,122,0.0
2690,5000005210209678.0,Residential,0.008,0.009,0,5,0.0
2691,1000030010913.0,Residential,0.005,0.008,0,15,0.0
2692,1000030010781.0,Residential,0.057,0.117,0,79,0.0
2693,1000002310330618.0,Residential,0.017,0.02,0,52,0.0
2694,1000030009467.0,Residential,0.012,0.028,0,19,0.0
2695,1000030010732.0,Residential,0.026,0.035,0,70,0.0
2696,1000030011310.0,Residential,0.002,0.003,0,62,0.0
2697,1000038612280.0,Residential,0.342,0.422,1,44,24624.0
2698,1000038612321.0,Residential,0.189,0.395,1,43,24624.0
2699,1000030010274.0,Residential,0.021,0.06,0,86,0.0
2700,1000038612213.0,Residential,0.03,0.076,0,82,0.0
2701,1000030011337.0,Residential,0.019,0.047,0,76,0.0
2702,1000030011792.0,Residential,0.009,0.019,0,41,0.0
2703,1000038612227.0,Residential,0.006,0.013,0,40,0.0
2704,1000038612710.0,Residential,0.006,0.011,0,43,0.0
2705,1000030011628.0,Residential,0.002,0.003,0,39,0.0
2706,5000005202734127.0,Residential,0.002,0.003,0,5,0.0
2707,1000030011429.0,Residential,0.005,0.011,0,104,0.0
2708,1000030011680.0,Residential,0.007,0.016,0,83,0.0
2709,5000005210209592.0,Residential,0.021,0.061,0,42,0.0
2710,1000030009603.0,Residential,0.012,0.04,0,16,0.0
2711,1000030010625.0,Residential,0.022,0.046,0,85,0.0
2712,1000030011451.0,Residential,0.041,0.076,0,75,0.0
2713,1000030010956.0,Residential,0.115,0.193,0,19,0.0
2714,1000030011701.0,Residential,0.019,0.044,0,62,0.0
2715,1000030010801.0,Residential,0.044,0.084,0,73,0.0
2716,1000030011407.0,Residential,0.022,0.05,0,94,0.0
2717,1000030009552.0,Residential,0.024,0.062,0,22,0.0
2718,1000038612375.0,Residential,0.087,0.232,0,40,0.0
2719,1000030010790.0,Residential,0.034,0.096,0,104,0.0
2720,5000005202734371.0,Residential,0.004,0.005,0,17,0.0
2721,1000030010902.0,Residential,0.01,0.016,0,96,0.0
2722,5000005210209712.0,Residential,0.058,0.062,0,12,0.0
2723,1000030010348.0,Residential,0.007,0.011,0,73,0.0
2724,1000030010365.0,Residential,0.002,0.002,0,77,0.0
2725,1000030010810.0,Residential,0.011,0.023,0,32,0.0
2726,1000030011389.0,Residential,0.01,0.026,0,86,0.0
2727,1000030010340.0,Residential,0.005,0.012,0,79,0.0
2728,1000030010337.0,Residential,0.017,0.035,0,55,0.0
2729,1000030010707.0,Residential,0.007,0.014,0,13,0.0
2730,1000030010934.0,Residential,0.004,0.008,0,16,0.0
2731,1000030012233.0,Residential,0.05,0.126,0,105,0.0
2732,1000030012232.0,Residential,0.003,0.004,0,10,0.0
2733,1000038612504.0,Residential,0.003,0.003,0,36,0.0
2734,1000038612749.0,Residential,0.271,0.55,1,41,24624.0
2735,5000005202734009.0,Residential,0.004,0.006,0,13,0.0
2736,1000030010757.0,Residential,0.087,0.229,0,66,0.0
2737,1000030011267.0,Residential,0.03,0.073,0,40,0.0
2738,1000030011514.0,Residential,0.005,0.009,0,87,0.0
2739,5000005210209736.0,Residential,0.013,0.029,0,13,0.0
2740,1000030009566.0,Residential,0.021,0.053,0,98,0.0
2741,1000030009630.0,Residential,0.052,0.152,0,678,0.0
2742,1000030010860.0,Residential,0.033,0.059,0,16,0.0
2743,1000030011063.0,Residential,0.088,0.161,0,16,0.0
2744,1000030011093.0,Residential,0.018,0.031,0,58,0.0
2745,1000030011737.0,Residential,0.005,0.008,0,75,0.0
2746,1000038612330.0,Residential,0.013,0.028,0,39,0.0
2747,1000030011504.0,Residential,0.004,0.005,0,77,0.0
2748,1000030010587.0,Residential,0.046,0.097,0,118,0.0
2749,1000030010779.0,Residential,0.079,0.117,0,68,0.0
2750,1000030010586.0,Residential,0.011,0.014,0,112,0.0
2751,1000030009438.0,Residential,0.01,0.021,0,24,0.0
2752,1000030010653.0,Residential,0.018,0.035,0,83,0.0
2753,1000030010684.0,Residential,0.004,0.009,0,17,0.0
2754,1000030010857.0,Residential,0.023,0.042,0,12,0.0
2755,1000030011577.0,Residential,0.03,0.081,0,79,0.0
2756,1000038612340.0,Residential,0.119,0.182,0,48,0.0
2757,1000038612715.0,Residential,0.012,0.025,0,39,0.0
2758,1000042879391.0,Residential,0.003,0.004,0,32,0.0
2759,5000005202733978.0,Residential,0.004,0.005,0,14,0.0
2760,5000005202733523.0,Residential,0.053,0.13,0,106,0.0
2761,1000030011367.0,Residential,0.011,0.027,0,90,0.0
2762,1000030011510.0,Residential,0.013,0.028,0,85,0.0
2763,1000030011044.0,Residential,0.02,0.053,0,83,0.0
2764,1000030010205.0,Residential,0.006,0.01,0,88,0.0
2765,1000030009537.0,Residential,0.014,0.031,0,253,0.0
2766,1000030010187.0,Residential,0.007,0.028,0,96,0.0
2767,1000038612242.0,Residential,0.078,0.146,0,45,0.0
2768,1000038612723.0,Residential,0.222,0.387,1,49,24624.0
2769,1000038612739.0,Residential,0.005,0.009,0,42,0.0
2770,1000002310413802.0,Residential,0.021,0.047,0,4,0.0
2771,1000030010739.0,Residential,0.055,0.168,0,70,0.0
2772,1000030011688.0,Residential,0.018,0.036,0,97,0.0
2773,5000005207585713.0,Residential,0.004,0.005,0,11,0.0
2774,1000030010342.0,Residential,0.009,0.02,0,79,0.0
2775,1000030010636.0,Residential,0.022,0.039,0,2,0.0
2776,1000030010762.0,Residential,0.077,0.181,0,72,0.0
2777,1000030010804.0,Residential,0.061,0.113,0,80,0.0
2778,1000030011664.0,Residential,0.002,0.004,0,50,0.0
2779,1000038612417.0,Residential,0.022,0.052,0,47,0.0
2780,1000038612702.0,Residential,0.049,0.114,0,47,0.0
2781,5000005202734110.0,Residential,0.005,0.008,0,12,0.0
2782,1000030011309.0,Residential,0.013,0.033,0,72,0.0
2783,1000038612209.0,Residential,0.005,0.017,0,92,0.0
2784,1000030009613.0,Residential,0.016,0.025,0,18,0.0
2785,1000030009521.0,Residential,0.036,0.113,0,26,0.0
2786,1000030010057.0,Residential,0.006,0.016,0,115,0.0
2787,1000030010705.0,Residential,0.005,0.012,0,76,0.0
2788,1000030011387.0,Residential,0.008,0.014,0,84,0.0
2789,5000005207582567.0,Residential,0.01,0.025,0,15,0.0
2790,1000030010181.0,Residential,0.009,0.02,0,89,0.0
2791,1000030011485.0,Residential,,,,164,52632.0
2792,1000030009456.0,Residential,0.049,0.035,0,136,0.0
2793,1000030010490.0,Residential,0.007,0.011,0,113,0.0
2794,1000030010961.0,Residential,0.015,0.036,0,70,0.0
2795,1000038612285.0,Residential,0.29,0.352,1,40,24624.0
2796,1000038612733.0,Residential,0.015,0.034,0,42,0.0
2797,1000030011273.0,Residential,0.025,0.062,0,71,0.0
2798,1000030011344.0,Residential,0.056,0.116,0,88,0.0
2799,1000030010751.0,Residential,0.046,0.11,0,71,0.0
2800,1000030011191.0,Residential,0.004,0.006,0,125,0.0
2801,1000030010318.0,Residential,0.004,0.006,0,18,0.0
2802,1000030010667.0,Residential,0.057,0.137,0,78,0.0
2803,1000030011349.0,Residential,0.027,0.059,0,17,0.0
2804,1000038612328.0,Residential,0.017,0.032,0,43,0.0
2805,1000038612412.0,Residential,0.022,0.069,0,52,0.0
2806,1000038612771.0,Residential,0.013,0.035,0,43,0.0
2807,1000030011357.0,Residential,0.011,0.019,0,77,0.0
2808,1000030011279.0,Residential,0.024,0.064,0,101,0.0
2809,1000030011444.0,Residential,0.021,0.047,0,108,0.0
2810,1000030011559.0,Residential,0.039,0.088,0,60,0.0
2811,1000030010264.0,Residential,0.068,0.205,0,81,0.0
2812,1000030010982.0,Residential,0.014,0.033,0,70,0.0
2813,1000030011583.0,Residential,0.038,0.127,0,86,0.0
2814,1000030011668.0,Residential,0.013,0.035,0,12,0.0
2815,1000030011793.0,Residential,0.003,0.005,0,45,0.0
2816,1000038612502.0,Residential,0.003,0.003,0,34,0.0
2817,1000038612764.0,Residential,0.031,0.073,0,42,0.0
2818,1000030011071.0,Residential,0.063,0.07,0,51,0.0
2819,1000002310413811.0,Residential,0.104,0.348,1,1042,24624.0
2820,1000030011317.0,Residential,0.01,0.019,0,75,0.0
2821,5000005207582258.0,Residential,0.012,0.026,0,20,0.0
2822,1000030010621.0,Residential,0.014,0.026,0,57,0.0
2823,1000030011094.0,Residential,0.019,0.032,0,59,0.0
2824,1000030011522.0,Residential,0.027,0.062,0,38,0.0
2825,1000038612367.0,Residential,0.019,0.049,0,43,0.0
2826,1000038612740.0,Residential,0.011,0.029,0,46,0.0
2827,1000030011021.0,Residential,0.058,0.148,0,94,0.0
2828,1000030010496.0,Residential,0.008,0.02,0,80,0.0
2829,1000030010277.0,Residential,0.013,0.027,0,16,0.0
2830,1000030010683.0,Residential,0.004,0.006,0,16,0.0
2831,1000030011692.0,Residential,0.084,0.127,0,69,0.0
2832,1000030010596.0,Residential,0.04,0.075,0,101,0.0
2833,1000030011158.0,Residential,0.076,0.13,0,22,0.0
2834,1000030010241.0,Residential,0.082,0.149,0,76,0.0
2835,1000030010891.0,Residential,0.01,0.019,0,93,0.0
2836,1000030011051.0,Residential,0.002,0.003,0,85,0.0
2837,1000030011390.0,Residential,0.02,0.052,0,83,0.0
2838,1000038612211.0,Residential,0.02,0.046,0,86,0.0
2839,1000038612352.0,Residential,0.011,0.02,0,41,0.0
2840,1000038612696.0,Residential,0.053,0.082,0,38,0.0
2841,1000030011023.0,Residential,0.062,0.161,0,76,0.0
2842,1000030011290.0,Residential,0.138,0.314,1,86,24624.0
2843,1000038612359.0,Residential,0.03,0.065,0,51,0.0
2844,1000030011073.0,Residential,0.137,0.298,0,88,0.0
2845,5000005210209945.0,Residential,0.006,0.015,0,15,0.0
2846,1000030009587.0,Residential,0.099,0.371,0,122,0.0
2847,1000030009584.0,Residential,0.014,0.038,0,6,0.0
2848,1000030010698.0,Residential,0.008,0.019,0,15,0.0
2849,1000030010943.0,Residential,0.138,0.443,1,67,24624.0
2850,1000038612228.0,Residential,0.019,0.056,0,47,0.0
2851,1000030011433.0,Residential,0.009,0.02,0,32,0.0
2852,1000038612222.0,Residential,0.01,0.016,0,21,0.0
2853,1000030011675.0,Residential,0.014,0.04,0,85,0.0
2854,1000030011454.0,Residential,0.003,0.003,0,89,0.0
2855,1000030011554.0,Residential,0.029,0.06,0,78,0.0
2856,1000030010926.0,Residential,0.012,0.018,0,15,0.0
2857,1000030011110.0,Residential,0.003,0.005,0,79,0.0
2858,1000030010310.0,Residential,0.008,0.018,0,82,0.0
2859,1000030011035.0,Residential,0.018,0.031,0,81,0.0
2860,1000038612324.0,Residential,0.062,0.164,0,42,0.0
2861,1000038612767.0,Residential,0.003,0.005,0,47,0.0
2862,1000038612258.0,Residential,0.05,0.095,0,43,0.0
2863,5000005202734070.0,Residential,0.005,0.01,0,13,0.0
2864,1000030011398.0,Residential,0.023,0.063,0,129,0.0
2865,1000030010628.0,Residential,0.018,0.025,0,81,0.0
2866,1000030011201.0,Residential,0.016,0.061,0,144,0.0
2867,1000030012675.0,Residential,0.002,0.004,0,83,0.0
2868,1000030009489.0,Residential,0.002,0.004,0,21,0.0
2869,1000030009583.0,Residential,0.031,0.033,0,6,0.0
2870,1000030010287.0,Residential,0.004,0.007,0,63,0.0
2871,1000030010599.0,Residential,0.096,0.268,0,97,0.0
2872,1000042879406.0,Residential,0.196,0.313,1,59,24624.0
2873,1000030010243.0,Residential,0.011,0.028,0,83,0.0
2874,1000030009520.0,Residential,0.094,0.269,0,9,0.0
2875,1000030010497.0,Residential,0.002,0.004,0,78,0.0
2876,1000030011584.0,Residential,0.027,0.055,0,76,0.0
2877,1000030011677.0,Residential,0.002,0.002,0,79,0.0
2878,1000038612368.0,Residential,0.02,0.053,0,45,0.0
2879,1000038612750.0,Residential,0.277,0.555,1,41,24624.0
2880,1000038612302.0,Residential,0.025,0.053,0,46,0.0
2881,1000030010039.0,Residential,0.049,0.11,0,84,0.0
2882,5000005207582745.0,Residential,0.021,0.042,0,17,0.0
2883,5000005210209804.0,Residential,0.007,0.018,0,27,0.0
2884,1000030011374.0,Residential,0.006,0.013,0,90,0.0
2885,1000030010144.0,Residential,0.002,0.002,0,87,0.0
2886,1000030011388.0,Residential,0.011,0.022,0,78,0.0
2887,1000038612294.0,Residential,0.005,0.011,0,13,0.0
2888,1000038612341.0,Residential,0.013,0.024,0,50,0.0
2889,1000030010721.0,Residential,0.002,0.003,0,74,0.0
2890,5000005202734265.0,Residential,0.204,0.785,1,81,27210.0
2891,1000030011567.0,Residential,0.104,0.21,0,69,0.0
2892,1000030011070.0,Residential,0.09,0.228,0,46,0.0
2893,5000005234387146.0,Residential,0.009,0.012,0,60,0.0
2894,1000030010681.0,Residential,0.015,0.041,0,73,0.0
2895,1000030011333.0,Residential,0.009,0.022,0,77,0.0
2896,1000030011314.0,Residential,0.028,0.06,0,73,0.0
2897,1000030011511.0,Residential,0.015,0.037,0,85,0.0
2898,1000030010479.0,Residential,0.013,0.03,0,131,0.0
2899,1000030010232.0,Residential,0.049,0.172,0,94,0.0
2900,1000030009570.0,Residential,0.038,0.038,0,2,0.0
2901,1000030010901.0,Residential,0.004,0.005,0,82,0.0
2902,1000030011880.0,Residential,0.016,0.028,0,106,0.0
2903,1000030011104.0,Residential,0.004,0.004,0,106,0.0
2904,1000030011776.0,Residential,0.022,0.036,0,10,0.0
2905,5000005210209684.0,Residential,0.041,0.078,0,17,0.0
2906,5000005210209846.0,Residential,0.023,0.055,0,12,0.0
2907,1000030009502.0,Residential,0.165,0.185,0,5,0.0
2908,1000030010475.0,Residential,0.022,0.063,0,96,0.0
2909,1000030009601.0,Residential,0.012,0.034,0,171,0.0
2910,1000030010271.0,Residential,0.03,0.058,0,62,0.0
2911,1000030010693.0,Residential,0.042,0.14,0,67,0.0
2912,1000030011112.0,Residential,0.01,0.024,0,73,0.0
2913,1000030009605.0,Residential,0.024,0.054,0,95,0.0
2914,5000005210209681.0,Residential,0.046,0.118,0,40,0.0
2915,1000030010231.0,Residential,0.026,0.046,0,15,0.0
2916,1000030010964.0,Residential,0.045,0.056,0,72,0.0
2917,1000030011090.0,Residential,0.014,0.034,0,60,0.0
2918,1000038612336.0,Residential,0.095,0.155,0,49,0.0
2919,1000038612729.0,Residential,0.026,0.06,0,43,0.0
2920,1000038612772.0,Residential,0.02,0.068,0,44,0.0
2921,5000005202733766.0,Residential,0.002,0.004,0,3,0.0
2922,1000030010899.0,Residential,0.007,0.014,0,86,0.0
2923,1000030012236.0,Residential,0.045,0.099,0,127,0.0
2924,1000030009625.0,Residential,0.042,0.084,0,14,0.0
2925,1000030010286.0,Residential,0.014,0.033,0,67,0.0
2926,1000030010602.0,Residential,0.03,0.072,0,55,0.0
2927,1000030011186.0,Residential,0.003,0.004,0,3,0.0
2928,1000030011733.0,Residential,0.01,0.025,0,69,0.0
2929,1000038612761.0,Residential,0.009,0.018,0,41,0.0
2930,5000005202734636.0,Residential,0.451,0.582,1,14,24624.0
2931,5000005202733549.0,Residential,0.002,0.004,0,14,0.0
2932,1000030010920.0,Residential,0.115,0.416,1,69,24624.0
2933,1000030010058.0,Residential,0.009,0.018,0,20,0.0
2934,1000030011324.0,Residential,0.008,0.01,0,15,0.0
2935,1000030012678.0,Residential,0.015,0.022,0,111,0.0
2936,1000038612293.0,Residential,0.036,0.089,0,51,0.0
2937,1000042879393.0,Residential,0.028,0.073,0,64,0.0
2938,1000030011630.0,Residential,0.002,0.004,0,43,0.0
2939,1000038612210.0,Residential,0.009,0.019,0,81,0.0
2940,1000030011625.0,Residential,0.002,0.003,0,82,0.0
2941,1000038612759.0,Residential,0.003,0.005,0,62,0.0
2942,1000030009450.0,Residential,0.086,0.183,0,245,0.0
2943,1000030009555.0,Residential,0.002,0.002,0,4,0.0
2944,5000005202734176.0,Residential,0.007,0.012,0,14,0.0
2945,1000030011308.0,Residential,0.056,0.178,0,78,0.0
2946,1000030011171.0,Residential,0.048,0.105,0,125,0.0
2947,1000030010139.0,Residential,0.01,0.02,0,80,0.0
2948,1000030010364.0,Residential,0.01,0.022,0,79,0.0
2949,1000038612297.0,Residential,0.02,0.039,0,41,0.0
2950,1000030011761.0,Residential,0.047,0.123,0,38,0.0
2951,5000005120819086.0,Residential,0.002,0.003,0,11,0.0
2952,5000005202733772.0,Residential,0.191,0.451,1,157,24624.0
2953,1000030011718.0,Residential,0.022,0.038,0,88,0.0
2954,1000030010645.0,Residential,0.152,0.473,1,100,24624.0
2955,1000030011392.0,Residential,0.011,0.015,0,117,0.0
2956,1000030012682.0,Residential,0.038,0.1,0,104,0.0
2957,1000030010480.0,Residential,0.018,0.068,0,114,0.0
2958,1000030010315.0,Residential,0.002,0.003,0,80,0.0
2959,1000030010198.0,Residential,0.028,0.048,0,15,0.0
2960,1000030010632.0,Residential,0.01,0.017,0,17,0.0
2961,1000030010859.0,Residential,0.025,0.054,0,10,0.0
2962,1000038612768.0,Residential,0.029,0.078,0,47,0.0
2963,1000042879396.0,Residential,0.014,0.029,0,61,0.0
2964,5000005202733880.0,Residential,0.005,0.008,0,15,0.0
2965,1000038612199.0,Residential,0.018,0.046,0,100,0.0
2966,1000030010755.0,Residential,0.017,0.032,0,69,0.0
2967,1000030011580.0,Residential,0.068,0.198,0,71,0.0
2968,1000030011118.0,Residential,0.011,0.024,0,17,0.0
2969,1000030011184.0,Residential,0.005,0.008,0,164,0.0
2970,1000030010997.0,Residential,0.046,0.114,0,91,0.0
2971,1000030009484.0,Residential,0.053,0.15,0,108,0.0
2972,1000030010381.0,Residential,0.001,0.001,0,105,0.0
2973,1000030010691.0,Residential,0.008,0.014,0,17,0.0
2974,1000038612360.0,Residential,0.15,0.275,0,10,0.0
2975,1000030010846.0,Residential,0.019,0.04,0,43,0.0
2976,1000030009612.0,Residential,0.036,0.108,0,78,0.0
2977,1000030010041.0,Residential,0.014,0.034,0,85,0.0
2978,1000030011519.0,Residential,0.012,0.022,0,212,0.0
2979,1000030011795.0,Residential,0.026,0.05,0,88,0.0
2980,1000030011194.0,Residential,0.194,0.421,1,151,24624.0
2981,1000030009463.0,Residential,0.031,0.061,0,20,0.0
2982,1000030010655.0,Residential,0.011,0.03,0,22,0.0
2983,1000030011362.0,Residential,0.008,0.016,0,79,0.0
2984,5000005202734430.0,Residential,0.014,0.03,0,8,0.0
2985,1000030011725.0,Residential,0.035,0.078,0,78,0.0
2986,5000005210209782.0,Residential,0.003,0.005,0,30,0.0
2987,1000030010640.0,Residential,0.002,0.002,0,2,0.0
2988,1000030010947.0,Residential,0.068,0.075,0,47,0.0
2989,1000030011582.0,Residential,0.032,0.081,0,83,0.0
2990,1000030011585.0,Residential,0.013,0.024,0,73,0.0
2991,1000038612730.0,Residential,0.004,0.005,0,37,0.0
2992,1000030011401.0,Residential,0.005,0.008,0,93,0.0
2993,1000030011638.0,Residential,0.002,0.003,0,39,0.0
2994,1000030010730.0,Residential,0.01,0.016,0,96,0.0
2995,1000030010969.0,Residential,0.016,0.038,0,97,0.0
2996,1000030010679.0,Residential,0.007,0.015,0,15,0.0
2997,1000030010711.0,Residential,0.008,0.012,0,8,0.0
2998,1000030011058.0,Residential,0.046,0.095,0,78,0.0
2999,1000030010791.0,Residential,0.002,0.002,0,6,0.0
3000,1000030011278.0,Residential,0.018,0.049,0,74,0.0
3001,1000030011713.0,Residential,0.015,0.036,0,68,0.0
3002,1000030010206.0,Residential,0.026,0.061,0,13,0.0
3003,1000030011115.0,Residential,0.002,0.003,0,76,0.0
3004,1000030011352.0,Residential,0.005,0.009,0,83,0.0
3005,1000030011486.0,Residential,0.033,0.111,0,5956,0.0
3006,1000030011678.0,Residential,0.007,0.015,0,75,0.0
3007,1000038612234.0,Residential,0.003,0.005,0,46,0.0
3008,1000038612681.0,Residential,0.033,0.075,0,52,0.0
3009,5000005202733836.0,Residential,0.03,0.078,0,27,0.0
3010,5000005207585497.0,Residential,0.013,0.03,0,39,0.0
3011,1000030009557.0,Residential,0.004,0.005,0,137,0.0
3012,1000030010254.0,Residential,0.055,0.105,0,75,0.0
3013,1000030010671.0,Residential,0.044,0.113,0,74,0.0
3014,1000030010993.0,Residential,0.016,0.043,0,72,0.0
3015,1000030011419.0,Residential,0.003,0.005,0,77,0.0
3016,1000030011729.0,Residential,0.02,0.08,0,79,0.0
3017,1000038612250.0,Residential,0.054,0.092,0,40,0.0
3018,1000038612312.0,Residential,0.051,0.135,0,42,0.0
3019,5000005202734379.0,Residential,0.038,0.069,0,26,0.0
3020,1000030011276.0,Residential,0.037,0.085,0,113,0.0
3021,1000030009505.0,Residential,0.022,0.083,0,168,0.0
3022,1000038612415.0,Residential,0.071,0.131,0,38,0.0
3023,1000030011719.0,Residential,0.025,0.068,0,65,0.0
3024,1000030010592.0,Residential,0.047,0.085,0,14,0.0
3025,1000030011391.0,Residential,0.077,0.149,0,75,0.0
3026,1000030011563.0,Residential,0.037,0.125,0,66,0.0
3027,1000038612372.0,Residential,0.044,0.12,0,48,0.0
3028,1000038612701.0,Residential,0.046,0.102,0,39,0.0
3029,1000030010927.0,Residential,0.066,0.176,0,67,0.0
3030,5000005120819103.0,Residential,0.002,0.003,0,9,0.0
3031,5000005202733946.0,Residential,0.005,0.017,0,83,0.0
3032,1000038612766.0,Residential,0.052,0.118,0,102,0.0
3033,1000030011632.0,Residential,0.003,0.004,0,51,0.0
3034,1000030010482.0,Residential,0.055,0.139,0,118,0.0
3035,1000030009437.0,Residential,0.008,0.015,0,199,0.0
3036,1000030010673.0,Residential,0.029,0.071,0,13,0.0
3037,1000030010808.0,Residential,0.019,0.048,0,26,0.0
3038,1000030012619.0,Residential,0.003,0.005,0,78,0.0
3039,1000038612760.0,Residential,0.009,0.021,0,42,0.0
3040,1000030010335.0,Residential,0.014,0.031,0,10,0.0
3041,5000005202733790.0,Residential,0.015,0.034,0,49,0.0
3042,1000030011747.0,Residential,0.002,0.002,0,1,0.0
3043,1000030009604.0,Residential,0.021,0.037,0,73,0.0
3044,1000030010226.0,Residential,0.129,0.353,1,77,24624.0
3045,1000030009569.0,Residential,0.015,0.043,0,167,0.0
3046,1000030010352.0,Residential,0.005,0.005,0,69,0.0
3047,1000038612243.0,Residential,0.181,0.212,0,37,0.0
3048,1000038612746.0,Residential,0.081,0.167,0,36,0.0
3049,1000030011015.0,Residential,0.059,0.118,0,90,0.0
3050,1000030010603.0,Residential,0.026,0.069,0,109,0.0
3051,1000030010233.0,Residential,0.055,0.173,0,84,0.0
3052,1000030010855.0,Residential,0.015,0.045,0,18,0.0
3053,1000030011059.0,Residential,0.147,0.205,0,77,0.0
3054,1000030010758.0,Residential,0.07,0.185,0,82,0.0
3055,1000030011175.0,Residential,0.045,0.1,0,96,0.0
3056,1000030010936.0,Residential,0.092,0.255,0,68,0.0
3057,1000030011017.0,Residential,0.052,0.084,0,94,0.0
3058,1000030012689.0,Residential,,,,1,52632.0
3059,1000038612310.0,Residential,0.085,0.2,0,49,0.0
3060,1000038612775.0,Residential,0.016,0.042,0,42,0.0
3061,5000005202733677.0,Residential,0.06,0.144,0,13,0.0
3062,1000030010883.0,Residential,0.004,0.007,0,74,0.0
3063,1000030010830.0,Residential,0.073,0.246,0,80,0.0
3064,1000030012680.0,Residential,0.006,0.014,0,114,0.0
3065,1000030009457.0,Residential,0.007,0.014,0,144,0.0
3066,1000030011183.0,Residential,0.003,0.003,0,3,0.0
3067,1000030011735.0,Residential,0.004,0.006,0,16,0.0
3068,1000038612709.0,Residential,0.006,0.014,0,40,0.0
3069,1000030011286.0,Residential,0.097,0.252,0,75,0.0
3070,5000005202734383.0,Residential,0.012,0.023,0,12,0.0
3071,5000005210209568.0,Residential,0.009,0.015,0,22,0.0
3072,1000030009461.0,Residential,0.014,0.018,0,222,0.0
3073,1000030011788.0,Residential,0.019,0.046,0,42,0.0
3074,1000038612373.0,Residential,0.012,0.029,0,39,0.0
3075,1000030011062.0,Residential,0.074,0.15,0,33,0.0
3076,5000005202734231.0,Residential,0.005,0.01,0,30,0.0
3077,1000030010044.0,Residential,0.004,0.008,0,109,0.0
3078,1000030011652.0,Residential,0.008,0.015,0,49,0.0
3079,1000030010590.0,Residential,0.022,0.057,0,116,0.0
3080,1000030009430.0,Residential,0.457,0.849,1,439,27210.0
3081,5000005238945903.0,Residential,0.022,0.051,0,16,0.0
3082,1000030009576.0,Residential,0.012,0.031,0,30,0.0
3083,1000030010952.0,Residential,0.034,0.056,0,82,0.0
3084,1000030011375.0,Residential,0.002,0.004,0,82,0.0
3085,1000030011423.0,Residential,0.011,0.025,0,78,0.0
3086,1000030011756.0,Residential,0.079,0.188,0,39,0.0
3087,1000030011661.0,Residential,0.013,0.03,0,16,0.0
3088,1000030011738.0,Residential,0.004,0.008,0,73,0.0
3089,1000030010666.0,Residential,0.032,0.055,0,94,0.0
3090,1000030011637.0,Residential,0.003,0.004,0,56,0.0
3091,1000030010038.0,Residential,0.046,0.116,0,98,0.0
3092,1000030011534.0,Residential,0.06,0.142,0,71,0.0
3093,1000030010368.0,Residential,0.004,0.006,0,17,0.0
3094,1000038612307.0,Residential,0.018,0.035,0,44,0.0
3095,1000030011691.0,Residential,0.111,0.163,0,68,0.0
3096,1000030011363.0,Residential,0.007,0.013,0,80,0.0
3097,1000030011506.0,Residential,0.045,0.115,0,13,0.0
3098,1000030011715.0,Residential,0.02,0.04,0,89,0.0
3099,1000030010611.0,Residential,0.002,0.003,0,65,0.0
3100,1000030011752.0,Residential,0.022,0.037,0,6,0.0
3101,1000030011772.0,Residential,0.05,0.145,0,38,0.0
3102,1000038612281.0,Residential,0.294,0.339,1,40,24624.0
3103,5000005202734196.0,Residential,0.013,0.025,0,21,0.0
3104,1000030011311.0,Residential,0.002,0.004,0,54,0.0
3105,1000030010220.0,Residential,0.02,0.053,0,81,0.0
3106,1000030009564.0,Residential,0.019,0.065,0,171,0.0
3107,1000030012242.0,Residential,0.017,0.041,0,171,0.0
3108,1000030011013.0,Residential,0.126,0.191,0,92,0.0
3109,1000030011049.0,Residential,0.009,0.025,0,78,0.0
3110,1000038612325.0,Residential,0.02,0.042,0,47,0.0
3111,1000038612397.0,Residential,0.019,0.047,0,33,0.0
3112,5000005202733602.0,Residential,0.065,0.16,0,19,0.0
3113,1000030011635.0,Residential,0.002,0.004,0,40,0.0
3114,1000030011198.0,Residential,0.109,0.255,0,127,0.0
3115,5000005210209803.0,Residential,0.024,0.058,0,13,0.0
3116,1000030009590.0,Residential,0.07,0.173,0,84,0.0
3117,1000030010219.0,Residential,0.02,0.052,0,79,0.0
3118,1000030009631.0,Residential,0.014,0.022,0,58,0.0
3119,1000030011753.0,Residential,0.068,0.16,0,40,0.0
3120,1000038612194.0,Residential,0.129,0.214,0,77,0.0
3121,1000030010276.0,Residential,0.005,0.007,0,73,0.0
3122,1000030010288.0,Residential,0.033,0.087,0,68,0.0
3123,1000030011650.0,Residential,0.013,0.039,0,47,0.0
3124,1000038612742.0,Residential,0.02,0.057,0,43,0.0
3125,5000005202733904.0,Residential,0.004,0.007,0,13,0.0
3126,5000005202734556.0,Residential,0.006,0.016,0,18,0.0
3127,1000030011381.0,Residential,0.003,0.004,0,81,0.0
3128,1000030010191.0,Residential,0.014,0.037,0,87,0.0
3129,1000030011099.0,Residential,0.013,0.029,0,13,0.0
3130,1000038612765.0,Residential,0.059,0.106,0,40,0.0
3131,1000030011709.0,Residential,0.02,0.046,0,65,0.0
3132,1000030010742.0,Residential,0.009,0.015,0,80,0.0
3133,5000005210209503.0,Residential,0.067,0.203,0,18,0.0
3134,1000030010429.0,Residential,0.022,0.054,0,139,0.0
3135,1000030009510.0,Residential,0.06,0.15,0,29,0.0
3136,1000030011008.0,Residential,0.159,0.328,1,88,24624.0
3137,1000030011786.0,Residential,0.036,0.051,0,41,0.0
3138,1000042879387.0,Residential,0.006,0.011,0,66,0.0
3139,1000030009877.0,Residential,0.237,0.454,1,74,24624.0
3140,1000030010672.0,Residential,0.037,0.109,0,95,0.0
3141,1000030011346.0,Residential,0.042,0.1,0,77,0.0
3142,1000030010201.0,Residential,0.027,0.074,0,154,0.0
3143,1000030011571.0,Residential,0.061,0.125,0,79,0.0
3144,1000038612202.0,Residential,0.009,0.008,0,130,0.0
3145,1000030011403.0,Residential,0.009,0.027,0,78,0.0
3146,1000038612403.0,Residential,0.016,0.04,0,49,0.0
3147,1000030009875.0,Residential,0.054,0.135,0,85,0.0
3148,1000030010962.0,Residential,0.011,0.027,0,70,0.0
3149,5000005210209830.0,Residential,0.002,0.002,0,60,0.0
3150,1000030011054.0,Residential,0.035,0.114,0,88,0.0
3151,1000030011188.0,Residential,0.002,0.004,0,106,0.0
3152,1000030011518.0,Residential,0.022,0.043,0,25,0.0
3153,1000038612776.0,Residential,0.003,0.005,0,44,0.0
3154,1000030011631.0,Residential,0.001,0.002,0,40,0.0
3155,5000005210209653.0,Residential,0.036,0.102,0,56,0.0
3156,5000005210209464.0,Residential,0.006,0.014,0,6,0.0
3157,1000030009476.0,Residential,0.005,0.009,0,262,0.0
3158,1000030009561.0,Residential,0.008,0.015,0,149,0.0
3159,1000030009629.0,Residential,0.025,0.065,0,56,0.0
3160,1000030011364.0,Residential,0.005,0.01,0,76,0.0
3161,1000030011748.0,Residential,0.092,0.19,0,40,0.0
3162,5000005202734242.0,Residential,0.028,0.062,0,2,0.0
3163,1000030011339.0,Residential,0.024,0.034,0,103,0.0
3164,1000030011462.0,Residential,0.008,0.011,0,39,0.0
3165,1000030010849.0,Residential,0.013,0.026,0,48,0.0
3166,1000030011147.0,Residential,0.029,0.057,0,28,0.0
3167,1000030010216.0,Residential,0.031,0.096,0,82,0.0
3168,1000030011538.0,Residential,0.248,0.534,1,99,24624.0
3169,1000030010618.0,Residential,0.009,0.012,0,14,0.0
3170,1000030010950.0,Residential,0.136,0.167,0,10,0.0
3171,1000030011513.0,Residential,0.004,0.006,0,13,0.0
3172,1000030011525.0,Residential,0.015,0.032,0,46,0.0
3173,1000030011673.0,Residential,0.021,0.052,0,77,0.0
3174,1000030011730.0,Residential,0.03,0.082,0,73,0.0
3175,1000030011016.0,Residential,0.061,0.113,0,91,0.0
3176,1000030011717.0,Residential,0.036,0.11,0,60,0.0
3177,1000030010696.0,Residential,0.026,0.068,0,77,0.0
3178,1000030010761.0,Residential,0.036,0.089,0,80,0.0
3179,1000030011181.0,Residential,0.007,0.024,0,182,0.0
3180,5000005210209711.0,Residential,0.027,0.049,0,10,0.0
3181,1000030010225.0,Residential,0.103,0.331,1,67,24624.0
3182,1000030011007.0,Residential,0.182,0.256,0,94,0.0
3183,1000030011365.0,Residential,0.018,0.046,0,82,0.0
3184,1000042879404.0,Residential,0.191,0.359,1,62,24624.0
3185,1000030011456.0,Residential,0.004,0.007,0,96,0.0
3186,1000030011443.0,Residential,0.012,0.03,0,106,0.0
3187,5000005210209529.0,Residential,0.003,0.004,0,16,0.0
3188,1000030010343.0,Residential,0.004,0.005,0,3,0.0
3189,1000030011758.0,Residential,0.071,0.161,0,6,0.0
3190,1000030010786.0,Residential,0.269,0.794,1,89,27210.0
3191,1000030011203.0,Residential,0.074,0.147,0,125,0.0
3192,1000030012623.0,Residential,0.008,0.019,0,13,0.0
3193,1000030010942.0,Residential,0.012,0.022,0,14,0.0
3194,1000030011496.0,Residential,0.151,0.205,0,16,0.0
3195,1000038612684.0,Residential,0.007,0.008,0,39,0.0
3196,5000005202733581.0,Residential,0.116,0.313,1,37,24624.0
3197,1000030011547.0,Residential,0.208,0.521,1,75,24624.0
3198,1000030011294.0,Residential,0.214,0.427,1,86,24624.0
3199,1000030011620.0,Residential,0.01,0.026,0,86,0.0
3200,1000030011452.0,Residential,0.016,0.027,0,83,0.0
3201,1000030009493.0,Residential,0.013,0.035,0,128,0.0
3202,1000030011574.0,Residential,0.02,0.038,0,78,0.0
3203,1000038612418.0,Residential,0.018,0.034,0,46,0.0
3204,1000038612721.0,Residential,0.057,0.132,0,41,0.0
3205,5000005202734276.0,Residential,0.011,0.016,0,8,0.0
3206,1000030010053.0,Residential,0.005,0.008,0,85,0.0
3207,5000005207585585.0,Residential,0.229,0.404,1,24,24624.0
3208,5000005210209597.0,Residential,0.008,0.012,0,15,0.0
3209,1000030010251.0,Residential,0.045,0.15,0,78,0.0
3210,1000030010131.0,Residential,0.028,0.072,0,82,0.0
3211,1000030009490.0,Residential,0.008,0.019,0,16,0.0
3212,1000030010307.0,Residential,0.018,0.039,0,78,0.0
3213,1000038612690.0,Residential,0.009,0.019,0,48,0.0
3214,1000030011447.0,Residential,0.056,0.197,0,76,0.0
3215,1000030010986.0,Residential,0.038,0.072,0,68,0.0
3216,1000030010143.0,Residential,,,,11,52632.0
3217,1000030010478.0,Residential,0.019,0.027,0,15,0.0
3218,1000030011228.0,Residential,0.023,0.066,0,27,0.0
3219,1000038612245.0,Residential,0.203,0.247,0,44,0.0
3220,1000038612348.0,Residential,0.008,0.013,0,40,0.0
3221,1000038612505.0,Residential,0.013,0.021,0,33,0.0
3222,1000038612770.0,Residential,0.024,0.067,0,39,0.0
3223,1000030011702.0,Residential,0.017,0.034,0,70,0.0
3224,1000030011334.0,Residential,0.007,0.01,0,78,0.0
3225,1000030010717.0,Residential,0.002,0.003,0,86,0.0
3226,1000038612206.0,Residential,0.02,0.051,0,89,0.0
3227,1000030009425.0,Residential,0.023,0.092,0,162,0.0
3228,1000030009455.0,Residential,0.152,0.377,1,34,24624.0
3229,1000030009466.0,Residential,0.241,0.636,1,16,27210.0
3230,1000030011045.0,Residential,0.024,0.058,0,81,0.0
3231,1000030011144.0,Residential,0.021,0.048,0,113,0.0
3232,1000038612346.0,Residential,0.025,0.044,0,7,0.0
3233,1000038612722.0,Residential,0.016,0.027,0,44,0.0
3234,1000030011508.0,Residential,0.018,0.028,0,79,0.0
3235,1000030010379.0,Residential,0.025,0.074,0,82,0.0
3236,1000030010326.0,Residential,0.003,0.004,0,79,0.0
3237,1000030010629.0,Residential,0.014,0.028,0,30,0.0
3238,1000030011744.0,Residential,0.008,0.014,0,76,0.0
3239,1000030011751.0,Residential,0.025,0.054,0,40,0.0
3240,1000038612259.0,Residential,0.092,0.155,0,49,0.0
3241,5000005202733718.0,Residential,0.002,0.003,0,11,0.0
3242,1000030011376.0,Residential,0.002,0.003,0,89,0.0
3243,5000005207582268.0,Residential,0.104,0.203,0,21,0.0
3244,1000030009440.0,Residential,0.021,0.076,0,145,0.0
3245,5000005210209671.0,Residential,0.014,0.029,0,10,0.0
3246,1000030010325.0,Residential,0.006,0.012,0,69,0.0
3247,1000038612751.0,Residential,0.099,0.223,0,73,0.0
3248,1000030011639.0,Residential,0.009,0.021,0,40,0.0
3249,1000030011766.0,Residential,0.101,0.277,0,13,0.0
3250,1000030011771.0,Residential,0.016,0.028,0,41,0.0
3251,1000030009582.0,Residential,0.016,0.035,0,29,0.0
3252,1000030010279.0,Residential,0.01,0.027,0,16,0.0
3253,1000030010778.0,Residential,0.017,0.035,0,82,0.0
3254,1000030010975.0,Residential,0.012,0.022,0,17,0.0
3255,1000030012247.0,Residential,0.004,0.008,0,17,0.0
3256,1000030011318.0,Residential,0.02,0.036,0,16,0.0
3257,1000030010905.0,Residential,0.094,0.179,0,94,0.0
3258,1000038612301.0,Residential,0.012,0.025,0,51,0.0
3259,1000038612343.0,Residential,0.017,0.038,0,48,0.0
3260,1000038612708.0,Residential,0.005,0.01,0,42,0.0
3261,5000005202733625.0,Residential,0.015,0.03,0,20,0.0
3262,1000030011199.0,Residential,0.103,0.208,0,140,0.0
3263,1000030011539.0,Residential,0.149,0.265,0,115,0.0
3264,1000030010607.0,Residential,0.007,0.015,0,13,0.0
3265,1000038612757.0,Residential,0.098,0.174,0,40,0.0
3266,5000005210209475.0,Residential,0.011,0.02,0,57,0.0
3267,1000030009594.0,Residential,0.009,0.005,0,99,0.0
3268,1000030010854.0,Residential,0.002,0.003,0,50,0.0
3269,1000030011736.0,Residential,0.002,0.003,0,71,0.0
3270,1000038612411.0,Residential,0.05,0.132,0,49,0.0
3271,1000002310276881.0,Residential,0.01,0.028,0,85,0.0
3272,1000030010727.0,Residential,0.003,0.003,0,71,0.0
3273,1000030011529.0,Residential,0.011,0.026,0,64,0.0
3274,1000030011703.0,Residential,0.058,0.16,0,48,0.0
3275,1000030011269.0,Residential,0.08,0.334,0,99,0.0
3276,1000030011394.0,Residential,0.024,0.068,0,84,0.0
3277,1000030011327.0,Residential,0.131,0.315,1,88,24624.0
3278,1000030010278.0,Residential,0.003,0.004,0,81,0.0
3279,1000030010334.0,Residential,0.017,0.041,0,57,0.0
3280,1000038612347.0,Residential,0.016,0.034,0,42,0.0
3281,5000005105383874.0,Residential,0.009,0.02,0,350,0.0
3282,5000005202734216.0,Residential,0.024,0.068,0,14,0.0
3283,1000030011354.0,Residential,0.044,0.12,0,100,0.0
3284,1000030011338.0,Residential,0.034,0.08,0,96,0.0
3285,1000030011366.0,Residential,0.014,0.026,0,109,0.0
3286,5000005210209602.0,Residential,0.002,0.002,0,10,0.0
3287,1000030010291.0,Residential,0.016,0.023,0,18,0.0
3288,1000030010230.0,Residential,0.02,0.054,0,79,0.0
3289,1000030011405.0,Residential,0.019,0.05,0,111,0.0
3290,1000030010904.0,Residential,0.016,0.032,0,90,0.0
3291,5000005202734018.0,Residential,0.032,0.074,0,15,0.0
3292,1000030011275.0,Residential,0.051,0.144,0,79,0.0
3293,1000038612201.0,Residential,0.002,0.002,0,19,0.0
3294,1000030011277.0,Residential,0.032,0.084,0,96,0.0
3295,5000005210209773.0,Residential,0.023,0.051,0,18,0.0
3296,5000005210209472.0,Residential,0.066,0.124,0,20,0.0
3297,1000030010806.0,Residential,0.056,0.093,0,10,0.0
3298,1000030011046.0,Residential,0.009,0.03,0,78,0.0
3299,1000030011084.0,Residential,0.03,0.039,0,59,0.0
3300,1000030011714.0,Residential,0.02,0.044,0,62,0.0
3301,1000030009627.0,Residential,0.017,0.025,0,9,0.0
3302,1000030010941.0,Residential,0.008,0.022,0,15,0.0
3303,1000030011085.0,Residential,0.036,0.05,0,62,0.0
3304,1000030011723.0,Residential,0.022,0.04,0,10,0.0
3305,1000030012612.0,Residential,,,,69,52632.0
3306,1000038612726.0,Residential,0.079,0.176,0,36,0.0
3307,1000030010665.0,Residential,0.003,0.005,0,53,0.0
3308,5000005202733665.0,Residential,0.007,0.016,0,13,0.0
3309,5000005202733990.0,Residential,0.021,0.047,0,9,0.0
3310,1000030011409.0,Residential,0.08,0.192,0,80,0.0
3311,1000030010840.0,Residential,0.024,0.057,0,44,0.0
3312,1000030011173.0,Residential,0.052,0.117,0,122,0.0
3313,1000030010639.0,Residential,0.002,0.002,0,1,0.0
3314,1000030011271.0,Residential,0.018,0.035,0,77,0.0
3315,5000005202733605.0,Residential,0.005,0.01,0,11,0.0
3316,1000030011076.0,Residential,0.056,0.084,0,106,0.0
3317,1000030011197.0,Residential,0.012,0.021,0,16,0.0
3318,5000005210209726.0,Residential,0.013,0.014,0,3,0.0
3319,1000030010619.0,Residential,0.007,0.012,0,71,0.0
3320,5000005239195314.0,Residential,0.126,0.26,0,36,0.0
3321,1000030010280.0,Residential,0.005,0.009,0,70,0.0
3322,1000030010674.0,Residential,0.027,0.081,0,79,0.0
3323,1000030011647.0,Residential,0.047,0.114,0,45,0.0
3324,1000030012231.0,Residential,0.002,0.004,0,100,0.0
3325,1000030011666.0,Residential,0.007,0.017,0,52,0.0
3326,1000030010741.0,Residential,0.009,0.013,0,87,0.0
3327,1000030011749.0,Residential,0.092,0.199,0,40,0.0
3328,1000030009567.0,Residential,0.004,0.007,0,99,0.0
3329,1000030009483.0,Residential,0.008,0.005,0,175,0.0
3330,1000030009628.0,Residential,0.011,0.024,0,63,0.0
3331,1000030010046.0,Residential,0.049,0.148,0,82,0.0
3332,1000030010275.0,Residential,0.016,0.045,0,76,0.0
3333,5000005202734482.0,Residential,0.002,0.002,0,22,0.0
3334,1000030011497.0,Residential,0.136,0.26,0,119,0.0
3335,1000038612278.0,Residential,0.326,0.486,1,54,24624.0
3336,1000030011180.0,Residential,0.008,0.004,0,163,0.0
3337,1000030010267.0,Residential,0.013,0.036,0,73,0.0
3338,1000030010974.0,Residential,0.013,0.025,0,15,0.0
3339,1000030011089.0,Residential,0.016,0.051,0,61,0.0
3340,1000038612191.0,Residential,0.034,0.054,0,81,0.0
3341,1000038612407.0,Residential,0.002,0.002,0,59,0.0
3342,1000030011139.0,Residential,0.015,0.043,0,118,0.0
3343,1000030009487.0,Residential,0.009,0.03,0,177,0.0
3344,1000030010305.0,Residential,0.035,0.104,0,76,0.0
3345,1000030010752.0,Residential,0.02,0.041,0,72,0.0
3346,1000030011141.0,Residential,0.022,0.103,0,111,0.0
3347,1000030011319.0,Residential,0.003,0.005,0,69,0.0
3348,1000042879386.0,Residential,0.027,0.04,0,64,0.0
3349,1000030011111.0,Residential,0.003,0.004,0,77,0.0
3350,5000005202734029.0,Residential,0.114,0.195,0,15,0.0
3351,1000038612207.0,Residential,0.017,0.034,0,102,0.0
3352,1000030011706.0,Residential,0.016,0.059,0,65,0.0
3353,1000030009535.0,Residential,0.002,0.003,0,133,0.0
3354,1000030010351.0,Residential,0.006,0.012,0,91,0.0
3355,1000030009480.0,Residential,0.204,0.36,1,25,24624.0
3356,1000030010712.0,Residential,0.002,0.003,0,75,0.0
3357,1000038612731.0,Residential,0.007,0.012,0,43,0.0
3358,1000030011526.0,Residential,0.02,0.09,0,83,0.0
3359,5000005202733583.0,Residential,0.006,0.009,0,19,0.0
3360,5000005202734001.0,Residential,0.079,0.186,0,43,0.0
3361,1000030010746.0,Residential,0.014,0.019,0,92,0.0
3362,1000030011700.0,Residential,0.021,0.045,0,67,0.0
3363,1000030012611.0,Residential,0.005,0.011,0,144,0.0
3364,1000030012618.0,Residential,0.002,0.004,0,250,0.0
3365,1000030011291.0,Residential,0.126,0.297,0,105,0.0
3366,1000030011039.0,Residential,0.062,0.139,0,82,0.0
3367,1000030011544.0,Residential,0.524,0.579,1,6,24624.0
3368,1000030011587.0,Residential,0.048,0.125,0,73,0.0
3369,1000030011492.0,Residential,0.008,0.018,0,86,0.0
3370,1000030011667.0,Residential,0.016,0.035,0,35,0.0
3371,1000030010649.0,Residential,0.048,0.144,0,83,0.0
3372,1000030010740.0,Residential,0.009,0.013,0,72,0.0
3373,5000005207582237.0,Residential,0.007,0.013,0,60,0.0
3374,1000030011000.0,Residential,0.038,0.072,0,88,0.0
3375,1000030011326.0,Residential,0.102,0.249,0,94,0.0
3376,1000030011410.0,Residential,0.102,0.187,0,77,0.0
3377,1000030011755.0,Residential,0.066,0.172,0,12,0.0
3378,1000038612283.0,Residential,0.323,0.422,1,44,24624.0
3379,1000038612756.0,Residential,0.089,0.178,0,42,0.0
3380,1000030010311.0,Residential,0.005,0.01,0,68,0.0
3381,1000030010375.0,Residential,0.023,0.062,0,86,0.0
3382,1000030010373.0,Residential,0.004,0.008,0,84,0.0
3383,1000042879409.0,Residential,0.034,0.079,0,112,0.0
3384,1000030011626.0,Residential,0.002,0.003,0,68,0.0
3385,5000005202734376.0,Residential,0.006,0.013,0,17,0.0
3386,1000030011671.0,Residential,0.118,0.203,0,18,0.0
3387,1000030010933.0,Residential,0.008,0.021,0,14,0.0
3388,5000005210209774.0,Residential,0.012,0.027,0,13,0.0
3389,1000030011055.0,Residential,0.01,0.02,0,17,0.0
3390,1000030011395.0,Residential,0.049,0.117,0,81,0.0
3391,1000030010866.0,Residential,0.013,0.016,0,57,0.0
3392,1000030010921.0,Residential,0.017,0.026,0,26,0.0
3393,1000030010726.0,Residential,0.003,0.004,0,84,0.0
3394,1000030011075.0,Residential,0.068,0.086,0,91,0.0
3395,1000030010382.0,Residential,,,,77,52632.0
3396,1000030009554.0,Residential,0.013,0.01,0,175,0.0
3397,1000030010182.0,Residential,0.01,0.016,0,15,0.0
3398,1000030010136.0,Residential,0.002,0.002,0,82,0.0
3399,1000030010285.0,Residential,0.018,0.043,0,62,0.0
3400,1000030011777.0,Residential,0.046,0.11,0,46,0.0
3401,1000038612313.0,Residential,0.009,0.024,0,39,0.0
3402,1000038612728.0,Residential,0.082,0.194,0,54,0.0
3403,1000030010308.0,Residential,0.008,0.019,0,80,0.0
3404,1000030009481.0,Residential,0.061,0.147,0,4,0.0
3405,1000030010623.0,Residential,0.027,0.072,0,78,0.0
3406,1000038612752.0,Residential,0.006,0.014,0,49,0.0
3407,1000030010906.0,Residential,0.059,0.105,0,14,0.0
3408,1000030011530.0,Residential,0.004,0.008,0,66,0.0
3409,1000030010984.0,Residential,0.009,0.014,0,20,0.0
3410,1000030010142.0,Residential,0.004,0.007,0,103,0.0
3411,1000030011154.0,Residential,0.013,0.026,0,150,0.0
3412,5000005238945902.0,Residential,0.019,0.047,0,16,0.0
3413,1000030011096.0,Residential,0.026,0.041,0,70,0.0
3414,1000030011750.0,Residential,0.072,0.131,0,38,0.0
3415,1000038612322.0,Residential,0.139,0.411,1,42,24624.0
3416,1000038612716.0,Residential,0.007,0.014,0,42,0.0
3417,1000030011406.0,Residential,0.063,0.112,0,79,0.0
3418,5000005202733933.0,Residential,0.005,0.015,0,25,0.0
3419,1000030010702.0,Residential,0.013,0.03,0,62,0.0
3420,1000030010585.0,Residential,0.022,0.045,0,62,0.0
3421,1000030010836.0,Residential,0.015,0.033,0,74,0.0
3422,1000030010610.0,Residential,0.004,0.007,0,70,0.0
3423,1000030011397.0,Residential,0.006,0.015,0,85,0.0
3424,1000030009442.0,Residential,0.034,0.106,0,132,0.0
3425,1000030011644.0,Residential,0.017,0.04,0,8,0.0
3426,1000030011646.0,Residential,0.016,0.043,0,50,0.0
3427,1000043032614.0,Residential,0.003,0.004,0,79,0.0
3428,1000030010865.0,Residential,0.004,0.008,0,60,0.0
3429,1000030010227.0,Residential,0.099,0.272,0,77,0.0
3430,1000030010037.0,Residential,0.072,0.153,0,89,0.0
3431,1000030011470.0,Residential,0.012,0.029,0,80,0.0
3432,5000005234387144.0,Residential,0.006,0.011,0,60,0.0
3433,1000030011253.0,Residential,0.013,0.022,0,49,0.0
3434,1000030011487.0,Residential,0.006,0.007,0,56,0.0
3435,1000030011566.0,Residential,0.113,0.242,0,71,0.0
3436,1000038612237.0,Residential,0.006,0.01,0,44,0.0
3437,1000030010903.0,Residential,0.015,0.023,0,96,0.0
3438,1000030010949.0,Residential,0.091,0.168,0,84,0.0
3439,5000005210209916.0,Residential,0.037,0.068,0,34,0.0
3440,1000030009472.0,Residential,0.038,0.135,0,211,0.0
3441,1000030009624.0,Residential,0.029,0.057,0,18,0.0
3442,1000030010049.0,Residential,0.008,0.019,0,80,0.0
3443,1000030010651.0,Residential,0.027,0.052,0,49,0.0
3444,1000030011424.0,Residential,0.009,0.015,0,64,0.0
3445,1000030011280.0,Residential,0.018,0.05,0,80,0.0
3446,1000030009470.0,Residential,0.199,0.427,1,211,24624.0
3447,1000030010990.0,Residential,0.012,0.033,0,73,0.0
3448,1000038612306.0,Residential,0.042,0.149,0,49,0.0
3449,1000038612363.0,Residential,0.018,0.032,0,50,0.0
3450,1000030010932.0,Residential,0.039,0.095,0,70,0.0
3451,1000030010694.0,Residential,0.029,0.073,0,73,0.0
3452,1000030010748.0,Residential,0.052,0.13,0,74,0.0
3453,1000030011065.0,Residential,0.24,0.346,1,20,24624.0
3454,1000030011176.0,Residential,0.024,0.076,0,102,0.0
3455,5000005210209921.0,Residential,0.014,0.016,0,12,0.0
3456,1000030010345.0,Residential,0.002,0.002,0,69,0.0
3457,1000030012628.0,Residential,0.005,0.01,0,113,0.0
3458,1000030010235.0,Residential,0.009,0.022,0,71,0.0
3459,1000030012620.0,Residential,0.003,0.004,0,97,0.0
3460,1000030010869.0,Residential,0.023,0.039,0,72,0.0
3461,1000030010615.0,Residential,0.002,0.003,0,67,0.0
3462,1000038612279.0,Residential,0.346,0.465,1,50,24624.0
3463,1000002310332666.0,Residential,0.028,0.068,0,58,0.0
3464,5000005105384991.0,Residential,0.004,0.004,0,116,0.0
3465,1000030011368.0,Residential,0.025,0.063,0,110,0.0
3466,1000030011343.0,Residential,0.045,0.097,0,88,0.0
3467,1000030011132.0,Residential,0.013,0.042,0,140,0.0
3468,1000030010879.0,Residential,0.006,0.008,0,46,0.0
3469,1000030011027.0,Residential,0.048,0.085,0,38,0.0
3470,1000038612350.0,Residential,0.006,0.012,0,49,0.0
3471,1000030010955.0,Residential,0.055,0.092,0,80,0.0
3472,1000030011569.0,Residential,0.047,0.102,0,49,0.0
3473,1000030011722.0,Residential,0.045,0.085,0,60,0.0
3474,1000030011471.0,Residential,0.024,0.068,0,515,0.0
3475,5000005202734624.0,Residential,0.058,0.127,0,141,0.0
3476,1000030010664.0,Residential,0.004,0.005,0,72,0.0
3477,1000030011331.0,Residential,0.011,0.019,0,76,0.0
3478,1000002310209871.0,Residential,,,,147,52632.0
3479,1000030010624.0,Residential,0.02,0.02,0,4,0.0
3480,1000038612249.0,Residential,0.045,0.08,0,8,0.0
3481,1000038612687.0,Residential,0.004,0.005,0,50,0.0
3482,1000038612305.0,Residential,0.006,0.01,0,67,0.0
3483,1000030010047.0,Residential,0.016,0.038,0,78,0.0
3484,1000030010678.0,Residential,0.024,0.068,0,83,0.0
3485,1000030011550.0,Residential,0.116,0.323,1,86,24624.0
3486,1000030009586.0,Residential,0.013,0.03,0,109,0.0
3487,1000030010843.0,Residential,0.028,0.046,0,20,0.0
3488,1000030011734.0,Residential,0.004,0.005,0,67,0.0
3489,1000038612229.0,Residential,0.016,0.042,0,46,0.0
3490,1000038612400.0,Residential,0.019,0.038,0,47,0.0
3491,1000030010132.0,Residential,0.064,0.096,0,86,0.0
3492,1000030010635.0,Residential,0.044,0.046,0,1,0.0
3493,1000030010638.0,Residential,0.034,0.093,0,82,0.0
3494,1000030010894.0,Residential,0.013,0.025,0,82,0.0
3495,1000038612342.0,Residential,0.031,0.078,0,51,0.0
3496,1000030011643.0,Residential,0.018,0.046,0,38,0.0
3497,1000038612304.0,Residential,0.062,0.14,0,65,0.0
3498,5000005202734253.0,Residential,0.163,0.28,0,13,0.0
3499,5000005202733912.0,Residential,0.03,0.057,0,30,0.0
3500,1000030009540.0,Residential,0.003,0.004,0,157,0.0
3501,1000030009574.0,Residential,0.01,0.024,0,15,0.0
3502,1000030010045.0,Residential,0.022,0.06,0,79,0.0
3503,1000030010887.0,Residential,0.008,0.02,0,96,0.0
3504,1000030011052.0,Residential,0.005,0.013,0,88,0.0
3505,1000030011704.0,Residential,0.082,0.179,0,50,0.0
3506,1000030011336.0,Residential,0.009,0.016,0,72,0.0
3507,1000030010605.0,Residential,0.007,0.018,0,55,0.0
3508,1000030010774.0,Residential,0.017,0.049,0,58,0.0
3509,1000038612763.0,Residential,0.011,0.024,0,59,0.0
3510,1000030010213.0,Residential,0.017,0.044,0,83,0.0
3511,1000030009436.0,Residential,0.255,0.565,1,30,24624.0
3512,1000030011009.0,Residential,0.133,0.305,1,90,24624.0
3513,1000030011435.0,Residential,0.02,0.034,0,101,0.0
3514,1000030011689.0,Residential,0.045,0.105,0,68,0.0
3515,1000030010269.0,Residential,0.034,0.082,0,91,0.0
3516,1000030010697.0,Residential,0.008,0.018,0,15,0.0
3517,1000038612351.0,Residential,0.009,0.023,0,39,0.0
3518,1000030010954.0,Residential,0.031,0.058,0,80,0.0
3519,1000038612371.0,Residential,0.054,0.162,0,55,0.0
3520,5000005207583609.0,Residential,0.034,0.068,0,25,0.0
3521,5000005210209776.0,Residential,0.003,0.004,0,9,0.0
3522,1000030009473.0,Residential,0.023,0.033,0,234,0.0
3523,1000030009565.0,Residential,0.006,0.014,0,14,0.0
3524,1000030010637.0,Residential,0.063,0.155,0,94,0.0
3525,1000030010948.0,Residential,0.054,0.064,0,49,0.0
3526,1000038612295.0,Residential,0.007,0.011,0,42,0.0
3527,1000038612683.0,Residential,0.005,0.007,0,44,0.0
3528,1000030011316.0,Residential,0.034,0.116,0,76,0.0
3529,1000030011774.0,Residential,0.081,0.276,0,74,0.0
3530,1000030010253.0,Residential,0.061,0.121,0,80,0.0
3531,1000030009585.0,Residential,0.025,0.057,0,116,0.0
3532,1000030011545.0,Residential,0.234,0.554,1,14,24624.0
3533,1000030010034.0,Residential,0.041,0.087,0,61,0.0
3534,1000030010772.0,Residential,0.004,0.007,0,10,0.0
3535,1000030010900.0,Residential,0.006,0.01,0,86,0.0
3536,1000030011088.0,Residential,0.013,0.034,0,56,0.0
3537,1000030011297.0,Residential,0.177,0.383,1,79,24624.0
3538,1000030011284.0,Residential,0.02,0.044,0,77,0.0
3539,1000030011296.0,Residential,0.196,0.425,1,78,24624.0
3540,1000038612334.0,Residential,0.068,0.128,0,47,0.0
3541,1000030010747.0,Residential,0.02,0.036,0,100,0.0
3542,1000038612195.0,Residential,0.064,0.113,0,75,0.0
3543,1000030010380.0,Residential,0.02,0.056,0,99,0.0
3544,1000030011546.0,Residential,0.267,0.546,1,85,24624.0
3545,1000030009539.0,Residential,0.001,0.002,0,6,0.0
3546,1000030010935.0,Residential,0.077,0.185,0,69,0.0
3547,1000030010971.0,Residential,0.02,0.038,0,13,0.0
3548,1000030011421.0,Residential,0.008,0.019,0,79,0.0
3549,1000038612291.0,Residential,0.076,0.112,0,42,0.0
3550,5000005202734513.0,Residential,0.013,0.036,0,8,0.0
3551,1000030011431.0,Residential,0.042,0.133,0,102,0.0
3552,1000030010324.0,Residential,0.007,0.014,0,79,0.0
3553,1000030010284.0,Residential,0.013,0.024,0,15,0.0
3554,1000030010754.0,Residential,0.023,0.039,0,74,0.0
3555,1000030010970.0,Residential,0.007,0.015,0,71,0.0
3556,1000038612506.0,Residential,0.002,0.003,0,7,0.0
3557,1000038612688.0,Residential,0.004,0.006,0,42,0.0
3558,1000038612303.0,Residential,0.078,0.194,0,48,0.0
3559,1000030010848.0,Residential,0.013,0.034,0,14,0.0
3560,1000030010223.0,Residential,0.021,0.06,0,79,0.0
3561,1000030009553.0,Residential,0.003,0.004,0,124,0.0
3562,1000030010313.0,Residential,0.006,0.013,0,75,0.0
3563,1000030011414.0,Residential,0.035,0.098,0,74,0.0
3564,1000038612777.0,Residential,0.003,0.004,0,51,0.0
3565,1000030011653.0,Residential,0.012,0.029,0,62,0.0
3566,1000030011466.0,Residential,0.023,0.063,0,16,0.0
3567,1000030011731.0,Residential,0.014,0.033,0,19,0.0
3568,1000038612376.0,Residential,0.044,0.117,0,45,0.0
3569,1000038612507.0,Residential,0.006,0.011,0,35,0.0
3570,1000030009876.0,Residential,0.178,0.407,1,82,24624.0
3571,1000030011457.0,Residential,0.003,0.005,0,91,0.0
3572,1000038612356.0,Residential,0.023,0.038,0,63,0.0
3573,1000030010317.0,Residential,0.002,0.003,0,84,0.0
3574,1000030010996.0,Residential,0.004,0.005,0,19,0.0
3575,1000038612410.0,Residential,0.07,0.181,0,39,0.0
3576,1000030012671.0,Residential,0.009,0.023,0,80,0.0
3577,1000038612240.0,Residential,0.039,0.062,0,49,0.0
3578,5000005202734597.0,Residential,0.006,0.01,0,11,0.0
3579,1000030010978.0,Residential,0.008,0.022,0,98,0.0
3580,1000030010303.0,Residential,0.011,0.024,0,80,0.0
3581,1000030011101.0,Residential,0.014,0.029,0,15,0.0
3582,1000030011143.0,Residential,0.002,0.002,0,2,0.0
3583,1000030010720.0,Residential,0.002,0.004,0,73,0.0
3584,1000038612365.0,Residential,0.079,0.2,0,50,0.0
3585,5000005202733591.0,Residential,0.334,0.444,1,30,24624.0
3586,1000030010312.0,Residential,0.007,0.014,0,83,0.0
3587,5000005239195287.0,Residential,0.005,0.01,0,12,0.0
3588,1000030010895.0,Residential,0.017,0.035,0,80,0.0
3589,1000030010972.0,Residential,0.008,0.014,0,78,0.0
3590,1000030011448.0,Residential,0.058,0.174,0,78,0.0
3591,1000030011437.0,Residential,0.054,0.136,0,103,0.0
3592,1000030012630.0,Residential,0.016,0.01,0,141,0.0
3593,1000030010193.0,Residential,0.019,0.059,0,86,0.0
3594,1000030010692.0,Residential,0.005,0.014,0,21,0.0
3595,1000038612260.0,Residential,0.101,0.187,0,43,0.0
3596,1000030011533.0,Residential,0.038,0.1,0,78,0.0
3597,1000030010252.0,Residential,0.07,0.151,0,78,0.0
3598,1000030011789.0,Residential,0.011,0.025,0,20,0.0
3599,1000030011425.0,Residential,0.01,0.017,0,29,0.0
3600,1000030011507.0,Residential,0.01,0.02,0,76,0.0
3601,1000038612344.0,Residential,0.023,0.059,0,39,0.0
3602,1000030011272.0,Residential,0.015,0.03,0,73,0.0
3603,1000030009519.0,Residential,0.034,0.15,0,280,0.0
3604,1000030009532.0,Residential,0.014,0.026,0,21,0.0
3605,1000030010323.0,Residential,0.006,0.012,0,75,0.0
3606,1000030010606.0,Residential,0.003,0.005,0,14,0.0
3607,1000030011745.0,Residential,0.013,0.036,0,72,0.0
3608,1000030011684.0,Residential,0.064,0.106,0,13,0.0
3609,5000005202733944.0,Residential,0.05,0.054,0,3,0.0
3610,1000030011654.0,Residential,0.019,0.047,0,65,0.0
3611,1000038612738.0,Residential,0.068,0.174,0,52,0.0
3612,1000030010708.0,Residential,0.004,0.008,0,91,0.0
3613,1000030011509.0,Residential,0.01,0.022,0,83,0.0
3614,1000030011618.0,Residential,0.04,0.105,0,54,0.0
3615,5000005207583421.0,Residential,0.008,0.017,0,33,0.0
3616,1000030010211.0,Residential,0.014,0.037,0,84,0.0
3617,1000030012673.0,Residential,0.015,0.034,0,90,0.0
3618,1000030009528.0,Residential,0.01,0.021,0,214,0.0
3619,1000030010331.0,Residential,0.002,0.003,0,78,0.0
3620,1000030010659.0,Residential,0.027,0.073,0,73,0.0
3621,1000038612700.0,Residential,0.021,0.048,0,37,0.0
3622,1000030011787.0,Residential,0.017,0.043,0,39,0.0
3623,1000030011503.0,Residential,0.015,0.025,0,89,0.0
3624,1000030010197.0,Residential,0.009,0.03,0,83,0.0
3625,1000030010148.0,Residential,0.004,0.005,0,93,0.0
3626,5000005238629376.0,Residential,0.034,0.062,0,4,0.0
3627,1000030009611.0,Residential,0.039,0.081,0,80,0.0
3628,1000030010688.0,Residential,0.009,0.012,0,12,0.0
3629,1000030011087.0,Residential,0.019,0.05,0,60,0.0
3630,1000038612316.0,Residential,0.176,0.343,1,65,24624.0
3631,1000030010907.0,Residential,0.03,0.085,0,13,0.0
3632,1000030011558.0,Residential,0.021,0.04,0,59,0.0
3633,1000030009588.0,Residential,0.024,0.061,0,98,0.0
3634,1000030009526.0,Residential,0.01,0.026,0,155,0.0
3635,1000030010981.0,Residential,0.009,0.02,0,74,0.0
3636,1000042879403.0,Residential,0.104,0.287,0,62,0.0
3637,1000030010597.0,Residential,0.195,0.448,1,77,24624.0
3638,1000030011548.0,Residential,0.215,0.537,1,78,24624.0
3639,1000030010036.0,Residential,0.051,0.097,0,94,0.0
3640,1000030011369.0,Residential,0.053,0.155,0,85,0.0
3641,1000030011532.0,Residential,0.009,0.024,0,65,0.0
3642,1000030010983.0,Residential,0.007,0.011,0,16,0.0
3643,1000030011192.0,Residential,0.036,0.053,0,129,0.0
3644,1000030009512.0,Residential,0.002,0.004,0,222,0.0
3645,1000030010199.0,Residential,0.034,0.065,0,16,0.0
3646,1000030011459.0,Residential,0.01,0.021,0,16,0.0
3647,1000038612405.0,Residential,0.002,0.003,0,34,0.0
3648,5000005210209473.0,Residential,0.005,0.006,0,4,0.0
3649,5000005210209537.0,Residential,0.016,0.038,0,16,0.0
3650,1000030010831.0,Residential,0.133,0.385,1,73,24624.0
3651,1000030011576.0,Residential,0.062,0.176,0,78,0.0
3652,1000030011335.0,Residential,0.008,0.016,0,97,0.0
3653,1000038612226.0,Residential,0.004,0.008,0,42,0.0
3654,1000030011762.0,Residential,0.051,0.138,0,35,0.0
3655,1000038612753.0,Residential,0.041,0.095,0,44,0.0
3656,5000005210209877.0,Residential,0.011,0.016,0,12,0.0
3657,1000030010207.0,Residential,0.032,0.062,0,12,0.0
3658,1000030012676.0,Residential,0.003,0.006,0,132,0.0
3659,1000030010186.0,Residential,0.037,0.077,0,53,0.0
3660,1000030011105.0,Residential,0.002,0.004,0,76,0.0
3661,1000030011549.0,Residential,0.187,0.452,1,65,24624.0
3662,1000038612357.0,Residential,0.011,0.019,0,51,0.0
3663,1000030010965.0,Residential,0.044,0.055,0,21,0.0
3664,1000042879410.0,Residential,0.005,0.008,0,198,0.0
3665,1000030011200.0,Residential,0.043,0.121,0,171,0.0
3666,5000005210209617.0,Residential,0.14,0.241,0,12,0.0
3667,1000030009434.0,Residential,0.131,0.33,1,131,24624.0
3668,1000030010194.0,Residential,0.005,0.009,0,94,0.0
3669,1000030011411.0,Residential,0.122,0.228,0,89,0.0
3670,1000030011556.0,Residential,0.032,0.064,0,83,0.0
3671,1000030011659.0,Residential,0.02,0.041,0,47,0.0
3672,1000030010798.0,Residential,0.364,0.84,1,31,27210.0
3673,1000030011042.0,Residential,0.018,0.034,0,87,0.0
3674,1000030011152.0,Residential,0.034,0.148,0,138,0.0
3675,5000005210209907.0,Residential,0.028,0.049,0,16,0.0
3676,1000030009541.0,Residential,0.01,0.047,0,202,0.0
3677,1000030010657.0,Residential,0.012,0.031,0,74,0.0
3678,1000038612314.0,Residential,0.016,0.042,0,46,0.0
3679,1000030011434.0,Residential,0.005,0.009,0,84,0.0
3680,1000030011642.0,Residential,0.018,0.053,0,51,0.0
3681,5000005202733941.0,Residential,0.007,0.013,0,9,0.0
3682,1000030011741.0,Residential,0.012,0.027,0,18,0.0
3683,1000030011698.0,Residential,0.019,0.048,0,96,0.0
3684,1000030011670.0,Residential,0.036,0.089,0,49,0.0
3685,5000005202733804.0,Residential,0.005,0.009,0,16,0.0
3686,1000030011515.0,Residential,0.023,0.049,0,94,0.0
3687,1000030010255.0,Residential,0.094,0.18,0,79,0.0
3688,1000030010973.0,Residential,0.004,0.005,0,4,0.0
3689,1000030011012.0,Residential,0.148,0.262,0,93,0.0
3690,1000030011130.0,Residential,0.004,0.009,0,103,0.0
3691,1000030011528.0,Residential,0.009,0.018,0,105,0.0
3692,1000030010738.0,Residential,0.061,0.168,0,66,0.0
3693,1000030010839.0,Residential,0.009,0.017,0,68,0.0
3694,1000030011050.0,Residential,0.004,0.006,0,90,0.0
3695,1000030011083.0,Residential,0.017,0.042,0,90,0.0
3696,1000030011500.0,Residential,0.026,0.055,0,88,0.0
3697,1000030011568.0,Residential,0.14,0.238,0,17,0.0
3698,1000030011785.0,Residential,0.033,0.062,0,41,0.0
3699,1000042879401.0,Residential,0.091,0.19,0,59,0.0
3700,1000030010957.0,Residential,0.01,0.031,0,153,0.0
3701,1000030011640.0,Residential,0.008,0.032,0,65,0.0
3702,1000030009607.0,Residential,0.019,0.042,0,74,0.0
3703,1000030009424.0,Residential,0.007,0.009,0,154,0.0
3704,1000030010180.0,Residential,0.002,0.002,0,92,0.0
3705,5000005238629384.0,Residential,0.006,0.011,0,9,0.0
3706,1000030011053.0,Residential,0.013,0.028,0,88,0.0
3707,1000038612682.0,Residential,0.033,0.086,0,50,0.0
3708,1000038612699.0,Residential,0.05,0.12,0,49,0.0
3709,1000030010491.0,Residential,0.013,0.032,0,38,0.0
3710,1000030011126.0,Residential,0.002,0.003,0,4,0.0
3711,5000005202734126.0,Residential,0.091,0.248,0,9,0.0
3712,1000030010138.0,Residential,0.002,0.002,0,84,0.0
3713,1000030011097.0,Residential,0.01,0.032,0,56,0.0
3714,1000038612290.0,Residential,0.059,0.108,0,42,0.0
3715,5000005202734208.0,Residential,0.002,0.003,0,8,0.0
3716,1000030009475.0,Residential,0.005,0.012,0,35,0.0
3717,1000030010756.0,Residential,0.018,0.036,0,15,0.0
3718,1000030011579.0,Residential,0.066,0.196,0,51,0.0
3719,1000038612318.0,Residential,0.238,0.408,1,42,24624.0
3720,5000005202733972.0,Residential,0.012,0.029,0,158,0.0
3721,1000030009610.0,Residential,0.034,0.065,0,103,0.0
3722,1000030010321.0,Residential,0.007,0.015,0,13,0.0
3723,1000030011040.0,Residential,0.066,0.173,0,77,0.0
3724,1000030011034.0,Residential,0.021,0.029,0,86,0.0
3725,1000030012674.0,Residential,0.037,0.098,0,87,0.0
3726,1000030011323.0,Residential,0.008,0.011,0,13,0.0
3727,1000030011378.0,Residential,0.006,0.012,0,81,0.0
3728,1000038612289.0,Residential,0.211,0.332,1,48,24624.0
3729,1000038612732.0,Residential,0.006,0.018,0,50,0.0
3730,5000005202734405.0,Residential,0.017,0.033,0,35,0.0
3731,1000038612718.0,Residential,0.046,0.092,0,64,0.0
3732,1000030011149.0,Residential,0.029,0.081,0,120,0.0
3733,1000030010341.0,Residential,0.008,0.018,0,86,0.0
3734,1000030009492.0,Residential,0.022,0.036,0,6,0.0
3735,1000030009600.0,Residential,0.002,0.002,0,6,0.0
3736,1000030011142.0,Residential,0.002,0.003,0,2,0.0
3737,1000038612727.0,Residential,0.059,0.147,0,32,0.0
3738,1000030010204.0,Residential,0.022,0.062,0,139,0.0
3739,1000030010745.0,Residential,0.012,0.019,0,87,0.0
3740,1000030011360.0,Residential,0.019,0.028,0,86,0.0
3741,1000030009592.0,Residential,0.06,0.135,0,68,0.0
3742,1000030010299.0,Residential,0.009,0.018,0,89,0.0
3743,1000030009598.0,Residential,0.013,0.039,0,48,0.0
3744,1000030011127.0,Residential,0.012,0.031,0,17,0.0
3745,1000030011543.0,Residential,0.182,0.53,1,42,24624.0
3746,1000038612695.0,Residential,0.058,0.125,0,48,0.0
3747,1000030011321.0,Residential,0.021,0.042,0,12,0.0
3748,1000030009606.0,Residential,0.016,0.037,0,100,0.0
3749,1000030011081.0,Residential,0.045,0.065,0,99,0.0
3750,1000030010294.0,Residential,0.015,0.036,0,87,0.0
3751,1000030009527.0,Residential,0.002,0.004,0,149,0.0
3752,1000030010283.0,Residential,0.013,0.024,0,12,0.0
3753,1000030011095.0,Residential,0.02,0.034,0,58,0.0
3754,1000038612236.0,Residential,0.007,0.012,0,42,0.0
3755,1000038612396.0,Residential,0.011,0.019,0,49,0.0
3756,1000042879399.0,Residential,0.008,0.011,0,112,0.0
3757,1000030011651.0,Residential,0.013,0.037,0,45,0.0
3758,1000030011145.0,Residential,0.028,0.12,0,158,0.0
3759,1000030010622.0,Residential,0.031,0.075,0,50,0.0
3760,1000038612309.0,Residential,0.027,0.046,0,48,0.0
3761,1000030011693.0,Residential,0.047,0.103,0,68,0.0
3762,5000005207583663.0,Residential,0.123,0.199,0,24,0.0
3763,5000005210209940.0,Residential,0.024,0.038,0,5,0.0
3764,1000038612299.0,Residential,0.041,0.08,0,49,0.0
3765,1000038612241.0,Residential,0.03,0.05,0,50,0.0
3766,5000005202733579.0,Residential,0.012,0.027,0,8,0.0
3767,1000030011707.0,Residential,0.005,0.011,0,34,0.0
3768,1000030011064.0,Residential,0.143,0.248,0,47,0.0
3769,1000030010493.0,Residential,0.026,0.072,0,104,0.0
3770,1000030011003.0,Residential,0.032,0.057,0,4,0.0
3771,1000030010728.0,Residential,0.003,0.003,0,68,0.0
3772,1000030011769.0,Residential,0.027,0.034,0,7,0.0
3773,5000005238629386.0,Residential,,,,10,52632.0
3774,1000030010620.0,Residential,0.008,0.015,0,54,0.0
3775,1000038612409.0,Residential,0.058,0.181,0,38,0.0
3776,1000030011517.0,Residential,0.022,0.034,0,106,0.0
3777,1000038612734.0,Residential,0.034,0.105,0,50,0.0
3778,1000030009544.0,Residential,0.015,0.054,0,119,0.0
3779,1000030010428.0,Residential,0.002,0.002,0,76,0.0
3780,1000030009581.0,Residential,0.033,0.054,0,17,0.0
3781,1000030011383.0,Residential,0.011,0.025,0,79,0.0
3782,1000038612401.0,Residential,0.012,0.032,0,42,0.0
3783,5000005202733557.0,Residential,0.037,0.075,0,11,0.0
3784,1000030010867.0,Residential,0.016,0.027,0,49,0.0
3785,1000030010051.0,Residential,0.025,0.063,0,82,0.0
3786,5000005238945919.0,Residential,0.002,0.004,0,8,0.0
3787,1000030011347.0,Residential,0.048,0.103,0,74,0.0
3788,1000030011372.0,Residential,0.003,0.005,0,90,0.0
3789,1000038612362.0,Residential,0.084,0.201,0,42,0.0
3790,1000030011682.0,Residential,0.003,0.004,0,83,0.0
3791,1000030011079.0,Residential,0.092,0.175,0,155,0.0
3792,1000030009513.0,Residential,0.006,0.006,0,166,0.0
3793,1000030009454.0,Residential,0.081,0.239,0,214,0.0
3794,1000030010675.0,Residential,0.03,0.092,0,78,0.0
3795,1000030010858.0,Residential,0.026,0.052,0,13,0.0
3796,1000030011005.0,Residential,0.132,0.209,0,88,0.0
3797,1000038612717.0,Residential,0.024,0.044,0,65,0.0
3798,5000005202733973.0,Residential,0.004,0.006,0,45,0.0
3799,5000005202733730.0,Residential,0.003,0.004,0,9,0.0
3800,1000030010881.0,Residential,0.022,0.032,0,73,0.0
3801,1000030010594.0,Residential,0.041,0.098,0,101,0.0
3802,1000030012627.0,Residential,0.012,0.035,0,141,0.0
3803,1000030009514.0,Residential,0.047,0.201,0,352,0.0
3804,1000030011581.0,Residential,0.01,0.025,0,46,0.0
3805,1000030010930.0,Residential,0.017,0.035,0,14,0.0
3806,1000030011450.0,Residential,0.079,0.202,0,15,0.0
3807,1000030011164.0,Residential,0.004,0.006,0,96,0.0
3808,1000030011146.0,Residential,0.018,0.028,0,138,0.0
3809,1000030010208.0,Residential,0.007,0.014,0,87,0.0
3810,1000030011292.0,Residential,0.164,0.315,1,116,24624.0
3811,1000038612203.0,Residential,0.003,0.005,0,141,0.0
3812,5000005238628547.0,Residential,0.003,0.005,0,43,0.0
3813,1000030011446.0,Residential,0.02,0.052,0,123,0.0
3814,1000030010302.0,Residential,0.016,0.034,0,85,0.0
3815,1000030010591.0,Residential,0.015,0.031,0,712,0.0
3816,1000030010642.0,Residential,0.082,0.216,0,14,0.0
3817,1000030011488.0,Residential,0.005,0.006,0,57,0.0
3818,1000038612327.0,Residential,0.017,0.022,0,40,0.0
3819,5000005202734573.0,Residential,0.004,0.006,0,33,0.0
3820,1000030011436.0,Residential,0.022,0.049,0,89,0.0
3821,1000030010868.0,Residential,0.031,0.072,0,46,0.0
3822,1000030010261.0,Residential,0.079,0.193,0,86,0.0
3823,1000030010656.0,Residential,0.011,0.028,0,75,0.0
3824,1000030011641.0,Residential,0.024,0.058,0,19,0.0
3825,1000038612748.0,Residential,0.058,0.159,0,40,0.0
3826,1000038612773.0,Residential,0.018,0.047,0,13,0.0
3827,1000030010909.0,Residential,0.143,0.252,0,74,0.0
3828,1000030011195.0,Residential,0.069,0.18,0,151,0.0
3829,1000030010788.0,Residential,0.242,0.611,1,121,27210.0
3830,1000030009497.0,Residential,0.012,0.03,0,16,0.0
3831,1000030009459.0,Residential,0.014,0.032,0,23,0.0
3832,1000030010998.0,Residential,0.039,0.074,0,88,0.0
3833,1000038612337.0,Residential,0.152,0.218,0,40,0.0
3834,1000030011293.0,Residential,0.168,0.429,1,78,24624.0
3835,1000030011710.0,Residential,0.032,0.062,0,76,0.0
3836,1000030010344.0,Residential,0.003,0.003,0,76,0.0
3837,1000030009464.0,Residential,0.039,0.074,0,103,0.0
3838,1000030011060.0,Residential,0.002,0.003,0,7,0.0
3839,1000030011418.0,Residential,0.003,0.005,0,81,0.0
3840,1000038612232.0,Residential,0.007,0.015,0,42,0.0
3841,1000038612286.0,Residential,0.251,0.353,1,41,24624.0
3842,1000038612698.0,Residential,0.034,0.057,0,48,0.0
3843,1000038612714.0,Residential,0.018,0.03,0,40,0.0
3844,1000038612744.0,Residential,0.071,0.203,0,36,0.0
3845,1000038612720.0,Residential,0.066,0.132,0,44,0.0
3846,5000005202733768.0,Residential,0.017,0.031,0,24,0.0
3847,1000030010945.0,Residential,0.021,0.029,0,38,0.0
3848,1000030009874.0,Residential,0.03,0.052,0,84,0.0
3849,1000038612399.0,Residential,0.007,0.011,0,89,0.0
3850,1000030009435.0,Residential,0.087,0.191,0,117,0.0
3851,5000005202734390.0,Residential,0.027,0.085,0,15,0.0
3852,1000030010919.0,Residential,0.084,0.248,0,71,0.0
3853,1000030011148.0,Residential,0.022,0.052,0,20,0.0
3854,1000030011086.0,Residential,0.017,0.048,0,59,0.0
3855,1000030011320.0,Residential,0.003,0.005,0,72,0.0
3856,1000030011578.0,Residential,0.037,0.069,0,82,0.0
3857,1000038612508.0,Residential,0.008,0.012,0,35,0.0
3858,5000005202733709.0,Residential,0.007,0.009,0,37,0.0
3859,5000005210209426.0,Residential,0.014,0.017,0,13,0.0
3860,1000030010244.0,Residential,0.016,0.043,0,87,0.0
3861,1000030011098.0,Residential,0.007,0.017,0,20,0.0
3862,1000038612246.0,Residential,0.097,0.165,0,46,0.0
3863,1000042879407.0,Residential,0.098,0.175,0,59,0.0
3864,1000030010055.0,Residential,0.003,0.004,0,86,0.0
3865,1000030011645.0,Residential,0.014,0.039,0,51,0.0
3866,1000030010968.0,Residential,0.029,0.064,0,80,0.0
3867,1000030010257.0,Residential,0.06,0.172,0,79,0.0
3868,1000030010735.0,Residential,0.03,0.055,0,80,0.0
3869,1000038612345.0,Residential,0.018,0.038,0,43,0.0
3870,5000005238628546.0,Residential,0.085,0.234,0,8,0.0
3871,5000005202734087.0,Residential,0.013,0.028,0,21,0.0
3872,5000005202733674.0,Residential,0.036,0.102,0,50,0.0
3873,1000030011442.0,Residential,0.008,0.026,0,97,0.0
3874,1000030011078.0,Residential,0.042,0.059,0,107,0.0
3875,1000030010488.0,Residential,0.04,0.104,0,126,0.0
3876,1000030010296.0,Residential,0.007,0.019,0,75,0.0
3877,1000030011091.0,Residential,0.012,0.03,0,59,0.0
3878,1000030011575.0,Residential,0.051,0.162,0,81,0.0
3879,1000030010266.0,Residential,0.011,0.03,0,72,0.0
3880,1000030009562.0,Residential,0.005,0.007,0,219,0.0
3881,1000030010896.0,Residential,0.02,0.04,0,86,0.0
3882,1000038612244.0,Residential,0.21,0.245,0,39,0.0
3883,1000038612353.0,Residential,0.014,0.021,0,9,0.0
3884,1000038612501.0,Residential,,,,33,52632.0
3885,1000042879400.0,Residential,0.032,0.097,0,39,0.0
3886,1000030012246.0,Residential,0.021,0.045,0,17,0.0
3887,5000005202734303.0,Residential,0.052,0.11,0,8,0.0
3888,1000030011570.0,Residential,0.068,0.13,0,70,0.0
3889,1000038612707.0,Residential,0.017,0.045,0,52,0.0
3890,1000030011329.0,Residential,0.065,0.155,0,77,0.0
3891,1000030011131.0,Residential,0.007,0.007,0,123,0.0
3892,1000030011150.0,Residential,0.073,0.182,0,100,0.0
3893,1000030012686.0,Residential,0.008,0.019,0,13,0.0
3894,1000030010270.0,Residential,0.047,0.126,0,78,0.0
3895,1000030010430.0,Residential,0.016,0.056,0,99,0.0
3896,1000030010306.0,Residential,0.049,0.086,0,87,0.0
3897,1000030010588.0,Residential,0.02,0.05,0,77,0.0
3898,1000030010967.0,Residential,0.042,0.068,0,70,0.0
3899,1000030011627.0,Residential,0.002,0.003,0,41,0.0
3900,1000030011399.0,Residential,0.011,0.05,0,140,0.0
3901,5000005210209511.0,Residential,0.007,0.016,0,32,0.0
3902,5000005210209949.0,Residential,0.041,0.112,0,13,0.0
3903,1000030010641.0,Residential,0.146,0.436,1,94,24624.0
3904,1000030010989.0,Residential,0.031,0.061,0,74,0.0
3905,1000030011728.0,Residential,0.003,0.005,0,18,0.0
3906,1000030011773.0,Residential,0.06,0.148,0,34,0.0
3907,1000038612239.0,Residential,0.02,0.053,0,15,0.0
3908,1000030010910.0,Residential,0.058,0.136,0,67,0.0
3909,1000030010917.0,Residential,0.051,0.15,0,69,0.0
3910,5000005202734255.0,Residential,0.135,0.189,0,8,0.0
3911,1000030011416.0,Residential,0.006,0.011,0,93,0.0
3912,1000030011498.0,Residential,0.112,0.192,0,105,0.0
3913,1000030011159.0,Residential,0.04,0.108,0,258,0.0
3914,1000030010298.0,Residential,0.005,0.013,0,75,0.0
3915,1000030010768.0,Residential,0.059,0.087,0,35,0.0
3916,1000030009575.0,Residential,0.006,0.014,0,12,0.0
3917,1000030010648.0,Residential,0.071,0.15,0,112,0.0
3918,1000030010680.0,Residential,0.01,0.025,0,28,0.0
3919,1000030011004.0,Residential,0.055,0.124,0,6,0.0
3920,1000030009621.0,Residential,0.022,0.043,0,24,0.0
3921,5000005207583111.0,Residential,0.036,0.112,0,14,0.0
3922,1000030010991.0,Residential,0.006,0.015,0,23,0.0
3923,1000030011172.0,Residential,0.07,0.188,0,134,0.0
3924,1000030009469.0,Residential,0.094,0.282,0,98,0.0
3925,1000030011705.0,Residential,0.04,0.092,0,80,0.0
3926,1000030011024.0,Residential,0.036,0.091,0,79,0.0
3927,1000030011189.0,Residential,0.003,0.004,0,130,0.0
3928,1000030011836.0,Residential,0.003,0.003,0,2,0.0
3929,1000038612251.0,Residential,0.028,0.061,0,44,0.0
3930,1000038612369.0,Residential,0.006,0.013,0,43,0.0
3931,1000038612747.0,Residential,0.045,0.095,0,37,0.0
3932,1000030011307.0,Residential,0.005,0.007,0,4,0.0
3933,5000005202733792.0,Residential,0.058,0.158,0,8,0.0
3934,1000030011014.0,Residential,0.071,0.178,0,99,0.0
3935,1000030010265.0,Residential,0.006,0.015,0,79,0.0
3936,1000030010224.0,Residential,0.036,0.062,0,74,0.0
3937,1000030010282.0,Residential,0.004,0.009,0,68,0.0
3938,1000030012234.0,Residential,0.05,0.122,0,147,0.0
3939,1000030010295.0,Residential,0.005,0.011,0,74,0.0
3940,1000030010314.0,Residential,0.005,0.013,0,96,0.0
3941,1000030011113.0,Residential,0.002,0.003,0,75,0.0
3942,1000030011669.0,Residential,0.009,0.028,0,53,0.0
3943,1000038612317.0,Residential,0.162,0.277,0,64,0.0
3944,1000038612338.0,Residential,0.131,0.163,0,40,0.0
3945,1000038612378.0,Residential,0.053,0.198,0,51,0.0
3946,1000042879397.0,Residential,0.004,0.008,0,100,0.0
3947,1000030010931.0,Residential,0.048,0.138,0,75,0.0
3948,1000030010301.0,Residential,0.01,0.024,0,85,0.0
3949,1000030011759.0,Residential,0.048,0.11,0,35,0.0
3950,1000030011775.0,Residential,0.087,0.249,0,52,0.0
3951,1000030011780.0,Residential,0.121,0.207,0,46,0.0
3952,1000038612370.0,Residential,0.037,0.061,0,40,0.0
3953,1000038612713.0,Residential,0.032,0.065,0,41,0.0
3954,1000030010966.0,Residential,0.046,0.068,0,8,0.0
3955,1000030011108.0,Residential,0.002,0.003,0,75,0.0
3956,1000030011384.0,Residential,0.016,0.023,0,102,0.0
3957,1000038612218.0,Residential,0.006,0.023,0,130,0.0
3958,5000005239195308.0,Residential,0.009,0.017,0,216,0.0
3959,1000030009597.0,Residential,0.013,0.041,0,394,0.0
3960,1000030010699.0,Residential,0.017,0.046,0,79,0.0
3961,1000030009623.0,Residential,0.02,0.045,0,16,0.0
3962,1000030011328.0,Residential,0.108,0.377,1,73,24624.0
3963,1000030011527.0,Residential,0.012,0.015,0,105,0.0
3964,5000005210209460.0,Residential,0.006,0.008,0,10,0.0
3965,1000030010320.0,Residential,0.005,0.012,0,76,0.0
3966,1000038612339.0,Residential,0.125,0.175,0,41,0.0
3967,1000042879398.0,Residential,0.004,0.007,0,34,0.0
3968,1000030011281.0,Residential,0.018,0.052,0,79,0.0
3969,1000030011469.0,Residential,0.016,0.035,0,96,0.0
3970,1000030011468.0,Residential,0.023,0.054,0,100,0.0
3971,1000030011128.0,Residential,0.006,0.011,0,203,0.0
3972,1000030009531.0,Residential,0.015,0.039,0,216,0.0
3973,1000030010179.0,Residential,0.002,0.003,0,79,0.0
3974,1000030010184.0,Residential,0.003,0.006,0,20,0.0
3975,1000030011006.0,Residential,0.125,0.174,0,15,0.0
3976,1000030011380.0,Residential,0.003,0.004,0,82,0.0
3977,1000042879405.0,Residential,0.201,0.39,1,62,24624.0
3978,5000005202733765.0,Residential,0.013,0.036,0,20,0.0
3979,5000005207583615.0,Residential,0.085,0.172,0,24,0.0
3980,1000030011177.0,Residential,0.01,0.027,0,18,0.0
3981,1000030012681.0,Residential,0.011,0.022,0,113,0.0
3982,1000030010149.0,Residential,0.004,0.006,0,88,0.0
3983,1000030011116.0,Residential,0.002,0.004,0,77,0.0
3984,1000030011458.0,Residential,0.005,0.008,0,90,0.0
3985,1000030010725.0,Residential,0.003,0.004,0,72,0.0
3986,1000030011379.0,Residential,0.002,0.003,0,93,0.0
3987,1000030011439.0,Residential,0.174,0.352,1,122,24624.0
3988,1000030011179.0,Residential,0.018,0.054,0,100,0.0
3989,1000030011102.0,Residential,0.025,0.038,0,17,0.0
3990,1000030010481.0,Residential,0.033,0.073,0,101,0.0
3991,1000030010135.0,Residential,0.046,0.087,0,81,0.0
3992,1000038612711.0,Residential,0.009,0.015,0,52,0.0
3993,1000038612755.0,Residential,0.04,0.113,0,8,0.0
3994,5000005202733987.0,Residential,0.025,0.059,0,10,0.0
3995,1000030010796.0,Residential,0.391,0.677,1,21,27210.0
3996,1000030011494.0,Residential,0.095,0.268,0,91,0.0
3997,1000038612253.0,Residential,0.032,0.081,0,65,0.0
3998,1000030011560.0,Residential,0.042,0.088,0,64,0.0
3999,1000030011781.0,Residential,0.095,0.152,0,41,0.0
4000,1000038612361.0,Residential,0.12,0.238,0,42,0.0
4001,1000038612374.0,Residential,0.074,0.198,0,44,0.0
4002,1000030010946.0,Residential,0.083,0.18,0,191,0.0
4003,1000030011287.0,Residential,0.169,0.305,1,92,24624.0
4004,1000038612223.0,Residential,0.021,0.028,0,53,0.0
4005,1000038612689.0,Residential,0.006,0.012,0,43,0.0
4006,1000042879390.0,Residential,0.003,0.005,0,96,0.0
4007,5000005202733807.0,Residential,0.005,0.01,0,9,0.0
4008,5000005210209951.0,Residential,0.006,0.013,0,28,0.0
4009,1000002310276143.0,Residential,0.006,0.015,0,154,0.0
4010,1000030009616.0,Residential,0.038,0.128,0,91,0.0
4011,1000030011019.0,Residential,0.071,0.16,0,96,0.0
4012,1000038612231.0,Residential,0.003,0.004,0,7,0.0
4013,1000030011629.0,Residential,0.002,0.004,0,42,0.0
4014,5000005202733671.0,Residential,0.003,0.004,0,14,0.0
4015,1000030011306.0,Residential,0.069,0.237,0,179,0.0
4016,1000030010492.0,Residential,0.028,0.058,0,102,0.0
4017,1000030009596.0,Residential,0.004,0.006,0,88,0.0
4018,1000030009433.0,Residential,0.317,0.487,1,33,24624.0
4019,1000030010431.0,Residential,0.011,0.055,0,103,0.0
4020,1000030009458.0,Residential,0.008,0.016,0,16,0.0
4021,1000030010229.0,Residential,0.064,0.164,0,81,0.0
4022,1000030011489.0,Residential,0.004,0.004,0,150,0.0
4023,1000030010995.0,Residential,0.034,0.078,0,73,0.0
4024,1000030010432.0,Residential,0.008,0.025,0,117,0.0
4025,1000030010248.0,Residential,0.031,0.067,0,79,0.0
4026,1000030011754.0,Residential,0.078,0.225,0,38,0.0
4027,1000038612408.0,Residential,0.033,0.069,0,48,0.0
4028,1000030011658.0,Residential,0.006,0.009,0,16,0.0
4029,1000030012670.0,Residential,0.006,0.013,0,114,0.0
4030,1000030009423.0,Residential,0.016,0.048,0,133,0.0
4031,1000030011622.0,Residential,0.016,0.044,0,32,0.0
4032,1000038612192.0,Residential,0.055,0.085,0,78,0.0
4033,1000030011295.0,Residential,0.197,0.391,1,96,24624.0
4034,1000030011167.0,Residential,0.002,0.002,0,16,0.0
4035,1000030012237.0,Residential,0.022,0.053,0,135,0.0
4036,1000030010309.0,Residential,0.009,0.019,0,84,0.0
4037,1000030010151.0,Residential,0.002,0.002,0,88,0.0
4038,1000030010852.0,Residential,0.027,0.062,0,10,0.0
4039,1000038612503.0,Residential,0.003,0.003,0,6,0.0
4040,1000042879392.0,Residential,0.006,0.009,0,64,0.0
4041,1000030082235.0,Residential,0.024,0.044,0,37,0.0
4042,1000030048890.0,Residential,0.008,0.02,0,71,0.0
4043,1000030048878.0,Residential,0.002,0.003,0,68,0.0
4044,1000030081996.0,Residential,0.017,0.037,0,54,0.0
4045,1000030049198.0,Residential,0.007,0.01,0,32,0.0
4046,1000030081972.0,Residential,0.042,0.124,0,38,0.0
4047,5000005205280820.0,Residential,0.026,0.097,0,49,0.0
4048,1000030081987.0,Residential,0.009,0.013,0,34,0.0
4049,1000030049203.0,Residential,0.011,0.027,0,34,0.0
4050,1000030049132.0,Residential,0.08,0.171,0,83,0.0
4051,1000030081986.0,Residential,0.004,0.008,0,35,0.0
4052,1000030082225.0,Residential,0.59,1.142,1,71,30153.0
4053,1000030082270.0,Residential,0.007,0.014,0,93,0.0
4054,1000030081979.0,Residential,0.018,0.045,0,49,0.0
4055,1000030082243.0,Residential,0.003,0.005,0,28,0.0
4056,1000030049136.0,Residential,0.154,0.262,0,33,0.0
4057,1000030049481.0,Residential,0.009,0.025,0,76,0.0
4058,1000030049141.0,Residential,0.077,0.148,0,76,0.0
4059,1000030049127.0,Residential,0.06,0.15,0,112,0.0
4060,1000030081975.0,Residential,0.036,0.091,0,33,0.0
4061,1000030081995.0,Residential,0.016,0.038,0,52,0.0
4062,1000030082004.0,Residential,0.017,0.046,0,13,0.0
4063,1000030049126.0,Residential,0.158,0.378,1,114,24624.0
4064,1000030082000.0,Residential,0.016,0.042,0,11,0.0
4065,1000030048927.0,Residential,0.022,0.035,0,14,0.0
4066,1000030082228.0,Residential,0.01,0.018,0,98,0.0
4067,1000030048926.0,Residential,0.002,0.002,0,16,0.0
4068,1000030081963.0,Residential,0.014,0.03,0,44,0.0
4069,1000030048904.0,Residential,0.011,0.025,0,78,0.0
4070,1000030048943.0,Residential,0.072,0.208,0,87,0.0
4071,1000030081981.0,Residential,0.02,0.037,0,36,0.0
4072,1000030082244.0,Residential,0.002,0.003,0,32,0.0
4073,1000030049200.0,Residential,0.01,0.02,0,32,0.0
4074,1000030082001.0,Residential,0.013,0.036,0,10,0.0
4075,5000005205280860.0,Residential,0.024,0.061,0,6,0.0
4076,1000030048920.0,Residential,0.054,0.092,0,16,0.0
4077,5000005235311881.0,Residential,0.032,0.066,0,931,0.0
4078,1000030082439.0,Residential,0.012,0.022,0,10,0.0
4079,1000030082238.0,Residential,0.078,0.155,0,37,0.0
4080,1000002310398262.0,Residential,0.304,0.757,1,147,27210.0
4081,1000030048914.0,Residential,0.119,0.137,0,14,0.0
4082,1000030081983.0,Residential,0.02,0.05,0,36,0.0
4083,1000030048881.0,Residential,0.003,0.005,0,83,0.0
4084,1000030048906.0,Residential,0.006,0.016,0,79,0.0
4085,5000005235311884.0,Residential,0.085,0.244,0,781,0.0
4086,1000030048936.0,Residential,0.105,0.202,0,83,0.0
4087,1000030049485.0,Residential,0.034,0.09,0,81,0.0
4088,1000030082248.0,Residential,0.016,0.035,0,54,0.0
4089,1000030081949.0,Residential,0.008,0.014,0,63,0.0
4090,1000030082227.0,Residential,0.03,0.069,0,97,0.0
4091,1000030049124.0,Residential,0.503,0.539,1,103,24624.0
4092,1000030049202.0,Residential,0.018,0.053,0,52,0.0
4093,1000030081982.0,Residential,0.021,0.05,0,32,0.0
4094,1000030081997.0,Residential,0.013,0.032,0,77,0.0
4095,1000002310398257.0,Residential,0.012,0.034,0,31,0.0
4096,1000030081968.0,Residential,0.002,0.002,0,3,0.0
4097,1000030049142.0,Residential,0.133,0.241,0,60,0.0
4098,1000030048898.0,Residential,0.026,0.073,0,17,0.0
4099,1000030049152.0,Residential,0.054,0.116,0,13,0.0
4100,1000030049493.0,Residential,0.162,0.425,1,34,24624.0
4101,1000030082231.0,Residential,0.034,0.099,0,30,0.0
4102,1000030049128.0,Residential,0.072,0.196,0,140,0.0
4103,1000030081984.0,Residential,0.012,0.026,0,37,0.0
4104,1000030049494.0,Residential,0.155,0.425,1,34,24624.0
4105,1000030048910.0,Residential,0.164,0.462,1,348,24624.0
4106,1000030048921.0,Residential,0.03,0.052,0,14,0.0
4107,1000030049492.0,Residential,0.247,0.449,1,36,24624.0
4108,1000030081989.0,Residential,0.041,0.111,0,37,0.0
4109,5000005205279822.0,Residential,0.03,0.071,0,27,0.0
4110,1000030049483.0,Residential,0.002,0.002,0,72,0.0
4111,1000030081992.0,Residential,0.025,0.037,0,57,0.0
4112,1000030081974.0,Residential,0.026,0.074,0,36,0.0
4113,1000030048923.0,Residential,0.008,0.013,0,14,0.0
4114,1000030081976.0,Residential,0.039,0.103,0,38,0.0
4115,1000030081958.0,Residential,0.087,0.169,0,64,0.0
4116,1000030048895.0,Residential,0.002,0.004,0,72,0.0
4117,1000030049208.0,Residential,0.01,0.039,0,301,0.0
4118,1000030082009.0,Residential,0.018,0.036,0,26,0.0
4119,1000030082239.0,Residential,0.08,0.156,0,36,0.0
4120,1000030048901.0,Residential,0.089,0.165,0,112,0.0
4121,1000030081953.0,Residential,0.015,0.037,0,63,0.0
4122,1000030082233.0,Residential,0.028,0.052,0,31,0.0
4123,1000030049487.0,Residential,0.149,0.261,0,103,0.0
4124,1000030048911.0,Residential,0.039,0.105,0,32,0.0
4125,1000030048919.0,Residential,0.086,0.118,0,15,0.0
4126,1000030081950.0,Residential,0.07,0.073,0,51,0.0
4127,1000030049145.0,Residential,0.102,0.214,0,28,0.0
4128,1000030048885.0,Residential,0.003,0.007,0,86,0.0
4129,1000030048925.0,Residential,0.008,0.013,0,14,0.0
4130,1000030048883.0,Residential,0.003,0.004,0,71,0.0
4131,1000030049205.0,Residential,0.012,0.029,0,37,0.0
4132,5000005235311883.0,Residential,0.089,0.325,0,913,0.0
4133,1000030048935.0,Residential,0.057,0.092,0,14,0.0
4134,1000030048917.0,Residential,0.108,0.109,0,16,0.0
4135,1000030082241.0,Residential,0.031,0.112,0,36,0.0
4136,1000030048928.0,Residential,0.06,0.107,0,15,0.0
4137,1000030048888.0,Residential,0.047,0.135,0,86,0.0
4138,1000030049144.0,Residential,0.148,0.285,0,39,0.0
4139,1000030048879.0,Residential,0.002,0.004,0,83,0.0
4140,1000030048916.0,Residential,0.096,0.106,0,13,0.0
4141,1000030048934.0,Residential,0.042,0.087,0,14,0.0
4142,1000030082469.0,Residential,0.01,0.027,0,140,0.0
4143,1000030081993.0,Residential,0.015,0.027,0,114,0.0
4144,1000030082273.0,Residential,0.008,0.016,0,88,0.0
4145,1000030082003.0,Residential,0.013,0.032,0,16,0.0
4146,1000030048912.0,Residential,0.043,0.09,0,44,0.0
4147,1000030082459.0,Residential,0.242,0.323,1,138,24624.0
4148,1000030048918.0,Residential,0.066,0.096,0,13,0.0
4149,1000030082246.0,Residential,0.005,0.009,0,31,0.0
4150,1000030081969.0,Residential,0.037,0.103,0,39,0.0
4151,5000005205280723.0,Residential,0.031,0.097,0,34,0.0
4152,1000030048941.0,Residential,0.008,0.018,0,75,0.0
4153,5000005235311882.0,Residential,0.046,0.134,0,931,0.0
4154,1000030049204.0,Residential,0.018,0.041,0,33,0.0
4155,1000030049137.0,Residential,0.219,0.317,1,71,24624.0
4156,5000005205279882.0,Residential,0.004,0.009,0,6,0.0
4157,1000030048913.0,Residential,0.085,0.12,0,17,0.0
4158,1000030049133.0,Residential,0.087,0.171,0,69,0.0
4159,1000030048931.0,Residential,0.03,0.061,0,15,0.0
4160,1000030049206.0,Residential,0.013,0.029,0,34,0.0
4161,1000030082010.0,Residential,0.029,0.037,0,12,0.0
4162,1000030082277.0,Residential,0.018,0.04,0,105,0.0
4163,1000030048929.0,Residential,0.049,0.088,0,14,0.0
4164,1000030048942.0,Residential,0.037,0.116,0,82,0.0
4165,1000030048884.0,Residential,0.003,0.005,0,82,0.0
4166,5000005205279641.0,Residential,0.052,0.131,0,16,0.0
4167,1000030081957.0,Residential,0.046,0.093,0,26,0.0
4168,1000030082465.0,Residential,0.021,0.053,0,140,0.0
4169,1000030081964.0,Residential,0.009,0.018,0,28,0.0
4170,1000030048891.0,Residential,0.003,0.006,0,85,0.0
4171,1000030048880.0,Residential,0.003,0.005,0,85,0.0
4172,1000030048882.0,Residential,0.002,0.002,0,90,0.0
4173,1000030048924.0,Residential,0.008,0.013,0,15,0.0
4174,1000030082236.0,Residential,0.033,0.078,0,36,0.0
4175,1000030081955.0,Residential,0.03,0.08,0,31,0.0
4176,1000030082458.0,Residential,0.136,0.359,1,139,24624.0
4177,5000005205280612.0,Residential,0.069,0.105,0,19,0.0
4178,1000030049135.0,Residential,0.101,0.212,0,40,0.0
4179,1000030048889.0,Residential,0.043,0.096,0,108,0.0
4180,1000030048902.0,Residential,0.126,0.171,0,116,0.0
4181,1000030049153.0,Residential,0.065,0.14,0,22,0.0
4182,1000030082272.0,Residential,0.004,0.009,0,89,0.0
4183,1000030048908.0,Residential,0.01,0.023,0,57,0.0
4184,1000030082457.0,Residential,0.178,0.452,1,143,24624.0
4185,1000030081980.0,Residential,0.048,0.084,0,52,0.0
4186,1000030048893.0,Residential,0.002,0.003,0,81,0.0
4187,5000005235312257.0,Residential,0.073,0.284,0,928,0.0
4188,1000030048892.0,Residential,0.003,0.005,0,85,0.0
4189,1000030082237.0,Residential,0.034,0.094,0,49,0.0
4190,1000030082242.0,Residential,0.012,0.025,0,30,0.0
4191,1000030049480.0,Residential,0.018,0.043,0,69,0.0
4192,1000030049482.0,Residential,0.001,0.002,0,73,0.0
4193,1000030082232.0,Residential,0.019,0.052,0,31,0.0
4194,1000030081985.0,Residential,0.031,0.055,0,35,0.0
4195,1000030082226.0,Residential,0.176,0.457,1,82,24624.0
4196,1000030081952.0,Residential,0.003,0.004,0,64,0.0
4197,1000030082271.0,Residential,0.005,0.009,0,65,0.0
4198,1000030081961.0,Residential,0.012,0.022,0,35,0.0
4199,1000030048932.0,Residential,0.042,0.086,0,14,0.0
4200,1000030082222.0,Residential,0.025,0.075,0,492,0.0
4201,1000030048939.0,Residential,0.004,0.01,0,72,0.0
4202,1000030049199.0,Residential,0.005,0.007,0,37,0.0
4203,1000030081951.0,Residential,0.002,0.002,0,52,0.0
4204,1000030082240.0,Residential,0.05,0.147,0,35,0.0
4205,1000030048894.0,Residential,0.002,0.003,0,69,0.0
4206,1000030048937.0,Residential,0.102,0.235,0,83,0.0
4207,1000030048903.0,Residential,0.232,0.397,1,112,24624.0
4208,1000030082275.0,Residential,0.011,0.02,0,99,0.0
4209,1000030082247.0,Residential,0.047,0.119,0,49,0.0
4210,1000002310398261.0,Residential,0.283,0.77,1,135,27210.0
4211,1000030048915.0,Residential,0.11,0.132,0,14,0.0
4212,1000030081988.0,Residential,0.048,0.13,0,36,0.0
4213,1000030048887.0,Residential,0.018,0.046,0,87,0.0
4214,1000030081998.0,Residential,0.013,0.023,0,173,0.0
4215,1000030082441.0,Residential,0.242,0.448,1,138,24624.0
4216,1000030081991.0,Residential,0.028,0.038,0,29,0.0
4217,5000005235312246.0,Residential,0.01,0.032,0,111,0.0
4218,1000030049150.0,Residential,0.031,0.065,0,20,0.0
4219,1000030081994.0,Residential,0.011,0.028,0,65,0.0
4220,1000030048930.0,Residential,0.027,0.052,0,14,0.0
4221,1000030048933.0,Residential,0.044,0.09,0,14,0.0
4222,5000005205279358.0,Residential,0.071,0.134,0,26,0.0
4223,1000030048877.0,Residential,0.002,0.003,0,77,0.0
4224,1000030048940.0,Residential,0.051,0.131,0,72,0.0
4225,1000030081966.0,Residential,0.002,0.004,0,3,0.0
4226,1000030082223.0,Residential,0.109,0.159,0,320,0.0
4227,1000030049207.0,Residential,0.012,0.025,0,117,0.0
4228,1000030081990.0,Residential,0.022,0.037,0,41,0.0
4229,1000030048907.0,Residential,0.007,0.019,0,111,0.0
4230,1000030048905.0,Residential,0.003,0.005,0,83,0.0
4231,1000030049149.0,Residential,0.029,0.066,0,19,0.0
4232,1000030081999.0,Residential,0.011,0.03,0,10,0.0
4233,1000030081973.0,Residential,0.046,0.101,0,38,0.0
4234,5000005235312258.0,Residential,0.258,0.362,1,52,24624.0
4235,1000030049125.0,Residential,0.514,0.542,1,17,24624.0
4236,1000030049490.0,Residential,0.255,0.522,1,35,24624.0
4237,1000030081965.0,Residential,0.002,0.004,0,2,0.0
4238,1000030049134.0,Residential,0.05,0.081,0,47,0.0
4239,1000030082462.0,Residential,0.011,0.026,0,142,0.0
4240,1000030049491.0,Residential,0.168,0.418,1,34,24624.0
4241,1000030081971.0,Residential,0.06,0.161,0,37,0.0
4242,1000030082234.0,Residential,0.018,0.045,0,52,0.0
4243,1000002310398256.0,Residential,0.017,0.037,0,27,0.0
4244,1000030082274.0,Residential,0.003,0.005,0,85,0.0
4245,5000005235312248.0,Residential,0.04,0.141,0,931,0.0
4246,1000030048922.0,Residential,0.002,0.002,0,16,0.0
4247,1000030081970.0,Residential,0.051,0.135,0,36,0.0
4248,1000030049210.0,Residential,0.153,0.366,1,15,24624.0
4249,1000030081967.0,Residential,0.002,0.002,0,2,0.0
4250,1000030049484.0,Residential,0.002,0.003,0,71,0.0
4251,1000030048899.0,Residential,0.026,0.059,0,17,0.0
4252,1000030048938.0,Residential,0.02,0.056,0,71,0.0
4253,1000030049140.0,Residential,0.128,0.291,0,84,0.0
4254,1000030048886.0,Residential,0.02,0.056,0,83,0.0
4255,1000030049489.0,Residential,0.254,0.519,1,33,24624.0
4256,1000030081954.0,Residential,0.046,0.069,0,25,0.0
4257,1000030049146.0,Residential,0.072,0.148,0,84,0.0
4258,1000030049139.0,Residential,0.195,0.315,1,77,24624.0
4259,5000005238986895.0,Residential,0.306,0.578,1,233,24624.0
4260,1000030049143.0,Residential,0.083,0.23,0,411,0.0
4261,1000030049201.0,Residential,0.011,0.025,0,49,0.0
4262,1000030049138.0,Residential,0.167,0.31,1,68,24624.0
4263,1000030081962.0,Residential,0.005,0.009,0,27,0.0
4264,5000005205279461.0,Residential,0.17,0.284,0,50,0.0
4265,1000030082230.0,Residential,0.032,0.089,0,31,0.0
4266,1000030082276.0,Residential,0.013,0.018,0,87,0.0
4267,1000030049488.0,Residential,0.159,0.308,1,98,24624.0
4268,1000030082245.0,Residential,0.002,0.003,0,28,0.0
4269,5000005205280905.0,Residential,0.037,0.087,0,20,0.0
4270,1000030082002.0,Residential,0.015,0.04,0,23,0.0
4271,1000030082342.0,Residential,0.013,0.035,0,161,0.0
4272,1000030082326.0,Residential,0.076,0.322,0,72,0.0
4273,1000030082329.0,Residential,0.009,0.022,0,67,0.0
4274,1000030082306.0,Residential,0.004,0.007,0,75,0.0
4275,1000030082327.0,Residential,0.119,0.368,1,71,24624.0
4276,1000030082299.0,Residential,0.007,0.01,0,26,0.0
4277,1000030082303.0,Residential,0.005,0.009,0,55,0.0
4278,1000030082262.0,Residential,0.258,0.807,1,103,27210.0
4279,1000030082281.0,Residential,0.011,0.017,0,28,0.0
4280,1000030082286.0,Residential,0.135,0.368,1,52,24624.0
4281,1000030082339.0,Residential,0.016,0.034,0,133,0.0
4282,1000030082290.0,Residential,0.219,0.565,1,83,24624.0
4283,1000030082336.0,Residential,0.021,0.042,0,74,0.0
4284,5000005205280254.0,Residential,0.029,0.051,0,8,0.0
4285,1000030082350.0,Residential,0.063,0.094,0,88,0.0
4286,1000030082265.0,Residential,0.154,0.387,1,100,24624.0
4287,1000030082006.0,Residential,0.153,0.427,1,84,24624.0
4288,1000030082308.0,Residential,0.006,0.01,0,74,0.0
4289,1000030082311.0,Residential,0.022,0.063,0,195,0.0
4290,5000005205280191.0,Residential,0.003,0.005,0,18,0.0
4291,1000030082351.0,Residential,0.028,0.075,0,120,0.0
4292,1000030082305.0,Residential,0.012,0.025,0,119,0.0
4293,1000030082263.0,Residential,0.158,0.398,1,88,24624.0
4294,1000030082333.0,Residential,0.344,0.788,1,76,27210.0
4295,1000030082328.0,Residential,0.02,0.035,0,89,0.0
4296,1000030082279.0,Residential,0.01,0.015,0,169,0.0
4297,1000030082296.0,Residential,0.009,0.022,0,73,0.0
4298,1000030082313.0,Residential,0.053,0.129,0,135,0.0
4299,1000030082453.0,Residential,0.039,0.088,0,89,0.0
4300,1000030082347.0,Residential,0.039,0.077,0,127,0.0
4301,1000030082310.0,Residential,0.008,0.015,0,73,0.0
4302,1000030082334.0,Residential,0.098,0.274,0,81,0.0
4303,1000030082287.0,Residential,0.059,0.082,0,85,0.0
4304,1000030082292.0,Residential,0.238,0.533,1,86,24624.0
4305,1000030082316.0,Residential,0.016,0.039,0,87,0.0
4306,1000030082261.0,Residential,0.318,0.933,1,86,30153.0
4307,1000030082266.0,Residential,0.054,0.144,0,101,0.0
4308,1000030082344.0,Residential,0.026,0.052,0,295,0.0
4309,1000030082479.0,Residential,0.016,0.03,0,35,0.0
4310,1000030082297.0,Residential,0.048,0.133,0,82,0.0
4311,1000030082325.0,Residential,0.011,0.017,0,111,0.0
4312,1000030082293.0,Residential,0.119,0.437,1,100,24624.0
4313,1000030082330.0,Residential,0.093,0.234,0,87,0.0
4314,1000030082324.0,Residential,0.029,0.074,0,93,0.0
4315,5000005205279676.0,Residential,0.019,0.033,0,25,0.0
4316,1000030082337.0,Residential,0.013,0.032,0,72,0.0
4317,1000030082260.0,Residential,0.103,0.308,1,466,24624.0
4318,1000030082335.0,Residential,0.123,0.323,1,62,24624.0
4319,1000030082320.0,Residential,0.045,0.093,0,91,0.0
4320,1000030082294.0,Residential,0.028,0.044,0,206,0.0
4321,1000030082321.0,Residential,0.024,0.08,0,90,0.0
4322,1000030082282.0,Residential,0.005,0.01,0,34,0.0
4323,1000030082343.0,Residential,0.027,0.06,0,120,0.0
4324,1000030082346.0,Residential,0.027,0.049,0,127,0.0
4325,1000030082295.0,Residential,0.008,0.018,0,79,0.0
4326,1000030082314.0,Residential,0.025,0.075,0,86,0.0
4327,1000030082332.0,Residential,0.232,0.734,1,69,27210.0
4328,1000030082323.0,Residential,0.052,0.092,0,91,0.0
4329,1000030082322.0,Residential,0.025,0.071,0,96,0.0
4330,1000030082280.0,Residential,0.007,0.014,0,59,0.0
4331,1000030082318.0,Residential,0.047,0.114,0,103,0.0
4332,5000005205279789.0,Residential,0.025,0.045,0,22,0.0
4333,1000030082349.0,Residential,0.04,0.055,0,28,0.0
4334,1000030082298.0,Residential,0.042,0.1,0,106,0.0
4335,1000030082288.0,Residential,0.033,0.07,0,97,0.0
4336,1000030082331.0,Residential,0.076,0.17,0,114,0.0
4337,1000030082317.0,Residential,0.056,0.15,0,95,0.0
4338,1000030082312.0,Residential,0.003,0.005,0,167,0.0
4339,1000030082345.0,Residential,0.02,0.033,0,14,0.0
4340,1000030082315.0,Residential,0.024,0.066,0,95,0.0
4341,1000030082341.0,Residential,0.014,0.026,0,119,0.0
4342,1000030082268.0,Residential,0.224,0.501,1,17,24624.0
4343,1000030082285.0,Residential,0.11,0.318,1,51,24624.0
4344,1000030082309.0,Residential,0.008,0.013,0,77,0.0
4345,1000030082291.0,Residential,0.186,0.521,1,95,24624.0
4346,1000030082319.0,Residential,0.025,0.078,0,92,0.0
4347,1000030082264.0,Residential,0.07,0.191,0,79,0.0
4348,1000030082289.0,Residential,0.121,0.307,1,74,24624.0
4349,5000005205280891.0,Residential,0.003,0.004,0,14,0.0
4350,1000030082454.0,Residential,0.054,0.167,0,97,0.0
4351,1000030082307.0,Residential,0.013,0.027,0,96,0.0
4352,1000030126459.0,Residential,0.022,0.063,0,368,0.0
4353,1000030126509.0,Residential,0.166,0.296,0,217,0.0
4354,1000042827405.0,Residential,,,,31,52632.0
4355,1000030126429.0,Residential,0.012,0.028,0,976,0.0
4356,1000030126428.0,Residential,0.033,0.113,0,97,0.0
4357,1000030126460.0,Residential,0.009,0.019,0,6,0.0
4358,1000030126442.0,Residential,0.208,0.583,1,21,24624.0
4359,1000030126452.0,Residential,0.01,0.026,0,90,0.0
4360,1000030126430.0,Residential,0.015,0.035,0,47,0.0
4361,1000030126417.0,Residential,0.057,0.07,0,90,0.0
4362,1000030126447.0,Residential,0.229,0.292,0,400,0.0
4363,1000030126419.0,Residential,,,,45,52632.0
4364,1000030126507.0,Residential,0.107,0.161,0,99,0.0
4365,1000030126461.0,Residential,0.027,0.058,0,17,0.0
4366,1000030126441.0,Residential,0.045,0.108,0,29,0.0
4367,1000030126444.0,Residential,0.048,0.048,0,23,0.0
4368,1000030126433.0,Residential,0.001,0.001,0,1,0.0
4369,5000005210606911.0,Residential,0.009,0.018,0,9,0.0
4370,1000030126416.0,Residential,0.12,0.182,0,95,0.0
4371,1000030126439.0,Residential,0.112,0.328,1,10,24624.0
4372,5000005210606827.0,Residential,0.224,0.446,1,76,24624.0
4373,1000030126373.0,Residential,1.62,5.382,1,252,52632.0
4374,1000030126465.0,Residential,0.021,0.047,0,4,0.0
4375,1000030126504.0,Residential,0.092,0.105,0,28,0.0
4376,1000030126448.0,Residential,0.097,0.283,0,142,0.0
4377,1000030126424.0,Residential,0.143,0.37,1,33,24624.0
4378,1000030126594.0,Residential,0.376,0.933,1,163,30153.0
4379,1000030126371.0,Residential,0.133,0.318,1,124,24624.0
4380,1000030126510.0,Residential,0.059,0.092,0,16,0.0
4381,1000030126437.0,Residential,0.112,0.287,0,9,0.0
4382,1000030126502.0,Residential,0.083,0.098,0,25,0.0
4383,1000030126422.0,Residential,0.016,0.034,0,25,0.0
4384,1000030126508.0,Residential,0.075,0.129,0,153,0.0
4385,1000030126449.0,Residential,0.072,0.207,0,98,0.0
4386,1000030126418.0,Residential,0.042,0.083,0,152,0.0
4387,1000030126506.0,Residential,0.095,0.121,0,12,0.0
4388,1000030126426.0,Residential,0.069,0.125,0,651,0.0
4389,1000030126423.0,Residential,0.011,0.025,0,205,0.0
4390,5000005159143558.0,Residential,0.006,0.009,0,3,0.0
4391,5000005210606738.0,Residential,0.339,0.4,1,32,24624.0
4392,1000030126372.0,Residential,0.43,1.274,1,230,33179.0
4393,1000030126456.0,Residential,0.184,0.427,1,1,24624.0
4394,1000030126451.0,Residential,0.016,0.034,0,309,0.0
4395,1000030126593.0,Residential,0.501,1.444,1,159,33179.0
4396,1000030126505.0,Residential,0.06,0.142,0,92,0.0
4397,1000030126431.0,Residential,0.002,0.002,0,1,0.0
4398,5000005210606832.0,Residential,0.195,0.355,1,8,24624.0
4399,1000030126435.0,Residential,0.002,0.002,0,1,0.0
4400,1000030126374.0,Residential,0.249,1.051,1,192,30153.0
4401,1000030126450.0,Residential,0.03,0.134,0,203,0.0
4402,1000030126503.0,Residential,0.192,0.39,1,218,24624.0
4403,1000030126421.0,Residential,0.009,0.023,0,172,0.0
4404,1000030079624.0,Residential,0.05,0.131,0,343,0.0
4405,1000030126420.0,Residential,,,,2,52632.0
4406,1000030126432.0,Residential,0.002,0.002,0,1,0.0
4407,1000030126425.0,Residential,0.201,0.58,1,36,24624.0
4408,1000030126440.0,Residential,0.044,0.129,0,7,0.0
4409,1000030126462.0,Residential,0.069,0.234,0,885,0.0
4410,1000030126415.0,Residential,0.076,0.076,0,67,0.0
4411,1000030126455.0,Residential,0.002,0.002,0,2,0.0
4412,1000030126458.0,Residential,0.021,0.062,0,52,0.0
4413,1000030126453.0,Residential,0.012,0.03,0,14,0.0
4414,1000030126436.0,Residential,0.014,0.024,0,2,0.0
4415,1000002310232056.0,Residential,1.199,2.697,1,764,50139.0
4416,1000030126501.0,Residential,0.084,0.126,0,111,0.0
4417,1000030126438.0,Residential,0.139,0.376,1,6,24624.0
4418,1000030126427.0,Residential,0.002,0.002,0,32,0.0
4419,1000042827404.0,Residential,0.002,0.002,0,2,0.0
4420,1000030126457.0,Residential,0.005,0.01,0,283,0.0
4421,1000030126434.0,Residential,0.001,0.001,0,1,0.0
4422,1000030126443.0,Residential,0.506,1.444,1,24,33179.0
4423,5000005210606740.0,Residential,0.061,0.1,0,11,0.0
4424,5000005210606785.0,Residential,0.08,0.157,0,21,0.0
4425,5000005189794066.0,Residential,0.017,0.065,0,1142,0.0
4426,1000002310391691.0,Residential,0.01,0.02,0,57,0.0
4427,1000030079622.0,Residential,0.014,0.045,0,945,0.0
4428,1000030079616.0,Residential,0.063,0.15,0,63,0.0
4429,5000005189793936.0,Residential,0.029,0.074,0,21,0.0
4430,1000030079619.0,Residential,0.063,0.2,0,324,0.0
4431,1000002310273475.0,Residential,0.027,0.037,0,15,0.0
4432,1000030079605.0,Residential,0.08,0.242,0,263,0.0
4433,1000002310273466.0,Residential,0.076,0.172,0,37,0.0
4434,1000002310370664.0,Residential,,,,8,52632.0
4435,1000002310273467.0,Residential,0.923,3.436,1,222,52632.0
4436,1000002310391689.0,Residential,0.025,0.078,0,79,0.0
4437,1000002310391690.0,Residential,0.006,0.014,0,79,0.0
4438,1000002310354317.0,Residential,0.004,0.006,0,16,0.0
4439,1000030079600.0,Residential,0.016,0.034,0,22,0.0
4440,1000030079779.0,Residential,0.256,0.37,1,4,24624.0
4441,1000002310273485.0,Residential,0.153,0.497,1,469,24624.0
4442,5000005189793941.0,Residential,0.002,0.002,0,5,0.0
4443,1000002310354318.0,Residential,0.018,0.041,0,52,0.0
4444,1000030079603.0,Residential,0.02,0.041,0,200,0.0
4445,1000002310232051.0,Residential,1.447,4.27,1,11,52632.0
4446,1000030079602.0,Residential,0.017,0.041,0,993,0.0
4447,1000002310370666.0,Residential,,,,10,52632.0
4448,1000002310354316.0,Residential,0.032,0.054,0,986,0.0
4449,5000005189793940.0,Residential,0.017,0.023,0,27,0.0
4450,1000030079620.0,Residential,0.067,0.145,0,400,0.0
4451,1000030079606.0,Residential,0.155,0.24,0,66,0.0
4452,1000002310273465.0,Residential,0.046,0.1,0,12,0.0
4453,1000030079604.0,Residential,0.061,0.19,0,59,0.0
4454,1000002310228922.0,Residential,0.026,0.072,0,24,0.0
4455,1000030079615.0,Residential,0.086,0.19,0,485,0.0
4456,1000002310273482.0,Residential,1.375,4.088,1,394,52632.0
4457,1000030079627.0,Residential,0.026,0.085,0,26,0.0
4458,1000002310349389.0,Residential,0.017,0.028,0,8,0.0
4459,1000002310379467.0,Residential,0.04,0.139,0,231,0.0
4460,5000005202723558.0,Residential,0.02,0.022,0,14,0.0
4461,1000030126533.0,Residential,0.055,0.166,0,155,0.0
4462,1000002310242275.0,Residential,0.002,0.003,0,94,0.0
4463,1000030127967.0,Residential,0.053,0.092,0,44,0.0
4464,1000030127833.0,Residential,0.024,0.064,0,12,0.0
4465,5000005101264582.0,Residential,,,,12,52632.0
4466,1000030128115.0,Residential,0.015,0.032,0,46,0.0
4467,1000030127938.0,Residential,0.452,1.52,1,61,36727.0
4468,1000030126588.0,Residential,0.004,0.005,0,2,0.0
4469,1000030127940.0,Residential,0.003,0.003,0,11,0.0
4470,1000041249719.0,Residential,0.306,0.786,1,89,27210.0
4471,1000002310349385.0,Residential,0.011,0.024,0,5,0.0
4472,1000030126541.0,Residential,0.011,0.021,0,21,0.0
4473,1000002310242276.0,Residential,0.002,0.003,0,66,0.0
4474,1000030127927.0,Residential,0.074,0.105,0,55,0.0
4475,1000030126591.0,Residential,0.002,0.002,0,2,0.0
4476,5000005230926912.0,Residential,,,,56,52632.0
4477,1000030126526.0,Residential,0.009,0.018,0,112,0.0
4478,1000030127846.0,Residential,0.022,0.056,0,310,0.0
4479,1000030126517.0,Residential,0.21,0.448,1,229,24624.0
4480,5000005202723293.0,Residential,0.033,0.092,0,15,0.0
4481,1000002310352929.0,Residential,0.008,0.01,0,18,0.0
4482,1000030127855.0,Residential,,,,66,52632.0
4483,1000030128120.0,Residential,0.058,0.122,0,58,0.0
4484,1000030126516.0,Residential,0.02,0.035,0,141,0.0
4485,1000002310235907.0,Residential,0.009,0.016,0,132,0.0
4486,1000030127969.0,Residential,0.019,0.033,0,31,0.0
4487,1000030126515.0,Residential,0.103,0.258,0,93,0.0
4488,1000030128130.0,Residential,0.019,0.068,0,66,0.0
4489,1000030126550.0,Residential,0.015,0.022,0,3,0.0
4490,1000030128113.0,Residential,0.054,0.289,0,169,0.0
4491,1000002310444878.0,Residential,0.02,0.037,0,1699,0.0
4492,1000030127977.0,Residential,0.005,0.006,0,33,0.0
4493,1000030127968.0,Residential,0.055,0.111,0,31,0.0
4494,1000041249717.0,Residential,0.003,0.005,0,7,0.0
4495,1000030126522.0,Residential,0.012,0.013,0,84,0.0
4496,1000030126540.0,Residential,0.023,0.032,0,120,0.0
4497,1000043032681.0,Residential,0.002,0.002,0,0,0.0
4498,1000002310444868.0,Residential,0.56,1.397,1,395,33179.0
4499,1000030127975.0,Residential,0.005,0.01,0,32,0.0
4500,1000002310227614.0,Residential,0.112,0.195,0,65,0.0
4501,1000030126545.0,Residential,0.003,0.003,0,2,0.0
4502,1000030126524.0,Residential,0.003,0.005,0,78,0.0
4503,1000002310242281.0,Residential,0.108,0.184,0,93,0.0
4504,1000002310275142.0,Residential,0.004,0.009,0,3,0.0
4505,1000002310444864.0,Residential,0.041,0.068,0,14,0.0
4506,1000030127982.0,Residential,0.002,0.003,0,34,0.0
4507,1000030127980.0,Residential,0.003,0.004,0,38,0.0
4508,5000005202723545.0,Residential,0.035,0.064,0,9,0.0
4509,5000005202723395.0,Residential,0.024,0.029,0,5,0.0
4510,1000030127834.0,Residential,0.014,0.038,0,968,0.0
4511,1000002310235931.0,Residential,0.016,0.03,0,974,0.0
4512,1000002310349388.0,Residential,0.03,0.066,0,7,0.0
4513,1000030127845.0,Residential,0.041,0.063,0,49,0.0
4514,1000002310068695.0,Residential,0.006,0.011,0,140,0.0
4515,1000030127972.0,Residential,0.005,0.006,0,22,0.0
4516,1000030128299.0,Residential,0.002,0.003,0,2,0.0
4517,5000005202723630.0,Residential,0.008,0.008,0,6,0.0
4518,1000030126525.0,Residential,0.008,0.016,0,113,0.0
4519,1000030127854.0,Residential,0.013,0.03,0,152,0.0
4520,1000002310227607.0,Residential,0.045,0.082,0,31,0.0
4521,1000030126297.0,Residential,,,,19,52632.0
4522,1000030127853.0,Residential,0.011,0.038,0,135,0.0
4523,5000005202723297.0,Residential,0.08,0.232,0,82,0.0
4524,1000030127847.0,Residential,0.05,0.177,0,1030,0.0
4525,1000002310235923.0,Residential,0.068,0.156,0,16,0.0
4526,1000002310242594.0,Residential,0.215,0.215,0,22,0.0
4527,1000030127849.0,Residential,0.002,0.003,0,16,0.0
4528,1000030127973.0,Residential,0.004,0.005,0,20,0.0
4529,1000030127752.0,Public Buildings,0.002,0.003,0,1235,0.0
4530,1000030127925.0,Residential,0.021,0.09,0,339,0.0
4531,1000030126539.0,Residential,0.034,0.067,0,103,0.0
4532,1000030126298.0,Residential,,,,17,52632.0
4533,1000041249720.0,Residential,0.066,0.101,0,357,0.0
4534,5000005108194840.0,Residential,0.057,0.217,0,236,0.0
4535,1000030127738.0,Residential,0.056,0.134,0,48,0.0
4536,1000042863548.0,Residential,0.015,0.024,0,6,0.0
4537,1000030127981.0,Residential,0.002,0.003,0,33,0.0
4538,1000030127978.0,Residential,0.004,0.005,0,34,0.0
4539,1000030127976.0,Residential,0.006,0.01,0,32,0.0
4540,5000005202723436.0,Public Buildings,,,,6,14634.0
4541,5000005101264330.0,Residential,,,,30,52632.0
4542,1000002310274826.0,Residential,0.02,0.066,0,773,0.0
4543,1000030127984.0,Residential,0.033,0.093,0,33,0.0
4544,1000030127971.0,Residential,0.004,0.006,0,30,0.0
4545,1000002310349387.0,Residential,0.009,0.013,0,7,0.0
4546,1000030126529.0,Residential,0.002,0.003,0,30,0.0
4547,1000030126548.0,Residential,0.003,0.004,0,2,0.0
4548,1000030128148.0,Residential,0.01,0.028,0,221,0.0
4549,1000030128114.0,Residential,0.048,0.115,0,22,0.0
4550,1000030127944.0,Residential,0.043,0.072,0,29,0.0
4551,1000002310444876.0,Residential,0.022,0.072,0,493,0.0
4552,1000030128129.0,Residential,0.028,0.071,0,24,0.0
4553,1000030127739.0,Residential,0.148,0.454,1,2492,24624.0
4554,1000030126537.0,Residential,0.017,0.056,0,110,0.0
4555,1000030126535.0,Residential,0.033,0.029,0,137,0.0
4556,1000002310352932.0,Residential,0.041,0.082,0,776,0.0
4557,1000030126590.0,Residential,0.002,0.002,0,3,0.0
4558,1000002310068689.0,Residential,0.01,0.021,0,765,0.0
4559,1000030127974.0,Residential,0.005,0.008,0,33,0.0
4560,1000002310068692.0,Residential,0.066,0.14,0,166,0.0
4561,5000005108194843.0,Residential,0.123,0.269,0,37,0.0
4562,1000002310218647.0,Residential,0.033,0.037,0,999,0.0
4563,1000030127935.0,Residential,0.004,0.004,0,52,0.0
4564,1000030127991.0,Residential,0.023,0.03,0,31,0.0
4565,1000041249721.0,Residential,0.092,0.132,0,376,0.0
4566,1000042800867.0,Residential,0.002,0.003,0,2,0.0
4567,1000030127949.0,Residential,0.051,0.15,0,661,0.0
4568,1000030126523.0,Residential,0.002,0.004,0,123,0.0
4569,1000002310444881.0,Residential,0.02,0.04,0,152,0.0
4570,1000030127753.0,Public Buildings,,,,27,65853.0
4571,1000030128135.0,Residential,0.025,0.037,0,563,0.0
4572,1000042863549.0,Residential,0.041,0.045,0,7,0.0
4573,1000002310349384.0,Residential,0.017,0.041,0,463,0.0
4574,1000030127848.0,Residential,0.08,0.258,0,965,0.0
4575,1000030128127.0,Residential,0.015,0.057,0,162,0.0
4576,1000030127989.0,Residential,0.002,0.002,0,32,0.0
4577,5000005101264596.0,Residential,,,,33,52632.0
4578,1000030126360.0,Residential,0.062,0.093,0,5,0.0
4579,1000042863544.0,Residential,0.035,0.058,0,5,0.0
4580,1000030126530.0,Residential,0.017,0.034,0,198,0.0
4581,5000005202723681.0,Residential,0.002,0.003,0,13,0.0
4582,1000030128116.0,Residential,0.163,0.643,1,317,27210.0
4583,5000005238945860.0,Residential,,,,95,52632.0
4584,1000030128117.0,Residential,0.373,0.768,1,25,27210.0
4585,1000030127948.0,Residential,0.011,0.026,0,16,0.0
4586,1000030126518.0,Residential,0.291,0.403,1,73,24624.0
4587,1000030126549.0,Residential,0.003,0.004,0,2,0.0
4588,1000030127755.0,Public Buildings,0.002,0.003,0,17,0.0
4589,1000002310247358.0,Residential,0.009,0.013,0,1570,0.0
4590,1000042800864.0,Public Buildings,,,,2,4878.0
4591,1000030128133.0,Residential,0.087,0.208,0,890,0.0
4592,1000030128118.0,Residential,0.066,0.192,0,1037,0.0
4593,1000030126543.0,Residential,0.002,0.002,0,3,0.0
4594,1000030128126.0,Residential,0.021,0.049,0,241,0.0
4595,1000030126542.0,Residential,0.003,0.003,0,10,0.0
4596,1000030127926.0,Residential,0.109,0.153,0,858,0.0
4597,1000030127941.0,Residential,0.004,0.004,0,8,0.0
4598,1000030127988.0,Residential,0.002,0.003,0,57,0.0
4599,1000002310444879.0,Residential,2.112,2.115,1,113,43237.0
4600,1000002310444872.0,Residential,0.118,0.35,1,422,24624.0
4601,1000042827407.0,Residential,,,,22,52632.0
4602,1000030126544.0,Residential,0.07,0.093,0,3,0.0
4603,1000002310379468.0,Residential,0.089,0.174,0,6,0.0
4604,1000030126532.0,Residential,0.034,0.173,0,421,0.0
4605,1000030127970.0,Residential,0.005,0.006,0,34,0.0
4606,5000005207526929.0,Public Buildings,0.006,0.008,0,5,0.0
4607,1000042863543.0,Residential,0.036,0.077,0,2512,0.0
4608,1000002310247355.0,Residential,0.006,0.006,0,13,0.0
4609,1000030127754.0,Public Buildings,0.002,0.003,0,26,0.0
4610,1000002310068690.0,Residential,0.022,0.047,0,151,0.0
4611,1000002310275145.0,Residential,0.032,0.033,0,2,0.0
4612,5000005101264588.0,Residential,,,,4,52632.0
4613,1000041249718.0,Residential,0.074,0.101,0,895,0.0
4614,1000002310444871.0,Residential,0.065,0.163,0,1161,0.0
4615,1000002310444857.0,Residential,0.036,0.078,0,29,0.0
4616,1000030126536.0,Residential,0.041,0.12,0,165,0.0
4617,1000002310242278.0,Residential,0.018,0.042,0,1431,0.0
4618,5000005202723427.0,Residential,0.003,0.006,0,461,0.0
4619,1000002310204210.0,Residential,0.173,0.541,1,1319,24624.0
4620,1000030126589.0,Residential,0.002,0.003,0,2,0.0
4621,1000002310349386.0,Residential,0.002,0.003,0,5,0.0
4622,1000002310242274.0,Residential,0.041,0.07,0,98,0.0
4623,1000002310242590.0,Residential,0.004,0.005,0,41,0.0
4624,1000030126521.0,Residential,0.002,0.002,0,191,0.0
4625,1000030127985.0,Residential,0.028,0.078,0,31,0.0
4626,1000030126534.0,Residential,0.012,0.021,0,42,0.0
4627,1000030126527.0,Residential,0.008,0.016,0,26,0.0
4628,5000005110634999.0,Residential,0.146,0.401,1,0,24624.0
4629,1000002310444880.0,Residential,0.816,2.11,1,810,43237.0
4630,1000030127947.0,Residential,0.004,0.007,0,15,0.0
4631,5000005202723402.0,Residential,0.045,0.082,0,22,0.0
4632,1000030127979.0,Residential,0.003,0.005,0,33,0.0
4633,1000002310242593.0,Residential,0.006,0.008,0,18,0.0
4634,1000030128128.0,Residential,0.019,0.045,0,33,0.0
4635,1000030127933.0,Residential,,,,37,52632.0
4636,1000030127983.0,Residential,0.032,0.092,0,36,0.0
4637,1000002310444859.0,Residential,0.037,0.083,0,35,0.0
4638,1000002310247353.0,Residential,0.003,0.004,0,38,0.0
4639,1000002310242589.0,Residential,0.105,0.187,0,25,0.0
4640,1000002310068694.0,Residential,0.018,0.058,0,134,0.0
4641,1000030128131.0,Residential,0.005,0.01,0,8,0.0
4642,1000002310354164.0,Residential,0.014,0.026,0,48,0.0
4643,1000030127828.0,Residential,0.043,0.118,0,1295,0.0
4644,1000002310235914.0,Residential,,,,17,52632.0
4645,1000030127986.0,Residential,0.004,0.005,0,20,0.0
4646,1000030126528.0,Residential,0.002,0.004,0,821,0.0
4647,1000002310227615.0,Residential,0.131,0.197,0,790,0.0
4648,1000030126538.0,Residential,0.053,0.113,0,110,0.0
4649,1000030127832.0,Residential,0.046,0.069,0,40,0.0
4650,1000002310227606.0,Residential,0.35,1.16,1,2354,30153.0
4651,1000030126520.0,Residential,0.04,0.082,0,101,0.0
4652,1000030126547.0,Residential,0.003,0.004,0,3,0.0
4653,1000030126546.0,Residential,0.007,0.011,0,3,0.0
4654,1000030127990.0,Residential,0.015,0.029,0,34,0.0
4655,1000030079798.0,Residential,,,,6,52632.0
4656,1000030079797.0,Residential,,,,2,52632.0
4657,1000030126473.0,Residential,0.036,0.066,0,131,0.0
4658,1000030128022.0,Residential,0.174,0.421,1,60,24624.0
4659,5000005210606821.0,Residential,0.125,0.362,1,181,24624.0
4660,1000030128033.0,Residential,0.008,0.014,0,114,0.0
4661,1000030126482.0,Residential,0.002,0.002,0,9,0.0
4662,1000030128026.0,Residential,0.023,0.058,0,80,0.0
4663,1000030128044.0,Residential,1.168,1.367,1,2,33179.0
4664,1000030126485.0,Residential,0.03,0.062,0,99,0.0
4665,1000030128036.0,Residential,0.1,0.295,0,157,0.0
4666,1000030128032.0,Residential,0.013,0.013,0,98,0.0
4667,1000030128024.0,Residential,0.037,0.076,0,90,0.0
4668,1000030128042.0,Residential,0.104,0.271,0,353,0.0
4669,1000043032704.0,Residential,0.003,0.003,0,1,0.0
4670,1000002310424153.0,Residential,0.131,0.341,1,22,24624.0
4671,1000030126488.0,Residential,0.062,0.147,0,67,0.0
4672,1000030126489.0,Residential,0.087,0.333,0,196,0.0
4673,1000030128037.0,Residential,0.147,0.321,1,50,24624.0
4674,1000030079669.0,Residential,0.058,0.162,0,247,0.0
4675,1000030128034.0,Residential,0.007,0.011,0,461,0.0
4676,1000030128014.0,Residential,0.003,0.005,0,6,0.0
4677,1000000060061282.0,Residential,,,,5,52632.0
4678,1000030126490.0,Residential,0.058,0.098,0,189,0.0
4679,5000005210606900.0,Residential,0.016,0.027,0,53,0.0
4680,1000030126484.0,Residential,0.154,0.241,0,40,0.0
4681,1000030128038.0,Residential,0.036,0.06,0,478,0.0
4682,1000030126480.0,Residential,0.024,0.054,0,6,0.0
4683,1000030128023.0,Residential,0.227,0.535,1,58,24624.0
4684,1000030128271.0,Residential,0.05,0.088,0,1,0.0
4685,1000030128270.0,Residential,0.245,0.526,1,82,24624.0
4686,1000030128025.0,Residential,0.025,0.064,0,85,0.0
4687,1000030126483.0,Residential,0.091,0.288,0,93,0.0
4688,1000030126470.0,Residential,0.045,0.117,0,18,0.0
4689,1000030126478.0,Residential,0.03,0.058,0,71,0.0
4690,1000030128031.0,Residential,0.02,0.054,0,587,0.0
4691,1000030126471.0,Residential,0.069,0.167,0,2648,0.0
4692,1000030126479.0,Residential,0.021,0.052,0,151,0.0
4693,1000030126486.0,Residential,0.072,0.163,0,4,0.0
4694,1000030128029.0,Residential,0.039,0.079,0,122,0.0
4695,1000030079668.0,Residential,0.151,0.462,1,2331,24624.0
4696,1000030079670.0,Residential,0.031,0.058,0,236,0.0
4697,1000030128028.0,Residential,0.009,0.022,0,112,0.0
4698,1000030128027.0,Residential,0.015,0.055,0,195,0.0
4699,1000030128030.0,Residential,0.038,0.069,0,82,0.0
4700,5000005210606838.0,Residential,0.412,0.986,1,3,30153.0
4701,1000030128046.0,Residential,0.004,0.005,0,13,0.0
4702,1000030079684.0,Residential,0.024,0.057,0,238,0.0
4703,1000030079691.0,Residential,0.023,0.046,0,50,0.0
4704,5000005102512107.0,Residential,0.057,0.119,0,12,0.0
4705,1000030079672.0,Residential,0.031,0.086,0,241,0.0
4706,1000030079678.0,Residential,0.076,0.099,0,45,0.0
4707,1000030081350.0,Residential,0.034,0.078,0,83,0.0
4708,1000030079639.0,Residential,0.129,0.182,0,342,0.0
4709,5000005102512106.0,Residential,0.214,0.636,1,358,27210.0
4710,1000030079690.0,Residential,0.022,0.047,0,13,0.0
4711,1000030081352.0,Residential,0.021,0.026,0,10,0.0
4712,1000030079673.0,Residential,0.041,0.086,0,112,0.0
4713,1000030079688.0,Residential,0.022,0.028,0,24,0.0
4714,1000030079818.0,Residential,0.031,0.056,0,53,0.0
4715,1000030079685.0,Residential,0.023,0.055,0,83,0.0
4716,1000030079643.0,Residential,0.101,0.164,0,375,0.0
4717,1000030079819.0,Residential,0.071,0.343,0,1790,0.0
4718,5000005210606766.0,Residential,0.047,0.083,0,15,0.0
4719,1000030079683.0,Residential,0.028,0.062,0,566,0.0
4720,1000030079638.0,Residential,0.159,0.196,0,155,0.0
4721,1000030079679.0,Residential,0.076,0.076,0,11,0.0
4722,1000030081351.0,Residential,0.023,0.03,0,166,0.0
4723,1000030079674.0,Residential,0.041,0.104,0,123,0.0
4724,5000005102512105.0,Residential,0.123,0.28,0,366,0.0
4725,1000030079687.0,Residential,0.02,0.026,0,48,0.0
4726,5000005210606956.0,Residential,0.016,0.022,0,4,0.0
4727,1000030079689.0,Residential,0.003,0.003,0,1,0.0
4728,1000030079686.0,Residential,0.026,0.038,0,126,0.0
4729,5000005210606922.0,Residential,0.063,0.123,0,11,0.0
4730,1000030079677.0,Residential,0.065,0.099,0,45,0.0
4731,1000030079675.0,Residential,0.038,0.086,0,784,0.0
4732,5000005210606920.0,Residential,0.01,0.018,0,4,0.0
4733,1000030079642.0,Residential,0.041,0.041,0,61,0.0
4734,1000030079667.0,Residential,0.054,0.118,0,2321,0.0
4735,1000030079682.0,Residential,0.019,0.054,0,157,0.0
4736,1000030079641.0,Residential,0.115,0.309,1,225,24624.0
4737,1000030080652.0,Residential,0.031,0.091,0,41,0.0
4738,1000030080622.0,Residential,0.05,0.125,0,80,0.0
4739,1000030080636.0,Residential,0.159,0.415,1,65,24624.0
4740,1000030080650.0,Residential,0.147,0.362,1,58,24624.0
4741,1000030080598.0,Residential,0.03,0.056,0,64,0.0
4742,1000030080594.0,Residential,0.005,0.007,0,51,0.0
4743,1000030080592.0,Residential,0.009,0.022,0,74,0.0
4744,1000030080725.0,Residential,0.03,0.088,0,64,0.0
4745,1000030080641.0,Residential,0.195,0.608,1,152,27210.0
4746,1000030080637.0,Residential,0.143,0.3,1,61,20497.0
4747,1000002310392517.0,Residential,0.024,0.042,0,209,0.0
4748,1000030080632.0,Residential,0.022,0.052,0,449,0.0
4749,1000030080645.0,Residential,0.011,0.026,0,64,0.0
4750,1000030080643.0,Residential,0.312,0.708,1,70,27210.0
4751,1000030080630.0,Residential,0.02,0.057,0,447,0.0
4752,1000030080644.0,Residential,0.141,0.409,1,64,24624.0
4753,1000030080587.0,Residential,0.005,0.007,0,214,0.0
4754,1000030080628.0,Residential,0.016,0.068,0,88,0.0
4755,1000030080651.0,Residential,0.111,0.297,0,66,0.0
4756,1000030080633.0,Residential,0.002,0.005,0,467,0.0
4757,5000005202750155.0,Residential,0.007,0.017,0,99,0.0
4758,1000030080631.0,Residential,0.03,0.057,0,446,0.0
4759,1000030080649.0,Residential,0.045,0.099,0,63,0.0
4760,1000030080677.0,Residential,0.042,0.104,0,78,0.0
4761,1000030080626.0,Residential,0.009,0.022,0,51,0.0
4762,1000030080635.0,Residential,0.087,0.254,0,61,0.0
4763,1000030080647.0,Residential,0.022,0.069,0,67,0.0
4764,1000030080625.0,Residential,0.008,0.018,0,88,0.0
4765,5000005202750215.0,Residential,0.02,0.045,0,119,0.0
4766,1000030080623.0,Residential,0.045,0.142,0,72,0.0
4767,1000030080648.0,Residential,0.044,0.123,0,40,0.0
4768,1000030080639.0,Residential,0.151,0.288,0,63,0.0
4769,5000005202749873.0,Residential,0.009,0.02,0,109,0.0
4770,1000030080640.0,Residential,0.104,0.257,0,71,0.0
4771,1000030080629.0,Residential,0.013,0.033,0,520,0.0
4772,1000030080621.0,Residential,0.005,0.01,0,79,0.0
4773,5000005202749787.0,Residential,0.006,0.013,0,11,0.0
4774,1000030080653.0,Residential,0.008,0.019,0,67,0.0
4775,1000030080588.0,Residential,0.01,0.017,0,121,0.0
4776,1000030080646.0,Residential,0.022,0.064,0,68,0.0
4777,1000030080596.0,Residential,0.021,0.066,0,149,0.0
4778,1000030080634.0,Residential,0.004,0.008,0,39,0.0
4779,1000030080624.0,Residential,0.019,0.04,0,70,0.0
4780,1000030080638.0,Residential,0.149,0.316,1,65,24624.0
4781,1000030080627.0,Residential,0.02,0.068,0,121,0.0
4782,1000030080593.0,Residential,0.005,0.007,0,61,0.0
4783,5000005202749997.0,Residential,0.018,0.047,0,98,0.0
4784,1000030080613.0,Residential,0.01,0.019,0,55,0.0
4785,1000030080239.0,Residential,0.022,0.057,0,70,0.0
4786,1000030080603.0,Residential,0.011,0.02,0,72,0.0
4787,1000002310392426.0,Residential,0.007,0.013,0,20,0.0
4788,1000030080608.0,Residential,0.003,0.006,0,63,0.0
4789,1000030080610.0,Residential,0.005,0.008,0,56,0.0
4790,1000030080247.0,Residential,0.044,0.125,0,42,0.0
4791,1000030080230.0,Residential,0.242,0.553,1,327,24624.0
4792,1000030080236.0,Residential,0.015,0.018,0,395,0.0
4793,1000030080606.0,Residential,0.008,0.012,0,64,0.0
4794,1000030080604.0,Residential,0.007,0.018,0,55,0.0
4795,1000030080541.0,Residential,0.006,0.012,0,198,0.0
4796,1000030080614.0,Residential,0.008,0.013,0,75,0.0
4797,1000030080553.0,Residential,0.021,0.046,0,139,0.0
4798,1000030080605.0,Residential,0.012,0.038,0,70,0.0
4799,1000030080233.0,Residential,0.003,0.005,0,113,0.0
4800,1000030080242.0,Residential,0.004,0.008,0,80,0.0
4801,1000030080542.0,Residential,0.003,0.003,0,79,0.0
4802,1000030080612.0,Residential,0.004,0.008,0,55,0.0
4803,1000030080243.0,Residential,0.004,0.008,0,89,0.0
4804,1000030080241.0,Residential,0.027,0.074,0,79,0.0
4805,1000030080607.0,Residential,0.002,0.002,0,59,0.0
4806,1000030080245.0,Residential,0.005,0.008,0,82,0.0
4807,1000030080232.0,Residential,0.005,0.008,0,72,0.0
4808,1000030080231.0,Residential,0.054,0.186,0,863,0.0
4809,1000030080240.0,Residential,0.032,0.088,0,73,0.0
4810,1000030080244.0,Residential,0.003,0.005,0,173,0.0
4811,1000030080246.0,Residential,0.004,0.007,0,52,0.0
4812,1000030080229.0,Residential,0.055,0.124,0,1032,0.0
4813,1000030080609.0,Residential,0.003,0.005,0,47,0.0
4814,1000030080611.0,Residential,0.005,0.009,0,49,0.0
4815,1000002310392425.0,Residential,0.002,0.003,0,48,0.0
4816,1000030080238.0,Residential,0.027,0.074,0,88,0.0
4817,1000030080292.0,Residential,0.037,0.029,0,91,0.0
4818,1000030080615.0,Residential,0.024,0.055,0,118,0.0
4819,1000030080432.0,Residential,0.28,0.655,1,77,27210.0
4820,1000030080325.0,Residential,0.118,0.261,0,53,0.0
4821,1000030080326.0,Residential,0.051,0.083,0,63,0.0
4822,1000030080428.0,Residential,0.347,0.808,1,88,27210.0
4823,1000030080443.0,Residential,0.728,1.282,1,68,33179.0
4824,1000030080313.0,Residential,0.004,0.007,0,51,0.0
4825,1000030080294.0,Residential,0.075,0.133,0,68,0.0
4826,1000030080322.0,Residential,0.219,0.556,1,56,24624.0
4827,1000030080286.0,Residential,0.012,0.015,0,3,0.0
4828,1000030080307.0,Residential,0.021,0.048,0,75,0.0
4829,1000030080304.0,Residential,0.032,0.082,0,69,0.0
4830,1000030080319.0,Residential,0.007,0.017,0,50,0.0
4831,1000030080439.0,Residential,0.709,1.03,1,69,30153.0
4832,1000030080618.0,Residential,0.011,0.019,0,73,0.0
4833,1000030080333.0,Residential,0.014,0.03,0,163,0.0
4834,1000030080309.0,Residential,0.197,0.525,1,68,24624.0
4835,1000030080315.0,Residential,0.003,0.004,0,39,0.0
4836,1000030080324.0,Residential,0.088,0.121,0,17,0.0
4837,1000030080433.0,Residential,0.24,0.546,1,72,24624.0
4838,1000030080431.0,Residential,0.023,0.048,0,69,0.0
4839,1000030080437.0,Residential,0.041,0.077,0,56,0.0
4840,1000030080436.0,Residential,0.021,0.047,0,77,0.0
4841,1000030080330.0,Residential,0.028,0.051,0,74,0.0
4842,1000030080446.0,Residential,0.669,0.858,1,62,27210.0
4843,1000030080301.0,Residential,0.024,0.044,0,65,0.0
4844,1000030080316.0,Residential,0.002,0.003,0,46,0.0
4845,1000030080288.0,Residential,0.004,0.008,0,19,0.0
4846,1000030080320.0,Residential,0.009,0.027,0,62,0.0
4847,1000030080444.0,Residential,0.884,1.294,1,68,33179.0
4848,1000030080323.0,Residential,0.131,0.307,1,53,24624.0
4849,1000030080334.0,Residential,0.017,0.033,0,76,0.0
4850,1000030080328.0,Residential,0.039,0.073,0,62,0.0
4851,1000030080335.0,Residential,0.021,0.044,0,228,0.0
4852,1000030080298.0,Residential,0.073,0.19,0,69,0.0
4853,1000030080435.0,Residential,0.131,0.383,1,71,24624.0
4854,1000030080327.0,Residential,0.052,0.096,0,67,0.0
4855,1000030080305.0,Residential,0.021,0.071,0,69,0.0
4856,1000030080329.0,Residential,0.024,0.052,0,63,0.0
4857,1000030080616.0,Residential,0.007,0.011,0,58,0.0
4858,1000030080297.0,Residential,0.118,0.3,1,65,20497.0
4859,1000030080617.0,Residential,0.013,0.024,0,59,0.0
4860,1000030080300.0,Residential,0.016,0.03,0,68,0.0
4861,1000030080445.0,Residential,0.699,0.821,1,63,27210.0
4862,1000030080289.0,Residential,0.016,0.025,0,83,0.0
4863,1000030080308.0,Residential,0.042,0.106,0,73,0.0
4864,1000030080317.0,Residential,0.003,0.005,0,65,0.0
4865,1000030080337.0,Residential,0.061,0.105,0,111,0.0
4866,1000030080321.0,Residential,0.062,0.246,0,65,0.0
4867,1000030080310.0,Residential,0.18,0.413,1,60,24624.0
4868,1000030080312.0,Residential,0.006,0.012,0,62,0.0
4869,1000030080438.0,Residential,0.331,0.697,1,101,27210.0
4870,1000030080296.0,Residential,0.031,0.07,0,32,0.0
4871,1000030080429.0,Residential,0.437,0.799,1,67,27210.0
4872,1000030080318.0,Residential,0.003,0.005,0,51,0.0
4873,1000030080287.0,Residential,0.016,0.026,0,66,0.0
4874,1000030080302.0,Residential,0.091,0.186,0,68,0.0
4875,1000030080311.0,Residential,0.027,0.05,0,63,0.0
4876,1000030080293.0,Residential,0.095,0.276,0,61,0.0
4877,1000030080299.0,Residential,0.019,0.041,0,64,0.0
4878,1000030080336.0,Residential,0.015,0.039,0,121,0.0
4879,1000030080303.0,Residential,0.069,0.186,0,66,0.0
4880,1000030080331.0,Residential,0.032,0.037,0,27,0.0
4881,1000030080332.0,Residential,0.026,0.036,0,70,0.0
4882,1000030080430.0,Residential,0.262,0.696,1,62,27210.0
4883,1000030080291.0,Residential,0.02,0.033,0,24,0.0
4884,1000030080314.0,Residential,0.004,0.007,0,46,0.0
4885,1000030080434.0,Residential,0.26,0.587,1,74,24624.0
4886,1000030080295.0,Residential,0.076,0.179,0,61,0.0
4887,1000030080306.0,Residential,0.005,0.009,0,71,0.0
4888,1000030081491.0,Residential,,,,67,52632.0
4889,1000030081484.0,Residential,0.012,0.027,0,95,0.0
4890,1000030081489.0,Residential,0.036,0.04,0,99,0.0
4891,1000030081493.0,Residential,,,,63,52632.0
4892,1000030081490.0,Residential,0.031,0.033,0,95,0.0
4893,1000030081488.0,Residential,0.105,0.224,0,103,0.0
4894,1000030081483.0,Residential,0.004,0.006,0,89,0.0
4895,1000030081481.0,Residential,0.009,0.016,0,105,0.0
4896,1000030081482.0,Residential,,,,73,52632.0
4897,1000030081485.0,Residential,0.086,0.218,0,86,0.0
4898,1000030081619.0,Residential,0.011,0.019,0,72,0.0
4899,1000030081478.0,Residential,,,,82,52632.0
4900,1000030081618.0,Residential,0.039,0.065,0,133,0.0
4901,1000030081492.0,Residential,,,,50,52632.0
4902,1000030081480.0,Residential,0.016,0.018,0,103,0.0
4903,1000030081620.0,Residential,0.009,0.017,0,72,0.0
4904,1000030081479.0,Residential,,,,134,52632.0
4905,1000030045750.0,Residential,0.018,0.042,0,93,0.0
4906,1000030045751.0,Residential,0.025,0.028,0,94,0.0
4907,1000030080566.0,Residential,0.109,0.256,0,96,0.0
4908,5000005198307509.0,Residential,0.012,0.048,0,245,0.0
4909,1000030080560.0,Residential,0.027,0.039,0,63,0.0
4910,1000030045754.0,Residential,0.012,0.023,0,94,0.0
4911,1000030045753.0,Residential,0.009,0.022,0,103,0.0
4912,1000030045745.0,Residential,0.016,0.03,0,95,0.0
4913,1000030045744.0,Residential,0.053,0.162,0,95,0.0
4914,1000030045755.0,Residential,0.026,0.061,0,93,0.0
4915,1000030045748.0,Residential,0.017,0.041,0,96,0.0
4916,1000030045752.0,Residential,0.032,0.048,0,97,0.0
4917,1000030045760.0,Residential,0.016,0.036,0,152,0.0
4918,1000030080561.0,Residential,0.038,0.04,0,29,0.0
4919,1000030045759.0,Residential,0.044,0.11,0,124,0.0
4920,1000030080564.0,Residential,0.204,0.639,1,92,27210.0
4921,1000030045756.0,Residential,0.017,0.056,0,93,0.0
4922,1000030045757.0,Residential,0.031,0.037,0,97,0.0
4923,1000002020992364.0,Residential,0.009,0.022,0,126,0.0
4924,1000030080565.0,Residential,0.168,0.313,1,93,24624.0
4925,1000030045762.0,Residential,0.061,0.118,0,157,0.0
4926,1000030045749.0,Residential,0.007,0.016,0,95,0.0
4927,1000030080562.0,Residential,0.051,0.108,0,205,0.0
4928,1000030045746.0,Residential,0.02,0.043,0,100,0.0
4929,1000030080563.0,Residential,0.097,0.124,0,167,0.0
4930,1000030045747.0,Residential,0.026,0.046,0,96,0.0
4931,1000030045743.0,Residential,0.129,0.295,0,92,0.0
4932,5000005202733910.0,Residential,0.03,0.061,0,55,0.0
4933,1000030007039.0,Residential,0.03,0.053,0,16,0.0
4934,1000030007038.0,Residential,0.016,0.059,0,200,0.0
4935,1000030007048.0,Residential,0.004,0.008,0,80,0.0
4936,1000030007040.0,Residential,0.026,0.045,0,23,0.0
4937,1000030006978.0,Residential,0.016,0.021,0,34,0.0
4938,5000005202733781.0,Residential,0.002,0.002,0,15,0.0
4939,1000030007042.0,Residential,0.022,0.053,0,155,0.0
4940,5000005202734581.0,Residential,0.013,0.018,0,17,0.0
4941,1000030007026.0,Residential,0.012,0.025,0,121,0.0
4942,5000005202734090.0,Residential,0.048,0.1,0,16,0.0
4943,1000030007030.0,Residential,0.002,0.003,0,108,0.0
4944,1000030007045.0,Residential,0.005,0.009,0,151,0.0
4945,5000005202734361.0,Residential,0.014,0.024,0,17,0.0
4946,5000005202734309.0,Residential,0.012,0.018,0,67,0.0
4947,1000030007047.0,Residential,0.002,0.004,0,128,0.0
4948,1000030007041.0,Residential,0.031,0.062,0,74,0.0
4949,1000030007027.0,Residential,0.014,0.026,0,152,0.0
4950,1000030007052.0,Residential,0.007,0.019,0,53,0.0
4951,1000030007049.0,Residential,0.003,0.004,0,98,0.0
4952,5000005202734179.0,Residential,0.022,0.034,0,28,0.0
4953,1000030006973.0,Residential,0.034,0.046,0,129,0.0
4954,1000030006981.0,Residential,0.015,0.036,0,92,0.0
4955,1000030006974.0,Residential,0.018,0.019,0,79,0.0
4956,5000005202734525.0,Residential,0.003,0.003,0,148,0.0
4957,1000030006972.0,Residential,0.019,0.039,0,261,0.0
4958,5000005202734064.0,Residential,0.013,0.028,0,150,0.0
4959,1000030080472.0,Retail,0.122,0.202,0,133,0.0
4960,1000030080473.0,Retail,0.11,0.165,0,128,0.0
4961,1000030080479.0,Retail,0.009,0.023,0,76,0.0
4962,1000030080482.0,Retail,0.06,0.163,0,87,0.0
4963,1000030080480.0,Retail,0.033,0.078,0,102,0.0
4964,1000030080475.0,Retail,0.154,0.427,1,89,56960.0
4965,1000030080487.0,Retail,0.006,0.014,0,80,0.0
4966,1000030080474.0,Retail,0.148,0.329,1,129,82560.0
4967,1000030080481.0,Retail,0.103,0.187,0,83,0.0
4968,1000030080477.0,Retail,0.022,0.05,0,72,0.0
4969,1000030080476.0,Retail,0.029,0.062,0,107,0.0
4970,1000030080478.0,Residential,0.034,0.062,0,84,0.0
4971,1000030127509.0,Residential,0.022,0.06,0,1739,0.0
4972,1000030127599.0,Residential,0.012,0.028,0,81,0.0
4973,1000030127577.0,Residential,0.018,0.018,0,7,0.0
4974,1000030127578.0,Residential,0.029,0.066,0,5,0.0
4975,1000002310437015.0,Residential,0.002,0.003,0,8,0.0
4976,1000030127670.0,Residential,0.032,0.06,0,67,0.0
4977,1000030127572.0,Residential,0.008,0.005,0,236,0.0
4978,1000030127560.0,Residential,0.037,0.109,0,70,0.0
4979,1000030127542.0,Residential,0.016,0.043,0,1005,0.0
4980,1000030127583.0,Residential,0.009,0.013,0,79,0.0
4981,1000030127579.0,Residential,0.026,0.058,0,109,0.0
4982,1000030127543.0,Residential,0.01,0.021,0,262,0.0
4983,1000000060077277.0,Residential,,,,3,52632.0
4984,1000030127541.0,Residential,0.009,0.02,0,413,0.0
4985,1000030127600.0,Residential,0.101,0.271,0,189,0.0
4986,1000030127575.0,Residential,0.068,0.176,0,22,0.0
4987,1000030127545.0,Residential,0.005,0.012,0,203,0.0
4988,1000030127582.0,Residential,0.058,0.276,0,558,0.0
4989,1000030127598.0,Residential,0.003,0.005,0,48,0.0
4990,1000030127564.0,Residential,0.007,0.014,0,593,0.0
4991,1000030127597.0,Residential,0.003,0.005,0,106,0.0
4992,1000030127561.0,Residential,0.048,0.148,0,51,0.0
4993,1000030127666.0,Residential,0.033,0.046,0,2,0.0
4994,1000030127566.0,Residential,0.027,0.055,0,17,0.0
4995,1000030127669.0,Residential,0.036,0.089,0,29,0.0
4996,1000030127557.0,Residential,0.013,0.032,0,49,0.0
4997,1000030127595.0,Residential,0.011,0.023,0,149,0.0
4998,5000005205280708.0,Residential,0.026,0.061,0,17,0.0
4999,1000030127614.0,Residential,0.024,0.061,0,73,0.0
5000,1000030127510.0,Residential,0.009,0.017,0,634,0.0
5001,1000030127612.0,Residential,0.052,0.126,0,710,0.0
5002,1000030127574.0,Residential,0.016,0.01,0,297,0.0
5003,1000030127544.0,Residential,0.002,0.003,0,557,0.0
5004,1000030127576.0,Residential,0.018,0.018,0,9,0.0
5005,1000030127664.0,Residential,0.084,0.094,0,2,0.0
5006,1000030127668.0,Residential,0.037,0.094,0,30,0.0
5007,1000030127662.0,Residential,0.044,0.099,0,135,0.0
5008,1000030127596.0,Residential,0.015,0.041,0,103,0.0
5009,1000030127562.0,Residential,0.014,0.023,0,626,0.0
5010,5000005205279953.0,Residential,0.059,0.118,0,103,0.0
5011,1000030127667.0,Residential,0.023,0.043,0,142,0.0
5012,1000030127665.0,Residential,0.029,0.036,0,1,0.0
5013,5000005111221106.0,Residential,0.016,0.028,0,35,0.0
5014,1000030127565.0,Residential,0.007,0.019,0,40,0.0
5015,1000030127567.0,Residential,0.012,0.018,0,170,0.0
5016,1000030127573.0,Residential,0.018,0.042,0,162,0.0
5017,1000030127663.0,Residential,0.09,0.101,0,2,0.0
5018,1000030127581.0,Residential,0.05,0.149,0,583,0.0
5019,1000030127593.0,Residential,0.017,0.041,0,190,0.0
5020,5000005239466276.0,Residential,0.018,0.045,0,650,0.0
5021,1000030127594.0,Residential,0.004,0.007,0,182,0.0
5022,5000005207527034.0,Residential,0.005,0.005,0,11,0.0
5023,5000005131655425.0,Residential,,,,4,52632.0
5024,1000030127294.0,Residential,0.046,0.052,0,14,0.0
5025,1000030127257.0,Residential,0.022,0.048,0,125,0.0
5026,1000030127311.0,Residential,0.006,0.014,0,62,0.0
5027,5000005234383795.0,Residential,0.006,0.009,0,6,0.0
5028,1000030127333.0,Residential,0.012,0.031,0,214,0.0
5029,1000002310386792.0,Residential,,,,3,52632.0
5030,5000005101934848.0,Residential,0.09,0.251,0,389,0.0
5031,1000002310386769.0,Residential,0.023,0.043,0,1,0.0
5032,5000005164593833.0,Residential,0.029,0.035,0,1331,0.0
5033,1000030127368.0,Residential,,,,726,52632.0
5034,1000030127338.0,Residential,1.098,1.308,1,26,33179.0
5035,1000030127331.0,Residential,0.01,0.017,0,183,0.0
5036,1000002310054937.0,Residential,,,,13,52632.0
5037,1000030127319.0,Residential,0.047,0.102,0,59,0.0
5038,1000030127306.0,Residential,0.002,0.002,0,58,0.0
5039,1000030127325.0,Residential,0.037,0.088,0,14,0.0
5040,1000030127342.0,Residential,0.683,1.271,1,172,33179.0
5041,1000030127723.0,Residential,0.018,0.03,0,295,0.0
5042,1000030127328.0,Residential,0.01,0.018,0,26,0.0
5043,1000030127298.0,Residential,0.224,0.476,1,14,24624.0
5044,5000005234383798.0,Residential,,,,8,52632.0
5045,1000030127339.0,Residential,0.999,1.414,1,52,33179.0
5046,1000030127726.0,Residential,0.002,0.003,0,66,0.0
5047,1000030127321.0,Residential,0.003,0.004,0,59,0.0
5048,1000030127656.0,Residential,0.007,0.012,0,303,0.0
5049,1000030127301.0,Residential,0.002,0.003,0,3,0.0
5050,1000030127305.0,Residential,0.003,0.005,0,57,0.0
5051,1000030127375.0,Residential,0.046,0.077,0,200,0.0
5052,1000030127346.0,Residential,0.019,0.034,0,498,0.0
5053,1000030127372.0,Residential,0.025,0.052,0,172,0.0
5054,1000030127344.0,Residential,0.562,0.786,1,35,27210.0
5055,1000002310386766.0,Residential,0.007,0.011,0,15,0.0
5056,1000030127295.0,Residential,0.054,0.056,0,14,0.0
5057,1000030127729.0,Residential,0.037,0.099,0,93,0.0
5058,1000030127371.0,Residential,,,,13,52632.0
5059,1000030127335.0,Residential,0.005,0.008,0,160,0.0
5060,1000030127453.0,Residential,0.036,0.082,0,733,0.0
5061,1000030127340.0,Residential,0.708,1.447,1,180,33179.0
5062,1000030127454.0,Residential,0.42,1.217,1,493,33179.0
5063,1000030127345.0,Residential,0.254,0.719,1,136,27210.0
5064,1000030127720.0,Residential,0.008,0.021,0,153,0.0
5065,1000002310386791.0,Residential,0.025,0.044,0,7,0.0
5066,1000030128111.0,Residential,0.004,0.008,0,75,0.0
5067,5000005101934340.0,Residential,0.012,0.03,0,469,0.0
5068,1000030127373.0,Residential,0.055,0.076,0,172,0.0
5069,1000030127312.0,Residential,0.005,0.008,0,69,0.0
5070,1000030127293.0,Residential,0.018,0.036,0,14,0.0
5071,5000005131655441.0,Residential,,,,4,52632.0
5072,1000030127314.0,Residential,0.018,0.046,0,75,0.0
5073,1000030127308.0,Residential,0.003,0.004,0,59,0.0
5074,1000030127376.0,Residential,0.016,0.046,0,204,0.0
5075,5000005131655424.0,Residential,0.007,0.008,0,4,0.0
5076,1000030127320.0,Residential,0.009,0.021,0,64,0.0
5077,1000030127303.0,Residential,0.063,0.182,0,75,0.0
5078,1000030127302.0,Residential,0.002,0.003,0,15,0.0
5079,1000030127444.0,Residential,0.002,0.003,0,159,0.0
5080,5000005131655426.0,Residential,0.038,0.205,0,927,0.0
5081,5000005202723616.0,Residential,0.029,0.08,0,107,0.0
5082,1000030127316.0,Residential,0.013,0.022,0,60,0.0
5083,1000030127326.0,Residential,0.069,0.097,0,3,0.0
5084,1000030127445.0,Residential,0.019,0.033,0,515,0.0
5085,1000030127443.0,Residential,,,,3,52632.0
5086,5000005207525894.0,Residential,0.008,0.017,0,4,0.0
5087,1000030127322.0,Residential,0.007,0.016,0,61,0.0
5088,1000030127327.0,Residential,0.026,0.103,0,305,0.0
5089,1000030127728.0,Residential,0.025,0.004,0,124,0.0
5090,5000005207525494.0,Residential,0.002,0.003,0,17,0.0
5091,1000030127730.0,Residential,0.003,0.005,0,95,0.0
5092,1000030127297.0,Residential,0.231,0.482,1,14,24624.0
5093,5000005131655433.0,Residential,,,,11,52632.0
5094,1000030127724.0,Residential,0.01,0.017,0,284,0.0
5095,5000005131655443.0,Residential,0.002,0.002,0,4,0.0
5096,5000005213314596.0,Residential,0.002,0.003,0,25,0.0
5097,1000030127374.0,Residential,0.033,0.054,0,515,0.0
5098,1000030127727.0,Residential,0.002,0.003,0,68,0.0
5099,1000030128109.0,Residential,0.003,0.004,0,3,0.0
5100,1000030127317.0,Residential,0.012,0.022,0,63,0.0
5101,1000030128108.0,Residential,0.004,0.009,0,104,0.0
5102,1000030127315.0,Residential,0.012,0.032,0,61,0.0
5103,1000030127725.0,Residential,0.004,0.006,0,438,0.0
5104,5000005101934828.0,Residential,0.023,0.073,0,455,0.0
5105,5000005101934842.0,Residential,0.056,0.12,0,214,0.0
5106,5000005207527006.0,Residential,0.014,0.024,0,43,0.0
5107,5000005234383796.0,Residential,0.019,0.054,0,1268,0.0
5108,1000030127334.0,Residential,0.005,0.011,0,110,0.0
5109,1000030127296.0,Residential,0.17,0.368,1,14,24624.0
5110,1000030127341.0,Residential,0.767,1.401,1,138,33179.0
5111,5000005131655440.0,Residential,,,,11,52632.0
5112,1000030127343.0,Residential,0.527,0.878,1,151,27210.0
5113,5000005101934833.0,Residential,0.056,0.228,0,464,0.0
5114,1000030127307.0,Residential,0.002,0.002,0,58,0.0
5115,1000030127300.0,Residential,0.03,0.067,0,248,0.0
5116,1000030127324.0,Residential,0.02,0.045,0,27,0.0
5117,1000030127318.0,Residential,0.038,0.098,0,66,0.0
5118,1000030127323.0,Residential,0.007,0.018,0,76,0.0
5119,1000030128110.0,Residential,0.003,0.004,0,8,0.0
5120,1000030127310.0,Residential,0.015,0.026,0,63,0.0
5121,1000030127446.0,Residential,0.02,0.003,0,836,0.0
5122,5000005101934846.0,Residential,0.022,0.039,0,29,0.0
5123,1000030127336.0,Residential,0.438,0.92,1,49,30153.0
5124,1000002310386767.0,Residential,0.01,0.015,0,471,0.0
5125,1000030127299.0,Residential,0.014,0.035,0,14,0.0
5126,1000002310386793.0,Residential,,,,1,52632.0
5127,1000030127722.0,Residential,0.029,0.044,0,222,0.0
5128,1000030127332.0,Residential,0.007,0.015,0,197,0.0
5129,1000030127304.0,Residential,0.009,0.02,0,60,0.0
5130,1000030127309.0,Residential,0.003,0.005,0,77,0.0
5131,1000030127337.0,Residential,0.909,0.909,1,9,30153.0
5132,5000005234383797.0,Residential,0.002,0.003,0,6,0.0
5133,5000005213575779.0,Residential,0.007,0.018,0,1960,0.0
5134,1000030127313.0,Residential,0.005,0.01,0,73,0.0
5135,5000005101934845.0,Residential,0.061,0.225,0,446,0.0
5136,1000030081151.0,Residential,0.012,0.029,0,268,0.0
5137,1000030081016.0,Public Buildings,0.164,0.684,1,846,692028.0
5138,1000030081135.0,Residential,0.026,0.038,0,43,0.0
5139,1000030081317.0,Residential,0.035,0.041,0,76,0.0
5140,1000030081137.0,Residential,0.072,0.096,0,52,0.0
5141,1000030081312.0,Residential,0.041,0.041,0,46,0.0
5142,1000030081146.0,Residential,0.021,0.039,0,64,0.0
5143,5000005190513457.0,Residential,0.34,1.022,1,1596,30153.0
5144,1000030081313.0,Residential,0.041,0.041,0,45,0.0
5145,1000002020986141.0,Residential,0.032,0.073,0,27,0.0
5146,1000030081140.0,Residential,0.057,0.1,0,21,0.0
5147,1000002020986143.0,Residential,0.043,0.06,0,26,0.0
5148,1000030081328.0,Residential,,,,27,52632.0
5149,1000030081301.0,Residential,0.033,0.041,0,170,0.0
5150,1000030081322.0,Residential,0.035,0.056,0,36,0.0
5151,5000005210606945.0,Residential,0.042,0.074,0,92,0.0
5152,1000030081321.0,Residential,0.031,0.067,0,74,0.0
5153,1000030081304.0,Residential,0.018,0.018,0,46,0.0
5154,1000030081141.0,Residential,0.049,0.14,0,74,0.0
5155,1000030081325.0,Residential,0.018,0.018,0,37,0.0
5156,1000002020983769.0,Residential,0.011,0.029,0,18,0.0
5157,1000030081018.0,Public Buildings,0.353,0.616,1,24,19632.0
5158,1000030081143.0,Residential,0.025,0.085,0,64,0.0
5159,1000030081162.0,Residential,0.029,0.066,0,35,0.0
5160,1000030081136.0,Residential,0.031,0.041,0,39,0.0
5161,1000030081142.0,Residential,0.038,0.106,0,37,0.0
5162,1000030081119.0,Residential,0.022,0.041,0,46,0.0
5163,1000002020986142.0,Residential,0.054,0.097,0,834,0.0
5164,1000030081148.0,Residential,0.036,0.088,0,343,0.0
5165,1000002310392586.0,Residential,0.03,0.04,0,14,0.0
5166,1000030081319.0,Residential,0.041,0.041,0,89,0.0
5167,1000030081318.0,Residential,0.041,0.041,0,70,0.0
5168,1000030081306.0,Residential,0.018,0.018,0,35,0.0
5169,1000030081300.0,Residential,0.042,0.066,0,82,0.0
5170,1000030081147.0,Residential,0.003,0.005,0,11,0.0
5171,1000030079700.0,Residential,0.094,0.173,0,773,0.0
5172,1000030081327.0,Residential,0.005,0.006,0,29,0.0
5173,1000030081326.0,Residential,0.018,0.018,0,62,0.0
5174,1000030081145.0,Residential,0.004,0.005,0,44,0.0
5175,1000030081127.0,Residential,0.022,0.037,0,31,0.0
5176,1000030081161.0,Residential,0.027,0.07,0,40,0.0
5177,1000030081323.0,Residential,0.034,0.066,0,43,0.0
5178,1000030081126.0,Residential,0.041,0.041,0,68,0.0
5179,1000030081309.0,Residential,0.002,0.003,0,40,0.0
5180,1000030081134.0,Residential,0.042,0.074,0,82,0.0
5181,1000030081129.0,Residential,0.042,0.074,0,2,0.0
5182,1000030081329.0,Residential,,,,31,52632.0
5183,1000030081166.0,Residential,0.043,0.118,0,40,0.0
5184,1000030081320.0,Residential,0.041,0.041,0,30,0.0
5185,1000041274685.0,Residential,0.173,0.345,1,63,24624.0
5186,1000002310422422.0,Residential,0.029,0.062,0,59,0.0
5187,1000030081305.0,Residential,0.018,0.018,0,57,0.0
5188,1000030081307.0,Residential,0.02,0.043,0,79,0.0
5189,1000030081311.0,Residential,0.041,0.041,0,109,0.0
5190,1000030081041.0,Residential,0.028,0.071,0,1118,0.0
5191,1000030081139.0,Residential,0.029,0.102,0,198,0.0
5192,1000030081128.0,Residential,0.042,0.074,0,28,0.0
5193,5000005210606789.0,Residential,0.046,0.102,0,1387,0.0
5194,1000030081133.0,Residential,,,,3,52632.0
5195,1000030081132.0,Residential,0.082,0.082,0,23,0.0
5196,1000030081017.0,Public Buildings,0.168,0.553,1,264,215952.0
5197,1000030081310.0,Residential,0.041,0.041,0,48,0.0
5198,5000005210606990.0,Residential,0.045,0.096,0,23,0.0
5199,1000030081324.0,Residential,0.011,0.02,0,75,0.0
5200,1000030081160.0,Residential,0.139,0.488,1,586,24624.0
5201,1000030081144.0,Residential,0.024,0.065,0,51,0.0
5202,1000030011867.0,Residential,0.018,0.018,0,30,0.0
5203,5000005202734511.0,Residential,0.009,0.02,0,10,0.0
5204,1000030011812.0,Residential,0.003,0.004,0,30,0.0
5205,1000030011254.0,Residential,0.015,0.017,0,1,0.0
5206,1000030011869.0,Residential,0.082,0.15,0,32,0.0
5207,1000030011811.0,Residential,0.002,0.003,0,30,0.0
5208,1000030011831.0,Residential,0.011,0.028,0,37,0.0
5209,1000030011796.0,Residential,0.002,0.003,0,30,0.0
5210,1000030011830.0,Residential,0.003,0.005,0,25,0.0
5211,1000030011807.0,Residential,0.021,0.033,0,30,0.0
5212,1000030011833.0,Residential,0.034,0.051,0,11,0.0
5213,1000030011822.0,Residential,0.026,0.071,0,57,0.0
5214,1000030011865.0,Residential,0.008,0.017,0,30,0.0
5215,1000030011255.0,Residential,0.021,0.041,0,63,0.0
5216,1000030011826.0,Residential,0.009,0.023,0,32,0.0
5217,1000030011259.0,Residential,0.002,0.002,0,3,0.0
5218,1000030011837.0,Residential,0.087,0.146,0,11,0.0
5219,1000030011806.0,Residential,0.002,0.002,0,28,0.0
5220,1000030011863.0,Residential,0.007,0.007,0,32,0.0
5221,1000030011864.0,Residential,0.006,0.006,0,32,0.0
5222,1000030011257.0,Residential,0.045,0.075,0,39,0.0
5223,1000030010581.0,Residential,0.002,0.002,0,4,0.0
5224,1000030011868.0,Residential,0.018,0.018,0,30,0.0
5225,1000030011878.0,Residential,0.026,0.054,0,138,0.0
5226,1000030011256.0,Residential,0.006,0.009,0,3,0.0
5227,1000030011823.0,Residential,0.037,0.073,0,24,0.0
5228,1000030011799.0,Residential,0.021,0.052,0,31,0.0
5229,1000030011838.0,Residential,0.128,0.151,0,7,0.0
5230,1000030011842.0,Residential,0.011,0.02,0,24,0.0
5231,1000030011859.0,Residential,0.003,0.004,0,25,0.0
5232,1000030011860.0,Residential,0.045,0.128,0,28,0.0
5233,1000030011861.0,Residential,0.066,0.14,0,26,0.0
5234,1000030009873.0,Residential,0.029,0.074,0,208,0.0
5235,1000030011857.0,Residential,0.073,0.145,0,27,0.0
5236,1000030011827.0,Residential,0.022,0.05,0,8,0.0
5237,1000030011851.0,Residential,0.027,0.063,0,24,0.0
5238,1000030011853.0,Residential,0.042,0.085,0,46,0.0
5239,1000030011808.0,Residential,0.022,0.033,0,30,0.0
5240,1000030011803.0,Residential,0.037,0.085,0,28,0.0
5241,1000030011824.0,Residential,0.026,0.074,0,56,0.0
5242,1000030011856.0,Residential,0.049,0.136,0,28,0.0
5243,1000030011829.0,Residential,0.011,0.023,0,40,0.0
5244,1000030011262.0,Residential,0.001,0.001,0,1,0.0
5245,1000030011819.0,Residential,0.04,0.08,0,27,0.0
5246,1000030011821.0,Residential,0.019,0.04,0,31,0.0
5247,1000030011797.0,Residential,0.002,0.004,0,30,0.0
5248,1000030011260.0,Residential,0.014,0.042,0,75,0.0
5249,1000030011798.0,Residential,0.002,0.003,0,29,0.0
5250,1000030011839.0,Residential,0.037,0.075,0,28,0.0
5251,1000030011261.0,Residential,0.017,0.037,0,29,0.0
5252,1000030011800.0,Residential,0.008,0.017,0,50,0.0
5253,5000005202733550.0,Residential,0.022,0.03,0,15,0.0
5254,1000030011270.0,Residential,0.005,0.012,0,13,0.0
5255,1000030011258.0,Residential,0.031,0.049,0,40,0.0
5256,1000030011804.0,Residential,0.032,0.077,0,31,0.0
5257,1000030011805.0,Residential,0.006,0.011,0,32,0.0
5258,1000030011866.0,Residential,0.008,0.016,0,29,0.0
5259,1000030011840.0,Residential,0.021,0.045,0,61,0.0
5260,1000030011862.0,Residential,0.034,0.078,0,33,0.0
5261,1000030011843.0,Residential,0.039,0.116,0,131,0.0
5262,1000030011809.0,Residential,0.004,0.006,0,32,0.0
5263,1000030011854.0,Residential,0.048,0.083,0,24,0.0
5264,1000030011849.0,Residential,0.011,0.02,0,24,0.0
5265,1000030011825.0,Residential,0.025,0.056,0,41,0.0
5266,1000030011802.0,Residential,0.002,0.003,0,30,0.0
5267,1000030011841.0,Residential,0.07,0.154,0,37,0.0
5268,1000030011832.0,Residential,0.023,0.051,0,33,0.0
5269,1000030011810.0,Residential,0.003,0.003,0,31,0.0
5270,1000030011820.0,Residential,0.009,0.021,0,26,0.0
5271,1000030011801.0,Residential,0.021,0.045,0,30,0.0
5272,5000005202733637.0,Residential,0.005,0.007,0,4,0.0
5273,1000030011858.0,Residential,0.022,0.051,0,57,0.0
5274,1000030011828.0,Residential,0.022,0.05,0,9,0.0
5275,1000030011834.0,Residential,0.012,0.012,0,8,0.0
5276,1000030011850.0,Residential,0.011,0.02,0,52,0.0
5277,1000030011852.0,Residential,0.032,0.081,0,24,0.0
5278,1000030011855.0,Residential,0.056,0.084,0,26,0.0
5279,1000030011818.0,Residential,0.044,0.098,0,44,0.0
5280,1000030011300.0,Residential,0.268,0.325,1,25,24624.0
5281,1000030011304.0,Residential,0.021,0.053,0,81,0.0
5282,1000030011305.0,Residential,0.017,0.038,0,6,0.0
5283,1000030011303.0,Residential,0.002,0.003,0,6,0.0
5284,1000030011302.0,Residential,0.027,0.059,0,138,0.0
5285,1000030011301.0,Residential,0.074,0.246,0,881,0.0
5286,1000030130385.0,Residential,0.026,0.06,0,108,0.0
5287,1000030130388.0,Residential,0.038,0.082,0,93,0.0
5288,1000002310265415.0,Residential,0.009,0.019,0,52,0.0
5289,1000030130390.0,Residential,0.036,0.074,0,90,0.0
5290,1000002310265417.0,Residential,0.012,0.021,0,46,0.0
5291,1000030130393.0,Residential,0.014,0.031,0,110,0.0
5292,1000030130386.0,Residential,0.036,0.067,0,91,0.0
5293,1000030130622.0,Residential,0.017,0.056,0,488,0.0
5294,1000002310265413.0,Residential,0.003,0.005,0,52,0.0
5295,1000002310265406.0,Residential,0.014,0.04,0,48,0.0
5296,1000030130392.0,Residential,0.008,0.022,0,121,0.0
5297,1000002310265408.0,Residential,0.009,0.021,0,52,0.0
5298,1000030130377.0,Residential,0.025,0.05,0,92,0.0
5299,1000002310265420.0,Residential,0.01,0.016,0,41,0.0
5300,1000002310265407.0,Residential,0.008,0.02,0,51,0.0
5301,1000030130381.0,Residential,0.019,0.048,0,111,0.0
5302,1000002310265416.0,Residential,0.002,0.003,0,56,0.0
5303,1000002310265409.0,Residential,0.004,0.006,0,49,0.0
5304,1000030130387.0,Residential,0.033,0.08,0,97,0.0
5305,1000030130382.0,Residential,0.036,0.078,0,112,0.0
5306,1000002310350781.0,Residential,0.013,0.034,0,57,0.0
5307,1000030130378.0,Residential,0.017,0.035,0,106,0.0
5308,1000002310265414.0,Residential,0.002,0.004,0,48,0.0
5309,1000030130389.0,Residential,0.034,0.065,0,103,0.0
5310,1000030130391.0,Residential,0.035,0.083,0,77,0.0
5311,1000030130380.0,Residential,0.007,0.017,0,111,0.0
5312,1000030130384.0,Residential,0.027,0.074,0,107,0.0
5313,1000002310265410.0,Residential,0.004,0.008,0,51,0.0
5314,1000030130379.0,Residential,0.008,0.022,0,110,0.0
5315,1000002310265411.0,Residential,0.006,0.008,0,50,0.0
5316,1000030130383.0,Residential,0.028,0.056,0,109,0.0
5317,1000002310265412.0,Residential,0.006,0.013,0,71,0.0
5318,1000030082168.0,Residential,0.006,0.014,0,89,0.0
5319,1000030082176.0,Residential,0.025,0.053,0,80,0.0
5320,1000030082180.0,Residential,0.021,0.073,0,307,0.0
5321,5000005205279408.0,Residential,0.003,0.003,0,12,0.0
5322,1000030082177.0,Residential,0.018,0.058,0,98,0.0
5323,1000030082169.0,Residential,0.019,0.059,0,87,0.0
5324,1000030082163.0,Residential,0.045,0.135,0,93,0.0
5325,1000030082179.0,Residential,0.016,0.042,0,4,0.0
5326,1000030082170.0,Residential,0.042,0.113,0,81,0.0
5327,1000030082174.0,Residential,0.013,0.03,0,60,0.0
5328,1000030082164.0,Residential,0.026,0.072,0,87,0.0
5329,1000030082175.0,Residential,0.165,0.471,1,87,24624.0
5330,1000030082171.0,Residential,0.057,0.136,0,107,0.0
5331,1000030082172.0,Residential,0.026,0.06,0,5,0.0
5332,1000030082166.0,Residential,0.004,0.008,0,82,0.0
5333,5000005205280705.0,Residential,0.012,0.024,0,67,0.0
5334,5000005205280229.0,Residential,0.013,0.029,0,25,0.0
5335,1000030082173.0,Residential,0.304,0.912,1,150,30153.0
5336,1000030082167.0,Residential,0.005,0.009,0,80,0.0
5337,1000030126602.0,Residential,0.021,0.043,0,1071,0.0
5338,1000030079795.0,Residential,0.084,0.152,0,309,0.0
5339,1000030079800.0,Residential,,,,183,52632.0
5340,5000005210606809.0,Residential,0.078,0.113,0,5,0.0
5341,1000030079801.0,Residential,,,,99,52632.0
5342,1000030079815.0,Residential,0.104,0.21,0,1071,0.0
5343,1000002310210042.0,Residential,0.051,0.12,0,8,0.0
5344,1000030079799.0,Residential,,,,15,52632.0
5345,1000002310210043.0,Residential,0.077,0.129,0,8,0.0
5346,1000030079796.0,Residential,0.036,0.061,0,3487,0.0
5347,5000005210499575.0,Residential,0.002,0.002,0,18,0.0
5348,1000030007445.0,Residential,0.031,0.087,0,64,0.0
5349,5000005210499283.0,Residential,,,,17,52632.0
5350,1000030007465.0,Residential,0.032,0.05,0,58,0.0
5351,5000005210499589.0,Residential,0.002,0.002,0,11,0.0
5352,1000030008589.0,Residential,0.002,0.003,0,61,0.0
5353,1000030008591.0,Residential,0.002,0.002,0,58,0.0
5354,1000030008590.0,Residential,0.002,0.003,0,58,0.0
5355,5000005210499766.0,Residential,,,,34,52632.0
5356,1000030007459.0,Residential,0.012,0.028,0,48,0.0
5357,1000030007458.0,Residential,0.002,0.002,0,46,0.0
5358,1000030008588.0,Residential,,,,31,52632.0
5359,1000030008587.0,Residential,0.003,0.005,0,55,0.0
5360,1000030008592.0,Residential,0.002,0.003,0,56,0.0
5361,5000005210499719.0,Residential,0.001,0.001,0,32,0.0
5362,1000030008585.0,Residential,0.014,0.025,0,68,0.0
5363,1000030007460.0,Residential,0.01,0.024,0,47,0.0
5364,1000030008584.0,Residential,0.009,0.021,0,69,0.0
5365,1000030006171.0,Residential,0.008,0.018,0,47,0.0
5366,1000030007446.0,Residential,0.002,0.003,0,68,0.0
5367,1000030008586.0,Residential,0.006,0.01,0,69,0.0
5368,1000030007464.0,Residential,0.014,0.031,0,81,0.0
5369,1000030046744.0,Residential,0.013,0.023,0,68,0.0
5370,1000030046401.0,Residential,0.013,0.028,0,80,0.0
5371,1000030046143.0,Residential,0.016,0.043,0,65,0.0
5372,1000030046441.0,Residential,0.057,0.114,0,60,0.0
5373,1000030046971.0,Residential,0.018,0.042,0,84,0.0
5374,1000030046673.0,Residential,0.043,0.065,0,107,0.0
5375,1000030046075.0,Residential,0.003,0.005,0,78,0.0
5376,1000030046774.0,Residential,0.012,0.029,0,88,0.0
5377,1000030045951.0,Residential,0.01,0.024,0,77,0.0
5378,1000030046172.0,Residential,0.004,0.005,0,84,0.0
5379,1000030045966.0,Residential,0.044,0.078,0,84,0.0
5380,5000005207582384.0,Residential,0.025,0.049,0,17,0.0
5381,5000005207582766.0,Residential,0.014,0.023,0,15,0.0
5382,1000030045967.0,Residential,0.04,0.094,0,74,0.0
5383,1000030046912.0,Residential,0.011,0.017,0,82,0.0
5384,1000030046013.0,Residential,0.022,0.043,0,67,0.0
5385,1000030046023.0,Residential,0.03,0.044,0,68,0.0
5386,1000030046439.0,Residential,0.067,0.187,0,56,0.0
5387,1000030006149.0,Residential,0.021,0.038,0,58,0.0
5388,1000030046091.0,Residential,0.002,0.003,0,72,0.0
5389,1000030046005.0,Residential,0.017,0.041,0,101,0.0
5390,1000030046437.0,Residential,0.01,0.02,0,54,0.0
5391,1000030048720.0,Residential,0.007,0.012,0,57,0.0
5392,1000030048708.0,Residential,0.005,0.013,0,69,0.0
5393,1000030046822.0,Residential,0.066,0.186,0,71,0.0
5394,5000005207584813.0,Residential,0.011,0.017,0,16,0.0
5395,1000030046071.0,Residential,0.002,0.002,0,74,0.0
5396,1000030046521.0,Residential,0.041,0.075,0,84,0.0
5397,1000030046656.0,Residential,0.03,0.06,0,81,0.0
5398,1000030046725.0,Residential,0.044,0.086,0,84,0.0
5399,1000030048697.0,Residential,0.002,0.002,0,1,0.0
5400,1000030046356.0,Residential,0.005,0.011,0,70,0.0
5401,1000030046722.0,Residential,0.009,0.032,0,82,0.0
5402,1000030006124.0,Residential,0.015,0.021,0,48,0.0
5403,1000030046221.0,Residential,0.011,0.024,0,59,0.0
5404,1000030049659.0,Residential,0.004,0.008,0,84,0.0
5405,1000030046764.0,Residential,0.05,0.118,0,66,0.0
5406,1000030046333.0,Residential,0.028,0.074,0,76,0.0
5407,1000030046217.0,Residential,0.01,0.019,0,81,0.0
5408,1000030046335.0,Residential,0.035,0.092,0,83,0.0
5409,1000030046649.0,Residential,0.032,0.059,0,85,0.0
5410,1000030046682.0,Residential,0.021,0.038,0,73,0.0
5411,1000030046447.0,Residential,0.038,0.067,0,56,0.0
5412,1000030046631.0,Residential,0.011,0.026,0,84,0.0
5413,1000030046110.0,Residential,0.035,0.099,0,91,0.0
5414,1000030006130.0,Residential,0.017,0.033,0,80,0.0
5415,1000030046273.0,Residential,0.018,0.044,0,64,0.0
5416,1000030046773.0,Residential,0.006,0.019,0,85,0.0
5417,5000005207584934.0,Residential,0.021,0.034,0,30,0.0
5418,1000030046033.0,Residential,0.023,0.044,0,110,0.0
5419,1000030046582.0,Residential,0.019,0.047,0,94,0.0
5420,5000005239401759.0,Residential,0.068,0.115,0,19,0.0
5421,1000030046283.0,Residential,0.008,0.021,0,64,0.0
5422,1000030046304.0,Residential,0.034,0.078,0,47,0.0
5423,1000030045981.0,Residential,0.017,0.046,0,74,0.0
5424,1000030046788.0,Residential,0.002,0.003,0,84,0.0
5425,1000030046037.0,Residential,0.006,0.016,0,84,0.0
5426,1000030005945.0,Residential,0.024,0.046,0,63,0.0
5427,1000030046138.0,Residential,0.006,0.018,0,82,0.0
5428,1000030046032.0,Residential,0.04,0.089,0,131,0.0
5429,1000030046453.0,Residential,0.028,0.046,0,71,0.0
5430,1000030046920.0,Residential,0.019,0.049,0,87,0.0
5431,1000030046445.0,Residential,0.041,0.073,0,58,0.0
5432,1000030048519.0,Residential,0.005,0.01,0,61,0.0
5433,1000030046800.0,Residential,0.003,0.005,0,80,0.0
5434,1000030048537.0,Residential,0.038,0.068,0,110,0.0
5435,1000030048665.0,Residential,0.009,0.025,0,78,0.0
5436,1000030046276.0,Residential,0.009,0.025,0,81,0.0
5437,1000030046173.0,Residential,0.003,0.005,0,78,0.0
5438,1000030046244.0,Residential,0.008,0.017,0,62,0.0
5439,1000030046463.0,Residential,0.007,0.019,0,84,0.0
5440,1000030046619.0,Residential,0.033,0.05,0,81,0.0
5441,1000030046342.0,Residential,0.045,0.058,0,28,0.0
5442,1000030046506.0,Residential,0.017,0.038,0,59,0.0
5443,1000030046818.0,Residential,0.032,0.034,0,84,0.0
5444,1000030046643.0,Residential,0.064,0.135,0,87,0.0
5445,1000030046660.0,Residential,0.037,0.052,0,69,0.0
5446,1000030046663.0,Residential,0.029,0.077,0,63,0.0
5447,1000030046888.0,Residential,0.05,0.129,0,87,0.0
5448,1000030046271.0,Residential,0.011,0.021,0,77,0.0
5449,1000030005940.0,Residential,0.009,0.016,0,59,0.0
5450,1000030046814.0,Residential,0.004,0.005,0,83,0.0
5451,5000005207583186.0,Residential,0.016,0.025,0,8,0.0
5452,1000030046170.0,Residential,0.004,0.007,0,83,0.0
5453,1000030046468.0,Residential,0.017,0.031,0,83,0.0
5454,1000030048506.0,Residential,0.024,0.077,0,86,0.0
5455,1000030045996.0,Residential,0.016,0.034,0,95,0.0
5456,1000030046520.0,Residential,0.012,0.022,0,74,0.0
5457,1000030046539.0,Residential,0.01,0.019,0,58,0.0
5458,1000030046900.0,Residential,0.045,0.102,0,84,0.0
5459,1000030046102.0,Residential,0.016,0.042,0,67,0.0
5460,1000030045992.0,Residential,0.005,0.011,0,97,0.0
5461,1000030046226.0,Residential,0.012,0.028,0,68,0.0
5462,1000030046645.0,Residential,0.02,0.038,0,84,0.0
5463,1000030046040.0,Residential,0.004,0.006,0,79,0.0
5464,1000030046425.0,Residential,0.003,0.004,0,62,0.0
5465,1000030005922.0,Residential,0.026,0.05,0,78,0.0
5466,1000030046330.0,Residential,0.007,0.012,0,72,0.0
5467,1000030046714.0,Residential,0.006,0.011,0,85,0.0
5468,1000030046887.0,Residential,0.07,0.211,0,88,0.0
5469,1000030006140.0,Residential,0.022,0.052,0,63,0.0
5470,1000030046312.0,Residential,0.011,0.043,0,84,0.0
5471,1000030046051.0,Residential,0.008,0.016,0,59,0.0
5472,1000030046280.0,Residential,0.033,0.048,0,108,0.0
5473,1000030005523.0,Residential,0.01,0.031,0,78,0.0
5474,1000030046092.0,Residential,0.008,0.016,0,70,0.0
5475,1000030046247.0,Residential,0.032,0.095,0,63,0.0
5476,1000030046976.0,Residential,0.025,0.053,0,87,0.0
5477,1000030046259.0,Residential,0.004,0.006,0,85,0.0
5478,1000030046222.0,Residential,0.008,0.016,0,67,0.0
5479,1000030046594.0,Residential,0.015,0.046,0,81,0.0
5480,1000030046693.0,Residential,0.018,0.045,0,81,0.0
5481,1000030048545.0,Residential,0.012,0.03,0,68,0.0
5482,1000030046446.0,Residential,0.04,0.073,0,62,0.0
5483,1000030046011.0,Residential,0.025,0.055,0,74,0.0
5484,1000030046738.0,Residential,0.017,0.029,0,80,0.0
5485,5000005207582353.0,Residential,0.018,0.034,0,9,0.0
5486,1000030046261.0,Residential,0.01,0.032,0,68,0.0
5487,1000030046728.0,Residential,0.01,0.028,0,67,0.0
5488,1000030046094.0,Residential,0.006,0.012,0,75,0.0
5489,1000030046175.0,Residential,0.006,0.014,0,85,0.0
5490,1000030046418.0,Residential,0.004,0.008,0,62,0.0
5491,1000030046592.0,Residential,0.03,0.048,0,82,0.0
5492,1000030046780.0,Residential,0.025,0.037,0,50,0.0
5493,1000030046932.0,Residential,0.056,0.146,0,67,0.0
5494,1000030046632.0,Residential,0.016,0.025,0,84,0.0
5495,1000030045965.0,Residential,0.026,0.064,0,66,0.0
5496,1000030046083.0,Residential,0.008,0.017,0,72,0.0
5497,1000030046690.0,Residential,0.069,0.111,0,86,0.0
5498,5000005207582417.0,Residential,0.005,0.009,0,13,0.0
5499,1000030046536.0,Residential,0.029,0.05,0,75,0.0
5500,1000030046583.0,Residential,0.007,0.022,0,91,0.0
5501,1000030046488.0,Residential,0.022,0.031,0,99,0.0
5502,1000030045968.0,Residential,0.002,0.004,0,71,0.0
5503,1000030045954.0,Residential,0.003,0.003,0,71,0.0
5504,5000005207582849.0,Residential,0.008,0.013,0,14,0.0
5505,1000030046457.0,Residential,0.015,0.029,0,76,0.0
5506,1000030046434.0,Residential,0.005,0.01,0,74,0.0
5507,1000030046375.0,Residential,0.014,0.021,0,61,0.0
5508,1000030046791.0,Residential,0.073,0.191,0,72,0.0
5509,1000030046679.0,Residential,0.004,0.005,0,86,0.0
5510,1000030048510.0,Residential,0.043,0.137,0,80,0.0
5511,1000030046755.0,Residential,0.015,0.039,0,89,0.0
5512,1000030046105.0,Residential,0.205,0.554,1,103,24624.0
5513,1000030046419.0,Residential,0.003,0.004,0,64,0.0
5514,1000030046558.0,Residential,0.01,0.024,0,57,0.0
5515,1000030046017.0,Residential,0.028,0.038,0,55,0.0
5516,1000030046748.0,Residential,0.003,0.005,0,90,0.0
5517,1000030046607.0,Residential,0.046,0.091,0,84,0.0
5518,1000030046074.0,Residential,0.005,0.01,0,83,0.0
5519,1000030046054.0,Residential,0.002,0.003,0,61,0.0
5520,1000030046190.0,Residential,0.023,0.056,0,76,0.0
5521,1000030005935.0,Residential,0.064,0.126,0,70,0.0
5522,1000030046551.0,Residential,0.012,0.032,0,60,0.0
5523,1000030046739.0,Residential,0.037,0.077,0,78,0.0
5524,1000030005928.0,Residential,0.064,0.193,0,67,0.0
5525,1000030046372.0,Residential,0.026,0.065,0,55,0.0
5526,1000030006115.0,Residential,0.009,0.022,0,65,0.0
5527,1000030046450.0,Residential,0.029,0.033,0,56,0.0
5528,1000030005738.0,Residential,0.018,0.027,0,89,0.0
5529,1000030046325.0,Residential,0.032,0.063,0,82,0.0
5530,1000030046476.0,Residential,0.031,0.062,0,96,0.0
5531,1000030046581.0,Residential,0.011,0.032,0,94,0.0
5532,1000030046620.0,Residential,0.025,0.034,0,62,0.0
5533,1000030046740.0,Residential,0.018,0.029,0,33,0.0
5534,1000030046242.0,Residential,0.025,0.064,0,69,0.0
5535,1000030046260.0,Residential,0.008,0.023,0,93,0.0
5536,1000030046411.0,Residential,0.006,0.012,0,80,0.0
5537,1000030046613.0,Residential,0.086,0.18,0,80,0.0
5538,1000030046614.0,Residential,0.061,0.169,0,84,0.0
5539,1000030045990.0,Residential,0.01,0.028,0,90,0.0
5540,1000030046639.0,Residential,0.082,0.164,0,84,0.0
5541,1000030046243.0,Residential,0.013,0.032,0,79,0.0
5542,1000030005747.0,Residential,0.024,0.055,0,74,0.0
5543,1000030046209.0,Residential,0.009,0.017,0,23,0.0
5544,1000030046448.0,Residential,0.021,0.028,0,60,0.0
5545,1000030045957.0,Residential,0.039,0.086,0,88,0.0
5546,1000030046167.0,Residential,0.074,0.226,0,99,0.0
5547,1000030046526.0,Residential,0.01,0.028,0,59,0.0
5548,1000030046150.0,Residential,0.005,0.01,0,65,0.0
5549,1000030046661.0,Residential,0.081,0.132,0,11,0.0
5550,1000030046689.0,Residential,0.065,0.113,0,82,0.0
5551,1000030046913.0,Residential,0.01,0.023,0,84,0.0
5552,1000030046025.0,Residential,0.02,0.048,0,72,0.0
5553,1000030046438.0,Residential,0.024,0.058,0,55,0.0
5554,1000030006139.0,Residential,0.015,0.044,0,63,0.0
5555,1000030048559.0,Residential,0.011,0.016,0,98,0.0
5556,5000005239401787.0,Residential,0.002,0.003,0,6,0.0
5557,1000030005936.0,Residential,0.086,0.19,0,72,0.0
5558,1000030046615.0,Residential,0.014,0.028,0,78,0.0
5559,1000030046759.0,Residential,0.058,0.117,0,82,0.0
5560,1000030046815.0,Residential,0.008,0.015,0,82,0.0
5561,5000005207582664.0,Residential,0.006,0.008,0,4,0.0
5562,1000030005531.0,Residential,0.017,0.045,0,87,0.0
5563,1000030005910.0,Residential,0.006,0.014,0,81,0.0
5564,1000030006273.0,Residential,0.093,0.192,0,5,0.0
5565,1000030046305.0,Residential,0.045,0.102,0,30,0.0
5566,1000030046364.0,Residential,0.015,0.03,0,94,0.0
5567,1000030045947.0,Residential,0.016,0.044,0,79,0.0
5568,5000005207583370.0,Residential,0.025,0.056,0,12,0.0
5569,1000030046233.0,Residential,0.027,0.048,0,103,0.0
5570,1000030046230.0,Residential,0.01,0.031,0,88,0.0
5571,1000030048515.0,Residential,0.006,0.011,0,49,0.0
5572,1000030046979.0,Residential,0.041,0.081,0,84,0.0
5573,1000030046778.0,Residential,0.017,0.043,0,87,0.0
5574,1000030046745.0,Residential,0.012,0.025,0,91,0.0
5575,1000030046334.0,Residential,0.02,0.035,0,81,0.0
5576,1000030046790.0,Residential,0.025,0.047,0,80,0.0
5577,5000005207585649.0,Residential,0.032,0.067,0,24,0.0
5578,5000005207582231.0,Residential,0.012,0.02,0,10,0.0
5579,1000030046795.0,Residential,0.021,0.034,0,101,0.0
5580,1000030005742.0,Residential,0.015,0.039,0,108,0.0
5581,1000030046144.0,Residential,0.01,0.031,0,72,0.0
5582,1000030046502.0,Residential,0.031,0.083,0,111,0.0
5583,1000030046737.0,Residential,0.016,0.035,0,69,0.0
5584,1000030046426.0,Residential,0.002,0.004,0,63,0.0
5585,1000030048668.0,Residential,0.005,0.005,0,159,0.0
5586,1000030048698.0,Residential,0.002,0.002,0,1,0.0
5587,1000030049639.0,Residential,0.027,0.061,0,72,0.0
5588,1000030046905.0,Residential,0.036,0.097,0,68,0.0
5589,1000030046923.0,Residential,0.072,0.158,0,85,0.0
5590,1000030046300.0,Residential,0.021,0.025,0,49,0.0
5591,1000030046934.0,Residential,0.008,0.017,0,81,0.0
5592,1000030046354.0,Residential,0.009,0.019,0,82,0.0
5593,1000030005537.0,Residential,0.002,0.002,0,77,0.0
5594,1000030005522.0,Residential,0.014,0.04,0,77,0.0
5595,1000030046229.0,Residential,0.013,0.032,0,63,0.0
5596,1000030046267.0,Residential,0.017,0.038,0,76,0.0
5597,1000030046292.0,Residential,0.014,0.021,0,5,0.0
5598,1000030046723.0,Residential,0.019,0.029,0,83,0.0
5599,1000030046627.0,Residential,0.008,0.013,0,69,0.0
5600,1000030046371.0,Residential,0.025,0.068,0,54,0.0
5601,1000030048679.0,Residential,0.005,0.004,0,387,0.0
5602,1000030046706.0,Residential,0.037,0.098,0,81,0.0
5603,1000030046121.0,Residential,0.06,0.152,0,88,0.0
5604,1000030046440.0,Residential,0.11,0.242,0,58,0.0
5605,1000030046199.0,Residential,0.018,0.051,0,82,0.0
5606,1000030046505.0,Residential,0.01,0.03,0,63,0.0
5607,1000030046652.0,Residential,0.085,0.265,0,62,0.0
5608,1000030046676.0,Residential,0.002,0.003,0,83,0.0
5609,1000030046681.0,Residential,0.02,0.043,0,76,0.0
5610,1000030046760.0,Residential,0.044,0.097,0,75,0.0
5611,1000030046036.0,Residential,0.032,0.069,0,101,0.0
5612,1000030046896.0,Residential,0.008,0.019,0,87,0.0
5613,1000030046897.0,Residential,0.015,0.027,0,84,0.0
5614,5000005207585504.0,Residential,0.034,0.049,0,8,0.0
5615,1000030006145.0,Residential,0.012,0.026,0,63,0.0
5616,1000030046103.0,Residential,0.059,0.128,0,102,0.0
5617,1000030048695.0,Residential,0.002,0.004,0,68,0.0
5618,1000030046020.0,Residential,0.027,0.044,0,66,0.0
5619,1000030046901.0,Residential,0.02,0.04,0,86,0.0
5620,1000030046293.0,Residential,0.018,0.026,0,63,0.0
5621,1000043032657.0,Residential,0.004,0.008,0,88,0.0
5622,5000005207582315.0,Residential,0.016,0.029,0,11,0.0
5623,1000030005906.0,Residential,0.013,0.03,0,75,0.0
5624,1000030048504.0,Residential,,,,28,52632.0
5625,5000005207584908.0,Residential,0.013,0.02,0,15,0.0
5626,1000030046223.0,Residential,0.01,0.016,0,52,0.0
5627,1000030046228.0,Residential,0.008,0.018,0,69,0.0
5628,1000030046691.0,Residential,0.047,0.068,0,85,0.0
5629,1000030046188.0,Residential,0.029,0.054,0,79,0.0
5630,1000030046921.0,Residential,0.028,0.072,0,84,0.0
5631,1000030046537.0,Residential,0.023,0.049,0,60,0.0
5632,1000030046550.0,Residential,0.006,0.011,0,66,0.0
5633,1000030046019.0,Residential,0.026,0.046,0,70,0.0
5634,1000030046677.0,Residential,0.009,0.021,0,80,0.0
5635,1000030046522.0,Residential,0.066,0.119,0,78,0.0
5636,1000030048719.0,Residential,0.004,0.009,0,65,0.0
5637,1000030046540.0,Residential,0.013,0.026,0,56,0.0
5638,1000030048694.0,Residential,0.016,0.041,0,70,0.0
5639,1000030045949.0,Residential,0.009,0.03,0,84,0.0
5640,1000030046779.0,Residential,0.016,0.043,0,84,0.0
5641,1000030046422.0,Residential,0.003,0.004,0,61,0.0
5642,1000030046707.0,Residential,0.063,0.133,0,82,0.0
5643,1000030046708.0,Residential,0.002,0.003,0,66,0.0
5644,1000030045987.0,Residential,0.028,0.064,0,70,0.0
5645,1000030046034.0,Residential,0.031,0.092,0,97,0.0
5646,1000030046015.0,Residential,0.026,0.057,0,65,0.0
5647,1000030046817.0,Residential,0.013,0.021,0,104,0.0
5648,1000030046408.0,Residential,0.009,0.022,0,83,0.0
5649,1000030045958.0,Residential,0.041,0.11,0,71,0.0
5650,1000030045974.0,Residential,0.042,0.066,0,72,0.0
5651,1000030046114.0,Residential,0.013,0.028,0,94,0.0
5652,1000030005704.0,Residential,0.003,0.004,0,76,0.0
5653,1000030046703.0,Residential,0.045,0.065,0,83,0.0
5654,1000030046538.0,Residential,0.009,0.017,0,54,0.0
5655,1000030046675.0,Residential,0.003,0.007,0,61,0.0
5656,1000030046275.0,Residential,0.012,0.026,0,95,0.0
5657,1000030046270.0,Residential,0.012,0.03,0,79,0.0
5658,1000030046369.0,Residential,0.021,0.041,0,65,0.0
5659,1000030045973.0,Residential,0.033,0.065,0,71,0.0
5660,1000030046981.0,Residential,0.059,0.143,0,59,0.0
5661,1000030048649.0,Residential,0.002,0.004,0,83,0.0
5662,1000030045946.0,Residential,0.013,0.043,0,76,0.0
5663,1000030046794.0,Residential,0.024,0.027,0,78,0.0
5664,1000030046346.0,Residential,0.013,0.037,0,87,0.0
5665,1000030006118.0,Residential,0.023,0.043,0,79,0.0
5666,1000030046984.0,Residential,0.047,0.126,0,68,0.0
5667,1000030006262.0,Residential,0.035,0.046,0,4,0.0
5668,1000030046480.0,Residential,0.026,0.052,0,80,0.0
5669,1000030046478.0,Residential,0.032,0.044,0,75,0.0
5670,1000030046683.0,Residential,0.016,0.026,0,93,0.0
5671,1000030046133.0,Residential,0.003,0.004,0,74,0.0
5672,1000030046485.0,Residential,0.021,0.044,0,77,0.0
5673,1000030046041.0,Residential,0.007,0.013,0,79,0.0
5674,1000030005520.0,Residential,0.023,0.041,0,79,0.0
5675,1000030046303.0,Residential,0.017,0.04,0,52,0.0
5676,1000030046893.0,Residential,0.045,0.119,0,84,0.0
5677,1000030046203.0,Residential,0.018,0.053,0,88,0.0
5678,1000030046972.0,Residential,0.022,0.049,0,84,0.0
5679,1000030005932.0,Residential,0.089,0.195,0,73,0.0
5680,1000030046495.0,Residential,0.013,0.038,0,53,0.0
5681,1000030046299.0,Residential,0.027,0.042,0,50,0.0
5682,1000030046201.0,Residential,0.03,0.098,0,77,0.0
5683,1000030006122.0,Residential,0.018,0.042,0,76,0.0
5684,1000030046189.0,Residential,0.017,0.033,0,78,0.0
5685,1000030046194.0,Residential,0.014,0.026,0,17,0.0
5686,1000030046560.0,Residential,0.056,0.138,0,83,0.0
5687,1000030046635.0,Residential,0.02,0.043,0,84,0.0
5688,1000030046111.0,Residential,0.064,0.114,0,12,0.0
5689,1000030048558.0,Residential,0.012,0.024,0,105,0.0
5690,1000030046491.0,Residential,0.021,0.045,0,63,0.0
5691,1000030046567.0,Residential,0.036,0.074,0,82,0.0
5692,1000030046066.0,Residential,0.003,0.004,0,66,0.0
5693,1000030046730.0,Residential,0.016,0.031,0,207,0.0
5694,1000030046153.0,Residential,0.013,0.03,0,64,0.0
5695,1000030046694.0,Residential,0.006,0.01,0,66,0.0
5696,1000030046152.0,Residential,0.022,0.056,0,75,0.0
5697,1000030005539.0,Residential,0.008,0.024,0,88,0.0
5698,1000030046910.0,Residential,0.008,0.011,0,20,0.0
5699,1000030046192.0,Residential,0.015,0.023,0,85,0.0
5700,1000030046552.0,Residential,0.03,0.05,0,76,0.0
5701,1000030046974.0,Residential,0.004,0.008,0,83,0.0
5702,1000030046029.0,Residential,0.046,0.098,0,55,0.0
5703,1000030046406.0,Residential,0.009,0.019,0,84,0.0
5704,1000030048696.0,Residential,0.008,0.016,0,66,0.0
5705,1000030046653.0,Residential,0.127,0.271,0,32,0.0
5706,1000030046570.0,Residential,0.045,0.12,0,81,0.0
5707,1000030046556.0,Residential,0.029,0.067,0,59,0.0
5708,1000030046107.0,Residential,0.099,0.293,0,112,0.0
5709,1000030046387.0,Residential,0.012,0.042,0,80,0.0
5710,1000030046442.0,Residential,0.025,0.032,0,54,0.0
5711,1000030046220.0,Residential,0.011,0.023,0,63,0.0
5712,1000030046410.0,Residential,0.002,0.003,0,72,0.0
5713,1000030046624.0,Residential,0.007,0.014,0,85,0.0
5714,1000030006126.0,Residential,0.01,0.018,0,61,0.0
5715,1000030046805.0,Residential,0.017,0.03,0,80,0.0
5716,1000030046104.0,Residential,0.233,0.554,1,88,24624.0
5717,1000030046433.0,Residential,0.006,0.014,0,67,0.0
5718,1000030006150.0,Residential,0.032,0.072,0,66,0.0
5719,1000030046090.0,Residential,0.002,0.003,0,72,0.0
5720,1000030046117.0,Residential,0.028,0.056,0,92,0.0
5721,1000030046385.0,Residential,0.01,0.034,0,80,0.0
5722,1000030046612.0,Residential,0.078,0.172,0,84,0.0
5723,1000030046605.0,Residential,0.044,0.101,0,82,0.0
5724,1000030046076.0,Residential,0.004,0.009,0,83,0.0
5725,1000030046666.0,Residential,0.015,0.028,0,82,0.0
5726,1000030045969.0,Residential,0.005,0.01,0,73,0.0
5727,1000030046914.0,Residential,0.006,0.012,0,83,0.0
5728,1000030046670.0,Residential,0.017,0.038,0,81,0.0
5729,1000030046085.0,Residential,0.007,0.01,0,70,0.0
5730,1000030046348.0,Residential,0.002,0.003,0,63,0.0
5731,1000030048534.0,Residential,0.004,0.008,0,58,0.0
5732,1000030046625.0,Residential,0.02,0.043,0,84,0.0
5733,1000030046045.0,Residential,0.003,0.005,0,81,0.0
5734,1000030046484.0,Residential,0.013,0.044,0,79,0.0
5735,1000030046650.0,Residential,0.036,0.095,0,65,0.0
5736,1000030046919.0,Residential,0.016,0.039,0,86,0.0
5737,1000030046135.0,Residential,0.006,0.014,0,93,0.0
5738,1000030046899.0,Residential,0.04,0.073,0,86,0.0
5739,5000005207585486.0,Residential,0.032,0.044,0,9,0.0
5740,1000030006277.0,Residential,0.118,0.345,1,108,24624.0
5741,1000030046701.0,Residential,0.034,0.049,0,84,0.0
5742,1000030046826.0,Residential,0.076,0.218,0,86,0.0
5743,5000005207582484.0,Residential,0.006,0.012,0,5,0.0
5744,1000030005525.0,Residential,0.012,0.034,0,68,0.0
5745,1000030046238.0,Residential,0.066,0.157,0,62,0.0
5746,1000030046499.0,Residential,0.039,0.093,0,56,0.0
5747,1000030046030.0,Residential,0.139,0.342,1,68,24624.0
5748,1000030046642.0,Residential,0.053,0.106,0,86,0.0
5749,1000030046769.0,Residential,0.009,0.021,0,83,0.0
5750,1000030048533.0,Residential,0.002,0.002,0,60,0.0
5751,1000030046004.0,Residential,0.016,0.04,0,100,0.0
5752,1000030046149.0,Residential,0.027,0.066,0,74,0.0
5753,1000030005920.0,Residential,0.008,0.014,0,83,0.0
5754,1000030046436.0,Residential,0.008,0.022,0,76,0.0
5755,1000030046528.0,Residential,0.007,0.015,0,69,0.0
5756,5000005207584994.0,Residential,0.011,0.023,0,12,0.0
5757,1000030005533.0,Residential,0.009,0.016,0,85,0.0
5758,1000030046196.0,Residential,0.017,0.03,0,90,0.0
5759,1000030006121.0,Residential,0.021,0.045,0,68,0.0
5760,1000030046052.0,Residential,0.006,0.013,0,65,0.0
5761,1000030046717.0,Residential,0.006,0.014,0,86,0.0
5762,1000030046982.0,Residential,0.067,0.154,0,58,0.0
5763,1000030048648.0,Residential,0.002,0.005,0,94,0.0
5764,1000030048667.0,Residential,0.01,0.022,0,4,0.0
5765,5000005207583324.0,Residential,0.068,0.094,0,17,0.0
5766,1000030046126.0,Residential,0.002,0.003,0,73,0.0
5767,1000030046455.0,Residential,0.024,0.045,0,58,0.0
5768,1000030046424.0,Residential,0.003,0.005,0,75,0.0
5769,1000030046215.0,Residential,0.018,0.038,0,33,0.0
5770,1000030046533.0,Residential,0.016,0.024,0,64,0.0
5771,1000030046363.0,Residential,0.022,0.044,0,18,0.0
5772,1000030046042.0,Residential,0.005,0.012,0,81,0.0
5773,1000030046634.0,Residential,0.018,0.038,0,84,0.0
5774,1000030046046.0,Residential,0.009,0.022,0,77,0.0
5775,1000030046358.0,Residential,0.003,0.006,0,60,0.0
5776,1000030046414.0,Residential,0.021,0.049,0,53,0.0
5777,1000030046644.0,Residential,0.045,0.108,0,80,0.0
5778,1000030048646.0,Residential,0.009,0.022,0,83,0.0
5779,1000030046295.0,Residential,0.011,0.023,0,63,0.0
5780,1000030046269.0,Residential,0.007,0.015,0,86,0.0
5781,1000030046443.0,Residential,0.061,0.12,0,56,0.0
5782,1000030048550.0,Residential,0.014,0.032,0,70,0.0
5783,1000030046359.0,Residential,0.006,0.012,0,68,0.0
5784,1000030046186.0,Residential,0.016,0.032,0,85,0.0
5785,1000030046151.0,Residential,0.014,0.038,0,92,0.0
5786,1000030046587.0,Residential,0.006,0.014,0,89,0.0
5787,1000030046403.0,Residential,0.02,0.037,0,83,0.0
5788,1000030046597.0,Residential,0.014,0.04,0,80,0.0
5789,1000030048693.0,Residential,0.005,0.01,0,72,0.0
5790,1000030046763.0,Residential,0.038,0.079,0,82,0.0
5791,1000030046263.0,Residential,0.006,0.015,0,14,0.0
5792,1000030046159.0,Residential,0.098,0.222,0,96,0.0
5793,1000030046067.0,Residential,0.003,0.004,0,74,0.0
5794,1000030046600.0,Residential,0.013,0.037,0,81,0.0
5795,1000030046753.0,Residential,0.013,0.035,0,87,0.0
5796,1000030046049.0,Residential,0.005,0.011,0,95,0.0
5797,1000030046177.0,Residential,0.016,0.032,0,88,0.0
5798,1000030046646.0,Residential,0.041,0.089,0,87,0.0
5799,1000030046802.0,Residential,0.007,0.011,0,67,0.0
5800,1000030048645.0,Residential,0.002,0.003,0,87,0.0
5801,1000030046360.0,Residential,0.009,0.014,0,69,0.0
5802,1000030046216.0,Residential,0.025,0.05,0,75,0.0
5803,1000030005527.0,Residential,0.026,0.058,0,76,0.0
5804,1000030046456.0,Residential,0.011,0.022,0,51,0.0
5805,1000030046219.0,Residential,0.01,0.02,0,79,0.0
5806,1000030046031.0,Residential,0.112,0.338,1,115,24624.0
5807,1000030045970.0,Residential,0.009,0.023,0,71,0.0
5808,1000030048660.0,Residential,0.07,0.121,0,2,0.0
5809,1000030046089.0,Residential,0.002,0.002,0,75,0.0
5810,1000030046313.0,Residential,0.01,0.032,0,80,0.0
5811,1000030046601.0,Residential,0.016,0.049,0,80,0.0
5812,1000030046770.0,Residential,0.011,0.023,0,84,0.0
5813,1000030046245.0,Residential,0.013,0.037,0,70,0.0
5814,1000030005529.0,Residential,0.027,0.052,0,86,0.0
5815,1000030046195.0,Residential,0.023,0.047,0,98,0.0
5816,1000030046182.0,Residential,0.006,0.013,0,120,0.0
5817,1000030046531.0,Residential,0.008,0.02,0,60,0.0
5818,1000030046610.0,Residential,0.012,0.019,0,66,0.0
5819,1000030046928.0,Residential,0.027,0.053,0,69,0.0
5820,1000030048657.0,Residential,0.018,0.018,0,118,0.0
5821,1000030046390.0,Residential,0.016,0.039,0,83,0.0
5822,1000030046546.0,Residential,0.029,0.04,0,65,0.0
5823,1000030046767.0,Residential,0.024,0.043,0,96,0.0
5824,1000030046423.0,Residential,0.004,0.006,0,65,0.0
5825,1000030046432.0,Residential,0.01,0.023,0,63,0.0
5826,1000030046727.0,Residential,0.026,0.062,0,67,0.0
5827,1000030046825.0,Residential,0.114,0.301,1,69,24624.0
5828,1000030005745.0,Residential,0.013,0.022,0,83,0.0
5829,1000030005933.0,Residential,0.098,0.225,0,70,0.0
5830,1000030046314.0,Residential,0.011,0.028,0,84,0.0
5831,1000030046713.0,Residential,0.01,0.022,0,76,0.0
5832,1000030046527.0,Residential,0.004,0.006,0,53,0.0
5833,1000030046231.0,Residential,0.034,0.082,0,68,0.0
5834,1000030046285.0,Residential,0.028,0.052,0,85,0.0
5835,1000030046746.0,Residential,0.013,0.031,0,85,0.0
5836,1000030046508.0,Residential,0.026,0.046,0,66,0.0
5837,1000030005719.0,Residential,0.034,0.056,0,54,0.0
5838,1000030046428.0,Residential,0.002,0.003,0,62,0.0
5839,1000030046659.0,Residential,0.026,0.031,0,62,0.0
5840,1000030048505.0,Residential,0.03,0.07,0,86,0.0
5841,1000030046174.0,Residential,0.003,0.004,0,73,0.0
5842,1000030046080.0,Residential,0.002,0.003,0,82,0.0
5843,1000030046460.0,Residential,0.01,0.035,0,83,0.0
5844,1000030046810.0,Residential,0.015,0.035,0,65,0.0
5845,1000030046122.0,Residential,0.068,0.158,0,92,0.0
5846,1000030048674.0,Residential,0.011,0.028,0,117,0.0
5847,1000030046001.0,Residential,0.014,0.029,0,100,0.0
5848,1000030046386.0,Residential,0.014,0.042,0,85,0.0
5849,1000030046039.0,Residential,0.006,0.012,0,74,0.0
5850,1000030005927.0,Residential,0.042,0.092,0,77,0.0
5851,1000030006114.0,Residential,0.017,0.032,0,83,0.0
5852,1000030046885.0,Residential,0.045,0.088,0,85,0.0
5853,1000030046078.0,Residential,0.013,0.028,0,95,0.0
5854,1000030046469.0,Residential,0.015,0.028,0,83,0.0
5855,1000030046383.0,Residential,0.013,0.024,0,73,0.0
5856,1000030048526.0,Residential,0.002,0.003,0,60,0.0
5857,1000030046241.0,Residential,0.012,0.024,0,63,0.0
5858,1000030046687.0,Residential,0.085,0.172,0,87,0.0
5859,1000030046718.0,Residential,0.009,0.023,0,80,0.0
5860,1000030046798.0,Residential,0.003,0.004,0,82,0.0
5861,1000030046098.0,Residential,0.016,0.046,0,80,0.0
5862,1000030046654.0,Residential,0.053,0.166,0,79,0.0
5863,1000030046562.0,Residential,0.046,0.088,0,87,0.0
5864,1000030046816.0,Residential,0.01,0.019,0,83,0.0
5865,1000030046158.0,Residential,0.111,0.227,0,79,0.0
5866,1000030005934.0,Residential,0.09,0.209,0,67,0.0
5867,1000030046983.0,Residential,0.071,0.149,0,78,0.0
5868,1000030046637.0,Residential,0.022,0.053,0,84,0.0
5869,1000030046747.0,Residential,0.019,0.044,0,69,0.0
5870,1000030046108.0,Residential,0.104,0.265,0,100,0.0
5871,5000005207583371.0,Residential,0.066,0.109,0,15,0.0
5872,1000030048682.0,Residential,0.004,0.005,0,10,0.0
5873,1000030046007.0,Residential,0.03,0.065,0,98,0.0
5874,5000005207583010.0,Residential,0.016,0.027,0,14,0.0
5875,1000030046344.0,Residential,0.033,0.092,0,82,0.0
5876,1000030048691.0,Residential,0.006,0.015,0,67,0.0
5877,1000030046416.0,Residential,0.006,0.012,0,63,0.0
5878,1000030046697.0,Residential,0.018,0.034,0,84,0.0
5879,1000030046409.0,Residential,0.008,0.031,0,87,0.0
5880,1000030046824.0,Residential,0.054,0.116,0,15,0.0
5881,1000030046176.0,Residential,0.004,0.005,0,85,0.0
5882,1000030046549.0,Residential,0.007,0.017,0,68,0.0
5883,1000030048546.0,Residential,0.016,0.042,0,70,0.0
5884,1000030046608.0,Residential,0.054,0.117,0,83,0.0
5885,1000030046933.0,Residential,0.02,0.05,0,87,0.0
5886,1000030046970.0,Residential,0.01,0.018,0,84,0.0
5887,1000030005703.0,Residential,0.009,0.026,0,86,0.0
5888,1000030046467.0,Residential,0.015,0.041,0,84,0.0
5889,1000030046365.0,Residential,0.036,0.099,0,55,0.0
5890,1000030046720.0,Residential,0.011,0.033,0,86,0.0
5891,1000030046171.0,Residential,0.004,0.006,0,91,0.0
5892,1000030046116.0,Residential,0.055,0.138,0,91,0.0
5893,1000030046384.0,Residential,0.009,0.023,0,74,0.0
5894,1000030046685.0,Residential,0.071,0.161,0,67,0.0
5895,1000030048518.0,Residential,0.011,0.022,0,44,0.0
5896,1000030046890.0,Residential,0.03,0.06,0,87,0.0
5897,1000030046417.0,Residential,0.006,0.01,0,68,0.0
5898,1000030047116.0,Residential,0.006,0.011,0,62,0.0
5899,1000030046559.0,Residential,0.056,0.141,0,88,0.0
5900,1000030046775.0,Residential,0.018,0.04,0,87,0.0
5901,5000005207582376.0,Residential,0.007,0.014,0,13,0.0
5902,1000030046161.0,Residential,0.062,0.152,0,83,0.0
5903,1000030046711.0,Residential,0.008,0.019,0,66,0.0
5904,1000030046338.0,Residential,0.018,0.034,0,79,0.0
5905,1000030048517.0,Residential,0.003,0.005,0,45,0.0
5906,1000030046579.0,Residential,0.002,0.003,0,87,0.0
5907,1000030046978.0,Residential,0.014,0.031,0,88,0.0
5908,1000030046010.0,Residential,0.034,0.059,0,65,0.0
5909,1000030046477.0,Residential,0.041,0.044,0,59,0.0
5910,5000005207583221.0,Residential,0.016,0.03,0,11,0.0
5911,1000030046808.0,Residential,0.007,0.016,0,85,0.0
5912,1000030046496.0,Residential,0.011,0.032,0,62,0.0
5913,1000030046053.0,Residential,0.002,0.003,0,61,0.0
5914,1000030046762.0,Residential,0.065,0.158,0,63,0.0
5915,1000030048692.0,Residential,0.007,0.016,0,67,0.0
5916,1000030046617.0,Residential,0.033,0.076,0,69,0.0
5917,1000030046655.0,Residential,0.041,0.089,0,82,0.0
5918,1000030046796.0,Residential,0.029,0.039,0,49,0.0
5919,1000030006127.0,Residential,0.012,0.02,0,80,0.0
5920,1000030046503.0,Residential,0.018,0.045,0,55,0.0
5921,5000005207585637.0,Residential,0.068,0.144,0,3,0.0
5922,1000030046574.0,Residential,0.007,0.015,0,87,0.0
5923,1000030046927.0,Residential,0.046,0.104,0,77,0.0
5924,1000030046757.0,Residential,0.017,0.039,0,88,0.0
5925,1000030046127.0,Residential,0.007,0.016,0,81,0.0
5926,1000030048531.0,Residential,0.002,0.004,0,58,0.0
5927,1000043032660.0,Residential,0.012,0.02,0,18,0.0
5928,1000030046700.0,Residential,0.026,0.043,0,84,0.0
5929,1000030046662.0,Residential,0.054,0.112,0,35,0.0
5930,1000030046156.0,Residential,0.039,0.117,0,158,0.0
5931,1000030046497.0,Residential,0.011,0.027,0,59,0.0
5932,1000030005909.0,Residential,0.006,0.014,0,84,0.0
5933,1000030046785.0,Residential,0.017,0.037,0,140,0.0
5934,1000030046398.0,Residential,0.013,0.03,0,77,0.0
5935,5000005207585633.0,Residential,0.014,0.034,0,35,0.0
5936,1000030046297.0,Residential,0.021,0.036,0,59,0.0
5937,1000030005939.0,Residential,0.027,0.064,0,59,0.0
5938,1000030046164.0,Residential,0.073,0.149,0,85,0.0
5939,1000030046322.0,Residential,0.026,0.026,0,38,0.0
5940,1000030046392.0,Residential,0.034,0.054,0,12,0.0
5941,1000030046563.0,Residential,0.04,0.059,0,85,0.0
5942,1000030045953.0,Residential,0.004,0.007,0,70,0.0
5943,1000030045991.0,Residential,0.013,0.039,0,105,0.0
5944,1000030048560.0,Residential,0.004,0.004,0,1,0.0
5945,1000030046532.0,Residential,0.008,0.014,0,53,0.0
5946,1000030046236.0,Residential,0.064,0.158,0,72,0.0
5947,1000030046301.0,Residential,0.026,0.04,0,57,0.0
5948,1000030046328.0,Residential,0.008,0.016,0,77,0.0
5949,1000030048655.0,Residential,0.015,0.035,0,102,0.0
5950,1000030046729.0,Residential,0.012,0.028,0,161,0.0
5951,1000030006158.0,Residential,0.397,0.713,1,84,27210.0
5952,1000030046132.0,Residential,0.002,0.003,0,74,0.0
5953,1000030046462.0,Residential,0.003,0.005,0,65,0.0
5954,1000030046564.0,Residential,0.054,0.103,0,87,0.0
5955,1000030048710.0,Residential,0.002,0.004,0,66,0.0
5956,5000005207582425.0,Residential,0.014,0.028,0,15,0.0
5957,1000030046048.0,Residential,0.006,0.015,0,86,0.0
5958,1000030046554.0,Residential,0.04,0.051,0,58,0.0
5959,1000030046782.0,Residential,0.017,0.026,0,46,0.0
5960,1000030046368.0,Residential,0.023,0.051,0,62,0.0
5961,1000030046157.0,Residential,0.075,0.161,0,86,0.0
5962,1000030005739.0,Residential,0.027,0.048,0,56,0.0
5963,1000030046234.0,Residential,0.066,0.146,0,14,0.0
5964,1000030046207.0,Residential,0.048,0.061,0,65,0.0
5965,1000030005543.0,Residential,0.012,0.036,0,83,0.0
5966,1000030046918.0,Residential,0.009,0.022,0,86,0.0
5967,1000030047099.0,Residential,0.073,0.232,0,82,0.0
5968,1000030046509.0,Residential,0.03,0.046,0,65,0.0
5969,1000030005952.0,Residential,0.004,0.007,0,60,0.0
5970,1000030046557.0,Residential,0.019,0.047,0,59,0.0
5971,1000030046604.0,Residential,0.025,0.053,0,77,0.0
5972,1000030046212.0,Residential,0.015,0.03,0,24,0.0
5973,1000030045955.0,Residential,0.006,0.013,0,71,0.0
5974,1000030046787.0,Residential,0.004,0.008,0,84,0.0
5975,1000030046134.0,Residential,0.007,0.019,0,93,0.0
5976,1000030046357.0,Residential,0.003,0.005,0,62,0.0
5977,1000030046804.0,Residential,0.017,0.027,0,59,0.0
5978,1000030046917.0,Residential,0.003,0.004,0,69,0.0
5979,1000030048704.0,Residential,0.009,0.026,0,75,0.0
5980,1000030005717.0,Residential,0.002,0.004,0,74,0.0
5981,1000030046640.0,Residential,0.07,0.168,0,87,0.0
5982,1000030046535.0,Residential,0.018,0.03,0,54,0.0
5983,1000030006157.0,Residential,0.183,0.552,1,81,24624.0
5984,1000030048652.0,Residential,0.008,0.018,0,98,0.0
5985,1000030005931.0,Residential,0.072,0.195,0,65,0.0
5986,1000030046573.0,Residential,0.004,0.008,0,80,0.0
5987,1000030046665.0,Residential,0.013,0.02,0,75,0.0
5988,1000030047100.0,Residential,0.136,0.378,1,39,24624.0
5989,1000030046454.0,Residential,0.028,0.057,0,54,0.0
5990,1000030006159.0,Residential,0.125,0.315,1,56,24624.0
5991,1000030046493.0,Residential,0.021,0.059,0,57,0.0
5992,5000005238841921.0,Residential,0.015,0.017,0,4,0.0
5993,1000030046340.0,Residential,0.079,0.227,0,66,0.0
5994,1000030046472.0,Residential,0.015,0.051,0,83,0.0
5995,1000030046669.0,Residential,0.016,0.03,0,80,0.0
5996,5000005207583497.0,Residential,0.051,0.084,0,11,0.0
5997,1000030046793.0,Residential,0.039,0.098,0,77,0.0
5998,1000030046205.0,Residential,0.041,0.09,0,137,0.0
5999,1000030046018.0,Residential,0.023,0.038,0,85,0.0
6000,1000030046926.0,Residential,0.068,0.195,0,87,0.0
6001,1000030046088.0,Residential,0.01,0.026,0,73,0.0
6002,1000030046891.0,Residential,0.036,0.08,0,84,0.0
6003,1000030048512.0,Residential,0.032,0.118,0,88,0.0
6004,1000030048556.0,Residential,0.028,0.063,0,8,0.0
6005,1000030046827.0,Residential,0.044,0.105,0,89,0.0
6006,1000030046431.0,Residential,0.005,0.01,0,61,0.0
6007,5000005207582650.0,Residential,0.012,0.021,0,18,0.0
6008,1000030046749.0,Residential,0.002,0.003,0,66,0.0
6009,1000030046374.0,Residential,0.003,0.004,0,57,0.0
6010,1000030048508.0,Residential,0.012,0.032,0,83,0.0
6011,1000030046366.0,Residential,0.035,0.088,0,66,0.0
6012,1000030046664.0,Residential,0.041,0.124,0,73,0.0
6013,5000005207584942.0,Residential,0.006,0.01,0,4,0.0
6014,1000030046232.0,Residential,0.032,0.087,0,94,0.0
6015,1000030046278.0,Residential,0.012,0.03,0,81,0.0
6016,1000030005554.0,Residential,0.025,0.028,0,3,0.0
6017,1000030046339.0,Residential,0.055,0.112,0,81,0.0
6018,1000030046412.0,Residential,0.011,0.025,0,70,0.0
6019,1000030048561.0,Residential,0.002,0.004,0,1,0.0
6020,5000005207582608.0,Residential,0.018,0.032,0,16,0.0
6021,1000030046421.0,Residential,0.003,0.003,0,63,0.0
6022,1000030046907.0,Residential,0.061,0.128,0,43,0.0
6023,1000030049675.0,Residential,0.013,0.034,0,61,0.0
6024,1000030045959.0,Residential,0.036,0.099,0,74,0.0
6025,1000030046883.0,Residential,0.058,0.187,0,82,0.0
6026,1000030046786.0,Residential,0.011,0.03,0,65,0.0
6027,1000030048532.0,Residential,0.002,0.003,0,60,0.0
6028,1000030046898.0,Residential,0.018,0.048,0,69,0.0
6029,1000030046586.0,Residential,0.021,0.052,0,94,0.0
6030,1000030046542.0,Residential,0.003,0.004,0,51,0.0
6031,1000030046361.0,Residential,0.015,0.021,0,32,0.0
6032,1000030046388.0,Residential,0.003,0.004,0,85,0.0
6033,1000030046930.0,Residential,0.071,0.183,0,85,0.0
6034,1000030046009.0,Residential,0.059,0.134,0,67,0.0
6035,5000005207583465.0,Residential,0.067,0.12,0,11,0.0
6036,1000030005911.0,Residential,0.006,0.012,0,73,0.0
6037,1000030046206.0,Residential,0.047,0.075,0,70,0.0
6038,1000030046772.0,Residential,0.006,0.012,0,83,0.0
6039,1000030045956.0,Residential,0.009,0.02,0,75,0.0
6040,5000005207585650.0,Residential,0.018,0.034,0,28,0.0
6041,1000030006151.0,Residential,0.037,0.091,0,69,0.0
6042,1000030046279.0,Residential,0.028,0.043,0,89,0.0
6043,1000030046750.0,Residential,0.004,0.006,0,88,0.0
6044,1000030048654.0,Residential,0.023,0.028,0,365,0.0
6045,1000030046140.0,Residential,0.012,0.03,0,96,0.0
6046,1000030045948.0,Residential,0.006,0.014,0,71,0.0
6047,1000030046465.0,Residential,0.016,0.057,0,84,0.0
6048,1000030046471.0,Residential,0.015,0.052,0,85,0.0
6049,1000030006120.0,Residential,0.008,0.018,0,74,0.0
6050,1000030046629.0,Residential,0.008,0.019,0,86,0.0
6051,1000030046922.0,Residential,0.047,0.111,0,92,0.0
6052,1000030046225.0,Residential,0.011,0.027,0,71,0.0
6053,1000030046311.0,Residential,0.003,0.005,0,82,0.0
6054,1000030046985.0,Residential,0.036,0.044,0,83,0.0
6055,1000030046035.0,Residential,0.04,0.092,0,92,0.0
6056,1000030046498.0,Residential,0.009,0.022,0,64,0.0
6057,1000030046310.0,Residential,0.006,0.016,0,67,0.0
6058,1000030046699.0,Residential,0.009,0.02,0,83,0.0
6059,1000030046200.0,Residential,0.013,0.03,0,76,0.0
6060,1000030046168.0,Residential,0.031,0.071,0,100,0.0
6061,1000030046507.0,Residential,0.024,0.044,0,56,0.0
6062,1000030046272.0,Residential,0.013,0.027,0,91,0.0
6063,1000030046351.0,Residential,0.004,0.008,0,65,0.0
6064,1000030046429.0,Residential,0.003,0.003,0,62,0.0
6065,1000030046980.0,Residential,0.054,0.113,0,83,0.0
6066,1000030045976.0,Residential,0.037,0.064,0,72,0.0
6067,1000030046911.0,Residential,0.012,0.017,0,75,0.0
6068,1000030048711.0,Residential,0.003,0.005,0,63,0.0
6069,5000005207583253.0,Residential,0.026,0.044,0,6,0.0
6070,1000030046028.0,Residential,0.065,0.126,0,45,0.0
6071,1000030046128.0,Residential,0.02,0.058,0,85,0.0
6072,1000030046302.0,Residential,0.027,0.053,0,48,0.0
6073,1000030046318.0,Residential,0.008,0.013,0,83,0.0
6074,1000030046516.0,Residential,0.05,0.12,0,87,0.0
6075,1000030047084.0,Residential,0.021,0.042,0,207,0.0
6076,1000030045977.0,Residential,0.033,0.056,0,72,0.0
6077,1000030046705.0,Residential,0.03,0.084,0,85,0.0
6078,1000030005740.0,Residential,0.008,0.017,0,78,0.0
6079,1000030046777.0,Residential,0.014,0.028,0,83,0.0
6080,1000030046298.0,Residential,0.026,0.049,0,52,0.0
6081,1000030046430.0,Residential,0.003,0.003,0,63,0.0
6082,1000030046393.0,Residential,0.035,0.052,0,10,0.0
6083,1000030046884.0,Residential,0.069,0.229,0,89,0.0
6084,1000030048684.0,Residential,0.002,0.004,0,85,0.0
6085,1000030046500.0,Residential,0.029,0.072,0,60,0.0
6086,1000030046561.0,Residential,0.044,0.125,0,74,0.0
6087,1000030046321.0,Residential,0.023,0.035,0,82,0.0
6088,1000030046427.0,Residential,0.002,0.003,0,62,0.0
6089,1000030046514.0,Residential,0.061,0.117,0,52,0.0
6090,1000030046016.0,Residential,0.038,0.058,0,35,0.0
6091,1000030046641.0,Residential,0.038,0.066,0,85,0.0
6092,1000030046668.0,Residential,0.018,0.032,0,81,0.0
6093,1000030046789.0,Residential,0.005,0.008,0,83,0.0
6094,1000030046696.0,Residential,0.023,0.042,0,81,0.0
6095,1000030046712.0,Residential,0.013,0.028,0,85,0.0
6096,1000030046124.0,Residential,0.011,0.024,0,103,0.0
6097,1000030046193.0,Residential,0.023,0.048,0,88,0.0
6098,5000005239401749.0,Residential,0.043,0.058,0,30,0.0
6099,1000030046565.0,Residential,0.062,0.114,0,87,0.0
6100,1000030045963.0,Residential,0.048,0.122,0,66,0.0
6101,1000030048549.0,Residential,0.004,0.008,0,72,0.0
6102,1000030046895.0,Residential,0.007,0.015,0,70,0.0
6103,1000030005944.0,Residential,0.029,0.047,0,76,0.0
6104,1000030046903.0,Residential,0.053,0.178,0,84,0.0
6105,1000030046227.0,Residential,0.008,0.017,0,67,0.0
6106,1000030046916.0,Residential,0.004,0.012,0,83,0.0
6107,1000030005707.0,Residential,0.003,0.006,0,81,0.0
6108,1000030046803.0,Residential,0.006,0.012,0,83,0.0
6109,1000030046402.0,Residential,0.017,0.027,0,74,0.0
6110,1000030005516.0,Residential,0.021,0.035,0,89,0.0
6111,1000030046461.0,Residential,0.014,0.036,0,83,0.0
6112,1000030046616.0,Residential,0.029,0.08,0,81,0.0
6113,1000030046093.0,Residential,0.008,0.018,0,69,0.0
6114,1000030046367.0,Residential,0.039,0.102,0,56,0.0
6115,1000030046065.0,Residential,0.018,0.056,0,75,0.0
6116,1000030046569.0,Residential,0.053,0.136,0,78,0.0
6117,1000030046626.0,Residential,0.011,0.021,0,85,0.0
6118,1000030046204.0,Residential,0.03,0.083,0,101,0.0
6119,1000030048689.0,Residential,0.019,0.037,0,44,0.0
6120,1000030006131.0,Residential,0.019,0.033,0,79,0.0
6121,1000030046373.0,Residential,0.006,0.012,0,55,0.0
6122,1000030046489.0,Residential,0.017,0.034,0,52,0.0
6123,1000030006117.0,Residential,0.016,0.029,0,81,0.0
6124,1000030046129.0,Residential,0.019,0.057,0,91,0.0
6125,1000030046323.0,Residential,0.034,0.042,0,38,0.0
6126,1000030046483.0,Residential,0.011,0.038,0,78,0.0
6127,1000030046599.0,Residential,0.024,0.039,0,79,0.0
6128,1000002310342002.0,Residential,,,,21,52632.0
6129,1000030046451.0,Residential,0.046,0.082,0,54,0.0
6130,1000030046765.0,Residential,0.031,0.043,0,23,0.0
6131,1000030046598.0,Residential,0.023,0.047,0,81,0.0
6132,1000030048528.0,Residential,0.002,0.003,0,57,0.0
6133,1000030005558.0,Residential,0.027,0.04,0,4,0.0
6134,5000005207583197.0,Residential,0.016,0.027,0,11,0.0
6135,1000030006146.0,Residential,0.011,0.025,0,59,0.0
6136,1000030005735.0,Residential,0.03,0.055,0,47,0.0
6137,1000030046513.0,Residential,0.009,0.019,0,59,0.0
6138,1000030046698.0,Residential,0.014,0.041,0,85,0.0
6139,1000030048656.0,Residential,0.035,0.094,0,79,0.0
6140,1000030048502.0,Residential,0.066,0.081,0,54,0.0
6141,1000030046813.0,Residential,0.003,0.004,0,83,0.0
6142,1000030046575.0,Residential,0.007,0.027,0,89,0.0
6143,1000030006143.0,Residential,0.014,0.032,0,63,0.0
6144,1000030046309.0,Residential,0.015,0.024,0,82,0.0
6145,1000030046395.0,Residential,0.024,0.04,0,45,0.0
6146,1000030046449.0,Residential,0.026,0.03,0,55,0.0
6147,1000030046343.0,Residential,0.04,0.095,0,86,0.0
6148,1000030046636.0,Residential,0.015,0.041,0,81,0.0
6149,1000042499604.0,Residential,0.024,0.05,0,83,0.0
6150,1000030046099.0,Residential,0.022,0.054,0,57,0.0
6151,1000030046069.0,Residential,0.003,0.004,0,75,0.0
6152,1000030046070.0,Residential,0.002,0.003,0,72,0.0
6153,1000030008187.0,Residential,0.012,0.024,0,10,0.0
6154,1000030006119.0,Residential,0.007,0.013,0,79,0.0
6155,1000030005918.0,Residential,0.015,0.038,0,86,0.0
6156,1000030046345.0,Residential,0.012,0.024,0,87,0.0
6157,1000030046002.0,Residential,0.02,0.048,0,96,0.0
6158,1000030046266.0,Residential,0.019,0.032,0,77,0.0
6159,1000030046353.0,Residential,0.009,0.015,0,71,0.0
6160,1000030005937.0,Residential,0.047,0.136,0,59,0.0
6161,1000030049685.0,Residential,0.01,0.026,0,66,0.0
6162,5000005207585642.0,Residential,0.045,0.058,0,8,0.0
6163,1000030045993.0,Residential,0.014,0.04,0,113,0.0
6164,1000030046490.0,Residential,0.019,0.035,0,63,0.0
6165,1000030005914.0,Residential,0.011,0.016,0,79,0.0
6166,1000030046086.0,Residential,0.008,0.014,0,74,0.0
6167,1000030048509.0,Residential,0.021,0.056,0,88,0.0
6168,1000030046246.0,Residential,0.014,0.037,0,55,0.0
6169,1000030046097.0,Residential,0.002,0.003,0,70,0.0
6170,5000005238841923.0,Residential,0.003,0.005,0,28,0.0
6171,1000030046315.0,Residential,0.012,0.022,0,80,0.0
6172,1000030046906.0,Residential,0.037,0.082,0,53,0.0
6173,1000030048529.0,Residential,0.003,0.005,0,59,0.0
6174,1000030046404.0,Residential,0.01,0.027,0,82,0.0
6175,1000030046630.0,Residential,0.009,0.021,0,82,0.0
6176,1000030046892.0,Residential,0.043,0.12,0,85,0.0
6177,1000030046290.0,Residential,0.028,0.053,0,64,0.0
6178,1000030046609.0,Residential,0.033,0.103,0,82,0.0
6179,1000030045978.0,Residential,0.022,0.045,0,71,0.0
6180,1000030048503.0,Residential,,,,22,52632.0
6181,1000030046378.0,Residential,0.015,0.019,0,59,0.0
6182,1000030045952.0,Residential,0.006,0.015,0,71,0.0
6183,1000030046341.0,Residential,0.049,0.075,0,133,0.0
6184,1000030005744.0,Residential,0.006,0.012,0,80,0.0
6185,1000030046130.0,Residential,0.01,0.035,0,88,0.0
6186,1000030046131.0,Residential,0.003,0.003,0,75,0.0
6187,1000030046337.0,Residential,0.009,0.021,0,81,0.0
6188,1000030046611.0,Residential,0.04,0.076,0,88,0.0
6189,1000030005941.0,Residential,0.012,0.023,0,72,0.0
6190,1000030046710.0,Residential,0.003,0.005,0,83,0.0
6191,1000030046902.0,Residential,0.054,0.178,0,88,0.0
6192,1000030045960.0,Residential,0.051,0.123,0,77,0.0
6193,1000030046638.0,Residential,0.04,0.073,0,86,0.0
6194,1000030046181.0,Residential,0.006,0.012,0,86,0.0
6195,1000030046758.0,Residential,0.02,0.036,0,69,0.0
6196,1000030046452.0,Residential,0.043,0.082,0,54,0.0
6197,1000030046812.0,Residential,0.006,0.013,0,66,0.0
6198,1000030046350.0,Residential,0.003,0.005,0,76,0.0
6199,1000030005741.0,Residential,0.016,0.039,0,87,0.0
6200,1000030046145.0,Residential,0.002,0.003,0,65,0.0
6201,1000030046732.0,Residential,0.005,0.008,0,66,0.0
6202,1000030048717.0,Residential,0.002,0.003,0,78,0.0
6203,1000030046621.0,Residential,0.044,0.095,0,150,0.0
6204,1000030046113.0,Residential,0.023,0.036,0,190,0.0
6205,1000030048539.0,Residential,0.003,0.005,0,100,0.0
6206,1000030046044.0,Residential,0.002,0.003,0,79,0.0
6207,1000030046534.0,Residential,0.019,0.03,0,52,0.0
6208,1000030046202.0,Residential,0.03,0.083,0,88,0.0
6209,1000030046743.0,Residential,0.01,0.023,0,88,0.0
6210,1000030046413.0,Residential,0.023,0.038,0,58,0.0
6211,1000030046519.0,Residential,0.02,0.043,0,84,0.0
6212,1000030046523.0,Residential,0.042,0.062,0,87,0.0
6213,1000030046633.0,Residential,0.013,0.027,0,83,0.0
6214,1000030048514.0,Residential,0.008,0.017,0,38,0.0
6215,1000030046125.0,Residential,0.011,0.025,0,89,0.0
6216,1000030048551.0,Residential,0.005,0.007,0,69,0.0
6217,1000030046420.0,Residential,0.003,0.004,0,60,0.0
6218,1000030046178.0,Residential,0.013,0.009,0,88,0.0
6219,1000030046547.0,Residential,0.015,0.031,0,66,0.0
6220,1000030046473.0,Residential,0.02,0.052,0,87,0.0
6221,1000030048513.0,Residential,0.031,0.084,0,72,0.0
6222,1000030005553.0,Residential,0.04,0.07,0,3,0.0
6223,1000030005916.0,Residential,0.01,0.018,0,77,0.0
6224,1000030005908.0,Residential,0.007,0.016,0,79,0.0
6225,1000030046752.0,Residential,0.008,0.019,0,86,0.0
6226,1000030046187.0,Residential,0.036,0.071,0,79,0.0
6227,1000030046702.0,Residential,0.034,0.05,0,84,0.0
6228,1000030048538.0,Residential,0.007,0.015,0,138,0.0
6229,1000030048673.0,Residential,0.014,0.03,0,126,0.0
6230,1000030046400.0,Residential,0.018,0.03,0,88,0.0
6231,1000030046475.0,Residential,0.039,0.06,0,63,0.0
6232,1000030048709.0,Residential,0.002,0.002,0,63,0.0
6233,1000030046317.0,Residential,0.007,0.018,0,82,0.0
6234,1000030046481.0,Residential,0.014,0.03,0,79,0.0
6235,1000030046077.0,Residential,0.005,0.013,0,84,0.0
6236,1000030046524.0,Residential,0.018,0.031,0,8,0.0
6237,1000030046545.0,Residential,0.025,0.038,0,83,0.0
6238,1000030046306.0,Residential,0.054,0.082,0,27,0.0
6239,1000030046294.0,Residential,0.013,0.022,0,52,0.0
6240,1000030046320.0,Residential,0.013,0.036,0,82,0.0
6241,1000030046543.0,Residential,0.017,0.039,0,57,0.0
6242,1000030046672.0,Residential,0.024,0.056,0,81,0.0
6243,1000030048718.0,Residential,0.002,0.003,0,82,0.0
6244,1000030046792.0,Residential,0.048,0.119,0,81,0.0
6245,1000030046486.0,Residential,0.03,0.048,0,78,0.0
6246,5000005239401755.0,Residential,0.016,0.021,0,11,0.0
6247,1000030045980.0,Residential,0.017,0.052,0,70,0.0
6248,1000030046137.0,Residential,0.01,0.021,0,81,0.0
6249,1000030046742.0,Residential,0.011,0.024,0,85,0.0
6250,1000030046012.0,Residential,0.026,0.049,0,66,0.0
6251,1000030046986.0,Residential,0.038,0.055,0,40,0.0
6252,1000030046329.0,Residential,0.008,0.021,0,81,0.0
6253,1000030046474.0,Residential,0.028,0.049,0,82,0.0
6254,1000030046580.0,Residential,0.009,0.028,0,97,0.0
6255,1000030046811.0,Residential,0.021,0.042,0,87,0.0
6256,1000030046555.0,Residential,0.032,0.044,0,65,0.0
6257,1000030046518.0,Residential,0.058,0.169,0,79,0.0
6258,1000030045997.0,Residential,0.015,0.033,0,94,0.0
6259,1000030045998.0,Residential,0.015,0.028,0,8,0.0
6260,1000030046101.0,Residential,0.024,0.06,0,61,0.0
6261,1000030046674.0,Residential,0.019,0.04,0,146,0.0
6262,1000030005926.0,Residential,0.043,0.11,0,61,0.0
6263,5000005239401782.0,Residential,0.01,0.016,0,8,0.0
6264,1000030045979.0,Residential,0.011,0.034,0,73,0.0
6265,1000030046603.0,Residential,0.008,0.019,0,79,0.0
6266,1000030048707.0,Residential,0.015,0.035,0,63,0.0
6267,1000030046479.0,Residential,0.019,0.045,0,49,0.0
6268,1000030005913.0,Residential,0.007,0.014,0,84,0.0
6269,1000030046316.0,Residential,0.012,0.026,0,80,0.0
6270,1000030046382.0,Residential,0.007,0.015,0,83,0.0
6271,1000030046973.0,Residential,0.014,0.045,0,87,0.0
6272,1000030048706.0,Residential,0.022,0.054,0,68,0.0
6273,1000030046819.0,Residential,0.058,0.144,0,85,0.0
6274,1000030046797.0,Residential,0.002,0.004,0,85,0.0
6275,1000030046197.0,Residential,0.012,0.012,0,92,0.0
6276,1000030046444.0,Residential,0.052,0.089,0,58,0.0
6277,1000030046470.0,Residential,0.011,0.023,0,86,0.0
6278,1000030046688.0,Residential,0.053,0.08,0,88,0.0
6279,1000030046296.0,Residential,0.013,0.027,0,65,0.0
6280,1000030006135.0,Residential,0.02,0.052,0,67,0.0
6281,1000030045950.0,Residential,0.003,0.005,0,70,0.0
6282,1000030006123.0,Residential,0.029,0.056,0,46,0.0
6283,1000030046349.0,Residential,0.002,0.002,0,64,0.0
6284,1000030046277.0,Residential,0.006,0.016,0,80,0.0
6285,1000030005921.0,Residential,0.016,0.053,0,80,0.0
6286,1000030046185.0,Residential,0.013,0.024,0,134,0.0
6287,1000030046268.0,Residential,0.012,0.025,0,85,0.0
6288,1000030046082.0,Residential,0.01,0.028,0,73,0.0
6289,1000030005764.0,Residential,0.036,0.09,0,63,0.0
6290,1000030046262.0,Residential,0.006,0.01,0,75,0.0
6291,1000030046719.0,Residential,0.013,0.033,0,85,0.0
6292,1000030046929.0,Residential,0.033,0.07,0,86,0.0
6293,5000005207582316.0,Residential,0.01,0.016,0,5,0.0
6294,1000030046210.0,Residential,0.004,0.008,0,24,0.0
6295,1000030046415.0,Residential,0.015,0.024,0,26,0.0
6296,1000030046648.0,Residential,0.045,0.076,0,82,0.0
6297,1000030046622.0,Residential,0.021,0.071,0,70,0.0
6298,1000030046541.0,Residential,0.003,0.005,0,54,0.0
6299,1000030046464.0,Residential,0.005,0.014,0,82,0.0
6300,1000030046517.0,Residential,0.07,0.175,0,75,0.0
6301,1000030046370.0,Residential,0.015,0.035,0,58,0.0
6302,1000030046165.0,Residential,0.086,0.226,0,106,0.0
6303,1000030046250.0,Residential,0.009,0.015,0,75,0.0
6304,1000030046389.0,Residential,0.017,0.046,0,72,0.0
6305,1000030048662.0,Residential,0.01,0.025,0,25,0.0
6306,1000030006272.0,Residential,0.231,0.566,1,9,24624.0
6307,1000030046806.0,Residential,0.006,0.011,0,225,0.0
6308,1000030046821.0,Residential,0.058,0.129,0,85,0.0
6309,1000030046492.0,Residential,0.027,0.08,0,62,0.0
6310,1000030046249.0,Residential,0.059,0.166,0,64,0.0
6311,1000030046084.0,Residential,0.008,0.009,0,72,0.0
6312,1000030045962.0,Residential,0.022,0.051,0,68,0.0
6313,1000030045986.0,Residential,0.022,0.058,0,70,0.0
6314,1000030046022.0,Residential,0.026,0.044,0,17,0.0
6315,1000030046889.0,Residential,0.023,0.061,0,68,0.0
6316,1000030046391.0,Residential,0.027,0.049,0,187,0.0
6317,1000000060577014.0,Residential,0.014,0.026,0,2,0.0
6318,1000030046606.0,Residential,0.046,0.082,0,65,0.0
6319,1000030046924.0,Residential,0.099,0.251,0,86,0.0
6320,1000030046975.0,Residential,0.007,0.022,0,87,0.0
6321,1000030046024.0,Residential,0.023,0.047,0,72,0.0
6322,5000005207582325.0,Residential,0.022,0.052,0,15,0.0
6323,1000030048523.0,Residential,0.002,0.003,0,61,0.0
6324,1000030046572.0,Residential,0.005,0.01,0,87,0.0
6325,1000030046064.0,Residential,0.025,0.056,0,88,0.0
6326,1000030046047.0,Residential,0.008,0.019,0,81,0.0
6327,1000030046977.0,Residential,0.021,0.045,0,51,0.0
6328,1000030046006.0,Residential,0.024,0.049,0,101,0.0
6329,1000030046628.0,Residential,0.013,0.039,0,79,0.0
6330,1000030046768.0,Residential,0.008,0.012,0,88,0.0
6331,1000030046147.0,Residential,0.021,0.04,0,76,0.0
6332,1000030005716.0,Residential,0.002,0.003,0,71,0.0
6333,1000030005760.0,Residential,0.022,0.055,0,62,0.0
6334,1000030046352.0,Residential,0.006,0.012,0,61,0.0
6335,1000030046761.0,Residential,0.054,0.14,0,82,0.0
6336,1000030046123.0,Residential,0.025,0.057,0,84,0.0
6337,1000030048511.0,Residential,0.05,0.148,0,84,0.0
6338,1000030046512.0,Residential,0.007,0.013,0,65,0.0
6339,1000030048535.0,Residential,0.005,0.01,0,74,0.0
6340,1000030006160.0,Residential,0.287,0.713,1,87,27210.0
6341,1000030046307.0,Residential,0.021,0.036,0,80,0.0
6342,1000030046396.0,Residential,0.012,0.026,0,63,0.0
6343,5000005207584980.0,Residential,0.063,0.103,0,11,0.0
6344,1000030046544.0,Residential,0.021,0.038,0,64,0.0
6345,1000030046904.0,Residential,0.015,0.026,0,86,0.0
6346,1000030046667.0,Residential,0.022,0.045,0,82,0.0
6347,1000030046651.0,Residential,0.122,0.265,0,61,0.0
6348,1000030006142.0,Residential,0.02,0.043,0,66,0.0
6349,1000030046218.0,Residential,0.018,0.027,0,89,0.0
6350,1000030046548.0,Residential,0.009,0.02,0,69,0.0
6351,5000005239401775.0,Residential,0.022,0.037,0,17,0.0
6352,5000005207584815.0,Residential,0.037,0.05,0,27,0.0
6353,1000030006153.0,Residential,0.052,0.121,0,84,0.0
6354,1000030046179.0,Residential,0.01,0.022,0,12,0.0
6355,1000030046240.0,Residential,0.043,0.113,0,68,0.0
6356,5000005239401763.0,Residential,0.034,0.05,0,7,0.0
6357,1000030046148.0,Residential,0.022,0.056,0,77,0.0
6358,1000030046882.0,Residential,0.041,0.07,0,128,0.0
6359,1000030046399.0,Residential,0.017,0.035,0,89,0.0
6360,1000030046658.0,Residential,0.016,0.027,0,65,0.0
6361,1000030048661.0,Residential,0.058,0.114,0,5,0.0
6362,1000030046566.0,Residential,0.049,0.089,0,83,0.0
6363,1000030046511.0,Residential,0.003,0.004,0,55,0.0
6364,1000030048724.0,Residential,0.006,0.012,0,54,0.0
6365,1000030046494.0,Residential,0.025,0.056,0,66,0.0
6366,1000030046695.0,Residential,0.009,0.02,0,77,0.0
6367,1000030046724.0,Residential,0.036,0.06,0,84,0.0
6368,1000030045995.0,Residential,0.004,0.008,0,96,0.0
6369,1000030046715.0,Residential,0.002,0.003,0,65,0.0
6370,1000030046801.0,Residential,0.006,0.013,0,85,0.0
6371,1000030006154.0,Residential,0.068,0.132,0,64,0.0
6372,1000030046332.0,Residential,0.03,0.075,0,82,0.0
6373,1000030046618.0,Residential,0.015,0.021,0,82,0.0
6374,1000030046754.0,Residential,0.009,0.02,0,86,0.0
6375,1000030046529.0,Residential,0.003,0.005,0,52,0.0
6376,1000030006113.0,Residential,0.017,0.035,0,78,0.0
6377,1000030048705.0,Residential,0.018,0.054,0,69,0.0
6378,1000030046828.0,Residential,0.147,0.362,1,69,24624.0
6379,1000030046809.0,Residential,0.002,0.002,0,63,0.0
6380,1000030006161.0,Residential,0.157,0.325,1,49,24624.0
6381,1000030046680.0,Residential,0.022,0.058,0,83,0.0
6382,1000030046000.0,Residential,0.016,0.037,0,100,0.0
6383,1000030048647.0,Residential,0.003,0.005,0,84,0.0
6384,1000030046515.0,Residential,0.072,0.125,0,85,0.0
6385,1000030046692.0,Residential,0.036,0.055,0,85,0.0
6386,1000030046405.0,Residential,0.01,0.024,0,84,0.0
6387,1000030046733.0,Residential,0.014,0.031,0,85,0.0
6388,1000030046248.0,Residential,0.079,0.205,0,63,0.0
6389,1000030006134.0,Residential,0.021,0.04,0,73,0.0
6390,5000005239401783.0,Residential,0.225,0.515,1,13,24624.0
6391,1000030046466.0,Residential,0.014,0.058,0,84,0.0
6392,1000030046686.0,Residential,0.033,0.038,0,20,0.0
6393,1000030046776.0,Residential,0.018,0.038,0,75,0.0
6394,1000030045961.0,Residential,0.036,0.104,0,70,0.0
6395,1000030046751.0,Residential,0.005,0.009,0,85,0.0
6396,1000030006148.0,Residential,0.006,0.012,0,56,0.0
6397,5000005207582611.0,Residential,0.01,0.019,0,12,0.0
6398,1000030005947.0,Residential,0.012,0.026,0,56,0.0
6399,1000030046771.0,Residential,0.01,0.027,0,76,0.0
6400,1000030005923.0,Residential,0.026,0.045,0,82,0.0
6401,1000030006152.0,Residential,0.038,0.08,0,79,0.0
6402,1000030046087.0,Residential,0.014,0.036,0,71,0.0
6403,1000030046394.0,Residential,0.026,0.049,0,17,0.0
6404,1000030045989.0,Residential,0.007,0.013,0,94,0.0
6405,1000030046095.0,Residential,0.002,0.004,0,69,0.0
6406,1000030046380.0,Residential,0.024,0.041,0,59,0.0
6407,1000030046362.0,Residential,0.003,0.007,0,27,0.0
6408,1000030046593.0,Residential,0.022,0.042,0,81,0.0
6409,1000030046595.0,Residential,0.007,0.018,0,80,0.0
6410,1000030046731.0,Residential,0.005,0.009,0,84,0.0
6411,1000030046969.0,Residential,0.011,0.023,0,84,0.0
6412,1000030046073.0,Residential,0.024,0.056,0,990,0.0
6413,1000030046355.0,Residential,0.008,0.018,0,90,0.0
6414,1000030046319.0,Residential,0.013,0.05,0,82,0.0
6415,1000030048658.0,Residential,0.002,0.003,0,2,0.0
6416,1000030046191.0,Residential,0.021,0.045,0,73,0.0
6417,1000030005917.0,Residential,0.016,0.035,0,79,0.0
6418,1000030046014.0,Residential,0.012,0.02,0,64,0.0
6419,5000005207582557.0,Residential,0.03,0.053,0,18,0.0
6420,1000030006155.0,Residential,0.098,0.228,0,65,0.0
6421,1000030046576.0,Residential,0.006,0.011,0,93,0.0
6422,1000030046154.0,Residential,0.032,0.053,0,66,0.0
6423,1000030046324.0,Residential,0.028,0.032,0,39,0.0
6424,1000030046026.0,Residential,0.022,0.047,0,69,0.0
6425,1000030046741.0,Residential,0.037,0.077,0,56,0.0
6426,1000030046571.0,Residential,0.05,0.112,0,80,0.0
6427,1000030045972.0,Residential,0.023,0.063,0,70,0.0
6428,1000030046407.0,Residential,0.009,0.016,0,82,0.0
6429,1000030045988.0,Residential,0.026,0.054,0,75,0.0
6430,1000030046139.0,Residential,0.002,0.003,0,77,0.0
6431,1000030046657.0,Residential,0.025,0.058,0,81,0.0
6432,1000030048712.0,Residential,0.006,0.013,0,84,0.0
6433,1000030046894.0,Residential,0.041,0.114,0,86,0.0
6434,1000030046716.0,Residential,0.007,0.018,0,84,0.0
6435,1000030046886.0,Residential,0.029,0.034,0,83,0.0
6436,1000030047117.0,Residential,0.015,0.033,0,49,0.0
6437,1000030046326.0,Residential,0.029,0.06,0,81,0.0
6438,1000030046735.0,Residential,0.033,0.071,0,85,0.0
6439,1000030046055.0,Residential,0.023,0.055,0,73,0.0
6440,1000030048701.0,Residential,0.01,0.022,0,8,0.0
6441,1000030048653.0,Residential,0.022,0.049,0,496,0.0
6442,1000030046504.0,Residential,0.008,0.019,0,58,0.0
6443,1000030046671.0,Residential,0.029,0.071,0,84,0.0
6444,1000030046568.0,Residential,0.069,0.136,0,65,0.0
6445,1000030046146.0,Residential,0.006,0.014,0,62,0.0
6446,1000030046379.0,Residential,0.031,0.073,0,55,0.0
6447,1000030046224.0,Residential,0.011,0.025,0,68,0.0
6448,1000030046239.0,Residential,0.087,0.177,0,59,0.0
6449,1000030046381.0,Residential,0.009,0.022,0,84,0.0
6450,1000030046482.0,Residential,0.004,0.009,0,81,0.0
6451,1000030046736.0,Residential,0.016,0.033,0,66,0.0
6452,1000030046282.0,Residential,0.005,0.009,0,83,0.0
6453,1000030046274.0,Residential,0.011,0.026,0,82,0.0
6454,1000030046820.0,Residential,0.062,0.167,0,88,0.0
6455,1000030046459.0,Residential,0.016,0.029,0,52,0.0
6456,1000030048507.0,Residential,0.03,0.076,0,84,0.0
6457,1000030046284.0,Residential,0.011,0.024,0,68,0.0
6458,1000030046308.0,Residential,0.015,0.025,0,81,0.0
6459,1000030046823.0,Residential,0.082,0.258,0,86,0.0
6460,1000030046709.0,Residential,0.002,0.003,0,68,0.0
6461,1000030048688.0,Residential,0.018,0.052,0,59,0.0
6462,1000030046602.0,Residential,0.005,0.013,0,78,0.0
6463,1000030046915.0,Residential,0.007,0.021,0,86,0.0
6464,1000030046623.0,Residential,0.002,0.002,0,55,0.0
6465,1000030048683.0,Residential,0.004,0.007,0,81,0.0
6466,1000030005710.0,Residential,0.004,0.01,0,83,0.0
6467,1000030046510.0,Residential,0.026,0.048,0,68,0.0
6468,1000030046331.0,Residential,0.014,0.036,0,81,0.0
6469,1000030046291.0,Residential,0.028,0.053,0,64,0.0
6470,1000030046799.0,Residential,0.002,0.004,0,86,0.0
6471,1000030048544.0,Residential,0.015,0.033,0,5,0.0
6472,1000030046136.0,Residential,0.005,0.012,0,78,0.0
6473,1000030048716.0,Residential,0.015,0.024,0,116,0.0
6474,1000030046063.0,Residential,0.008,0.013,0,50,0.0
6475,1000030046327.0,Residential,0.017,0.039,0,80,0.0
6476,1000030046647.0,Residential,0.062,0.108,0,83,0.0
6477,1000030046678.0,Residential,0.008,0.02,0,83,0.0
6478,1000030046237.0,Residential,0.053,0.17,0,66,0.0
6479,5000005207582680.0,Residential,0.01,0.022,0,13,0.0
6480,1000030046118.0,Residential,0.047,0.102,0,88,0.0
6481,1000030048675.0,Residential,0.005,0.009,0,127,0.0
6482,1000030046347.0,Residential,0.007,0.014,0,73,0.0
6483,1000030046781.0,Residential,0.025,0.034,0,25,0.0
6484,1000030005515.0,Residential,0.013,0.021,0,79,0.0
6485,1000030046184.0,Residential,0.015,0.029,0,90,0.0
6486,1000030048676.0,Residential,0.014,0.038,0,210,0.0
6487,1000030005535.0,Residential,0.006,0.016,0,80,0.0
6488,1000030005540.0,Residential,0.011,0.028,0,85,0.0
6489,1000042499602.0,Residential,0.074,0.215,0,71,0.0
6490,1000030046180.0,Residential,0.006,0.009,0,97,0.0
6491,1000030046336.0,Residential,0.025,0.053,0,80,0.0
6492,1000030046704.0,Residential,0.061,0.091,0,72,0.0
6493,1000030046281.0,Residential,0.017,0.048,0,80,0.0
6494,1000030048651.0,Residential,0.004,0.008,0,84,0.0
6495,1000030046115.0,Residential,0.048,0.112,0,90,0.0
6496,1000030046198.0,Residential,0.013,0.022,0,93,0.0
6497,1000030048552.0,Residential,0.007,0.014,0,69,0.0
6498,1000030046766.0,Residential,0.034,0.056,0,53,0.0
6499,1000030046756.0,Residential,0.015,0.038,0,87,0.0
6500,1000030046968.0,Residential,0.034,0.08,0,67,0.0
6501,1000030048650.0,Residential,0.005,0.015,0,79,0.0
6502,1000030046591.0,Residential,0.02,0.046,0,79,0.0
6503,1000030006156.0,Residential,0.066,0.188,0,77,0.0
6504,1000030005951.0,Residential,0.003,0.004,0,56,0.0
6505,1000030046596.0,Residential,0.006,0.015,0,82,0.0
6506,1000030046734.0,Residential,0.039,0.076,0,85,0.0
6507,1000030046925.0,Residential,0.107,0.254,0,85,0.0
6508,1000042499603.0,Residential,0.013,0.033,0,90,0.0
6509,1000030049658.0,Residential,0.002,0.004,0,87,0.0
6510,1000030049653.0,Residential,0.026,0.047,0,121,0.0
6511,1000030049618.0,Residential,0.017,0.042,0,80,0.0
6512,1000030049683.0,Residential,0.019,0.03,0,34,0.0
6513,1000030049640.0,Residential,0.019,0.046,0,170,0.0
6514,5000005239344628.0,Residential,0.065,0.089,0,14,0.0
6515,1000030049655.0,Residential,0.011,0.029,0,93,0.0
6516,1000030049647.0,Residential,0.004,0.009,0,95,0.0
6517,5000005207584923.0,Residential,0.024,0.047,0,10,0.0
6518,1000030049671.0,Residential,0.088,0.141,0,68,0.0
6519,1000030049624.0,Residential,0.024,0.037,0,87,0.0
6520,1000030049619.0,Residential,0.03,0.075,0,82,0.0
6521,1000030049603.0,Residential,0.043,0.096,0,78,0.0
6522,1000030049627.0,Residential,0.02,0.045,0,73,0.0
6523,1000030049673.0,Residential,0.035,0.061,0,65,0.0
6524,1000030049626.0,Residential,0.019,0.048,0,74,0.0
6525,1000030049621.0,Residential,0.012,0.042,0,79,0.0
6526,1000030049632.0,Residential,0.002,0.002,0,74,0.0
6527,1000030049607.0,Residential,0.039,0.075,0,74,0.0
6528,1000030049606.0,Residential,0.04,0.052,0,9,0.0
6529,1000030049667.0,Residential,0.059,0.123,0,62,0.0
6530,5000005207584904.0,Residential,0.037,0.083,0,8,0.0
6531,1000030011224.0,Residential,0.003,0.005,0,82,0.0
6532,1000030011225.0,Residential,0.009,0.023,0,80,0.0
6533,1000030011214.0,Residential,0.011,0.023,0,95,0.0
6534,1000030011223.0,Residential,0.007,0.019,0,82,0.0
6535,1000030049620.0,Residential,0.031,0.084,0,80,0.0
6536,1000030049604.0,Residential,0.037,0.093,0,96,0.0
6537,1000030049679.0,Residential,0.003,0.005,0,54,0.0
6538,5000005207584836.0,Residential,0.017,0.038,0,12,0.0
6539,1000030049663.0,Residential,0.036,0.112,0,77,0.0
6540,1000030011226.0,Residential,0.012,0.028,0,83,0.0
6541,1000030011221.0,Residential,0.005,0.008,0,79,0.0
6542,1000030049628.0,Residential,0.024,0.044,0,73,0.0
6543,1000030011220.0,Residential,0.011,0.023,0,92,0.0
6544,1000030049631.0,Residential,0.017,0.046,0,73,0.0
6545,1000030049672.0,Residential,0.056,0.108,0,71,0.0
6546,1000030049630.0,Residential,0.032,0.049,0,74,0.0
6547,1000030049638.0,Residential,0.02,0.062,0,72,0.0
6548,1000030049615.0,Residential,0.045,0.091,0,87,0.0
6549,1000030049643.0,Residential,0.01,0.028,0,98,0.0
6550,1000030011213.0,Residential,0.002,0.004,0,65,0.0
6551,1000030049654.0,Residential,0.002,0.002,0,87,0.0
6552,5000005207582373.0,Residential,0.02,0.028,0,14,0.0
6553,1000030049664.0,Residential,0.045,0.139,0,82,0.0
6554,1000030049656.0,Residential,0.004,0.007,0,86,0.0
6555,1000030049645.0,Residential,0.012,0.027,0,92,0.0
6556,1000030049677.0,Residential,0.065,0.136,0,47,0.0
6557,1000030011216.0,Residential,0.012,0.031,0,71,0.0
6558,1000030049616.0,Residential,0.034,0.091,0,72,0.0
6559,1000030049641.0,Residential,0.01,0.02,0,96,0.0
6560,1000030049614.0,Residential,0.01,0.019,0,75,0.0
6561,1000030049666.0,Residential,0.066,0.151,0,76,0.0
6562,1000030049668.0,Residential,0.063,0.142,0,58,0.0
6563,1000030049612.0,Residential,0.021,0.04,0,73,0.0
6564,1000030049610.0,Residential,0.061,0.126,0,75,0.0
6565,5000005207584926.0,Residential,0.036,0.046,0,13,0.0
6566,1000030049665.0,Residential,0.05,0.143,0,74,0.0
6567,1000030049657.0,Residential,0.007,0.014,0,88,0.0
6568,1000030049674.0,Residential,0.021,0.036,0,69,0.0
6569,1000030011222.0,Residential,0.01,0.019,0,76,0.0
6570,1000030049608.0,Residential,0.072,0.128,0,73,0.0
6571,1000030049684.0,Residential,0.038,0.089,0,36,0.0
6572,1000030049678.0,Residential,0.01,0.03,0,84,0.0
6573,1000030011215.0,Residential,0.009,0.02,0,78,0.0
6574,1000030049680.0,Residential,0.003,0.004,0,56,0.0
6575,1000030011219.0,Residential,0.017,0.025,0,18,0.0
6576,1000030011218.0,Residential,0.005,0.01,0,86,0.0
6577,1000030011217.0,Residential,0.009,0.019,0,78,0.0
6578,1000030049629.0,Residential,0.031,0.049,0,75,0.0
6579,1000030049642.0,Residential,0.014,0.025,0,91,0.0
6580,1000030049635.0,Residential,0.002,0.004,0,68,0.0
6581,5000005207583469.0,Residential,0.054,0.075,0,4,0.0
6582,1000030049644.0,Residential,0.013,0.028,0,95,0.0
6583,1000030049625.0,Residential,0.032,0.072,0,80,0.0
6584,1000030049646.0,Residential,0.005,0.01,0,93,0.0
6585,1000030049605.0,Residential,0.068,0.122,0,15,0.0
6586,1000030046838.0,Residential,0.009,0.006,0,84,0.0
6587,1000030048598.0,Residential,0.005,0.009,0,79,0.0
6588,1000030048735.0,Residential,0.005,0.009,0,87,0.0
6589,1000030048740.0,Residential,0.07,0.161,0,83,0.0
6590,1000030046830.0,Residential,0.004,0.008,0,86,0.0
6591,1000030048609.0,Residential,0.004,0.006,0,54,0.0
6592,1000030046843.0,Residential,0.044,0.11,0,79,0.0
6593,1000030048744.0,Residential,0.047,0.115,0,87,0.0
6594,1000030048739.0,Residential,0.033,0.08,0,80,0.0
6595,5000005207582679.0,Residential,0.015,0.037,0,34,0.0
6596,1000030046844.0,Residential,0.143,0.243,0,59,0.0
6597,1000030046845.0,Residential,0.121,0.22,0,29,0.0
6598,1000030046829.0,Residential,0.006,0.012,0,85,0.0
6599,1000030046831.0,Residential,0.003,0.005,0,85,0.0
6600,1000030048743.0,Residential,0.04,0.111,0,77,0.0
6601,1000030048602.0,Residential,0.056,0.12,0,65,0.0
6602,1000030046834.0,Residential,0.01,0.013,0,30,0.0
6603,1000030048734.0,Residential,0.002,0.003,0,74,0.0
6604,1000030046836.0,Residential,0.045,0.104,0,64,0.0
6605,1000030048608.0,Residential,0.005,0.006,0,55,0.0
6606,1000030048595.0,Residential,0.003,0.004,0,82,0.0
6607,1000030048733.0,Residential,0.003,0.005,0,83,0.0
6608,1000030048729.0,Residential,0.008,0.011,0,80,0.0
6609,1000030048732.0,Residential,0.01,0.025,0,73,0.0
6610,1000030048745.0,Residential,0.033,0.06,0,73,0.0
6611,1000030048741.0,Residential,0.087,0.224,0,79,0.0
6612,1000030046841.0,Residential,0.046,0.115,0,80,0.0
6613,1000030046837.0,Residential,0.044,0.131,0,67,0.0
6614,1000030048728.0,Residential,0.008,0.015,0,83,0.0
6615,1000030048606.0,Residential,0.031,0.092,0,74,0.0
6616,1000030048603.0,Residential,0.044,0.102,0,63,0.0
6617,1000030048593.0,Residential,0.004,0.004,0,80,0.0
6618,1000030046840.0,Residential,0.076,0.212,0,81,0.0
6619,5000005207585660.0,Residential,0.048,0.116,0,18,0.0
6620,1000030048726.0,Residential,0.008,0.013,0,81,0.0
6621,1000030048738.0,Residential,0.026,0.062,0,87,0.0
6622,1000030048730.0,Residential,0.007,0.01,0,84,0.0
6623,1000030048604.0,Residential,0.069,0.192,0,67,0.0
6624,1000030046833.0,Residential,0.004,0.005,0,55,0.0
6625,1000030048596.0,Residential,0.003,0.004,0,85,0.0
6626,1000030048610.0,Residential,0.002,0.002,0,58,0.0
6627,1000030048731.0,Residential,0.011,0.025,0,87,0.0
6628,1000030046835.0,Residential,0.038,0.103,0,81,0.0
6629,1000030048737.0,Residential,0.016,0.009,0,87,0.0
6630,1000030048605.0,Residential,0.063,0.187,0,71,0.0
6631,1000030048742.0,Residential,0.062,0.163,0,82,0.0
6632,1000030048597.0,Residential,0.005,0.01,0,82,0.0
6633,1000030048594.0,Residential,0.003,0.005,0,85,0.0
6634,1000030048599.0,Residential,0.005,0.01,0,85,0.0
6635,1000030046842.0,Residential,0.022,0.037,0,80,0.0
6636,1000030046832.0,Residential,0.005,0.007,0,70,0.0
6637,1000030048607.0,Residential,0.027,0.07,0,61,0.0
6638,1000030048727.0,Residential,0.005,0.009,0,83,0.0
6639,1000030048592.0,Residential,,,,80,52632.0
6640,5000005207583726.0,Residential,0.016,0.035,0,46,0.0
6641,1000030046878.0,Residential,0.022,0.045,0,76,0.0
6642,1000030045380.0,Residential,0.009,0.031,0,49,0.0
6643,1000030045575.0,Residential,0.068,0.164,0,49,0.0
6644,1000030045595.0,Residential,0.034,0.087,0,48,0.0
6645,1000030045387.0,Residential,0.046,0.143,0,45,0.0
6646,1000030046941.0,Residential,0.023,0.066,0,63,0.0
6647,1000030045670.0,Residential,0.011,0.02,0,49,0.0
6648,1000030045630.0,Residential,0.028,0.061,0,61,0.0
6649,1000030045344.0,Residential,0.037,0.084,0,115,0.0
6650,1000030047115.0,Residential,0.018,0.028,0,72,0.0
6651,1000030045444.0,Residential,0.037,0.075,0,52,0.0
6652,1000030045624.0,Residential,0.016,0.045,0,54,0.0
6653,1000030045651.0,Residential,0.022,0.03,0,55,0.0
6654,1000030045500.0,Residential,0.023,0.041,0,71,0.0
6655,5000005207585645.0,Residential,0.492,0.637,1,28,27210.0
6656,1000030046989.0,Residential,0.01,0.023,0,45,0.0
6657,1000030045785.0,Residential,0.6,0.637,1,15,27210.0
6658,1000030047110.0,Residential,0.044,0.134,0,50,0.0
6659,1000030045579.0,Residential,0.027,0.047,0,47,0.0
6660,1000030045921.0,Residential,0.167,0.522,1,201,24624.0
6661,1000030045599.0,Residential,0.015,0.026,0,44,0.0
6662,1000030045779.0,Residential,0.024,0.052,0,7,0.0
6663,1000030045811.0,Residential,0.36,0.36,1,5,24624.0
6664,1000030045643.0,Residential,0.04,0.109,0,48,0.0
6665,1000030046952.0,Residential,0.01,0.017,0,53,0.0
6666,1000030046999.0,Residential,0.189,0.404,1,64,24624.0
6667,1000030045799.0,Residential,0.023,0.046,0,18,0.0
6668,1000030047019.0,Residential,0.012,0.024,0,52,0.0
6669,1000030046996.0,Residential,0.087,0.159,0,46,0.0
6670,1000030045540.0,Residential,0.021,0.077,0,66,0.0
6671,1000030045385.0,Residential,0.01,0.025,0,49,0.0
6672,1000030046994.0,Residential,0.022,0.042,0,58,0.0
6673,1000030045437.0,Residential,0.04,0.09,0,44,0.0
6674,1000030045466.0,Residential,0.016,0.028,0,47,0.0
6675,1000030046881.0,Residential,0.008,0.017,0,81,0.0
6676,1000030047003.0,Residential,0.079,0.193,0,67,0.0
6677,1000030045550.0,Residential,0.018,0.038,0,64,0.0
6678,1000030045557.0,Residential,0.137,0.286,0,45,0.0
6679,1000030045679.0,Residential,0.008,0.01,0,51,0.0
6680,1000030045533.0,Residential,0.007,0.017,0,68,0.0
6681,1000030045587.0,Residential,0.095,0.247,0,52,0.0
6682,1000030045923.0,Residential,0.051,0.074,0,190,0.0
6683,1000030045613.0,Residential,0.035,0.037,0,57,0.0
6684,1000030046965.0,Residential,0.043,0.1,0,86,0.0
6685,1000030045789.0,Residential,0.002,0.003,0,26,0.0
6686,1000030046880.0,Residential,0.013,0.028,0,76,0.0
6687,1000030047085.0,Residential,0.412,0.454,1,5,24624.0
6688,1000030045534.0,Residential,0.009,0.018,0,45,0.0
6689,1000030045572.0,Residential,0.007,0.016,0,49,0.0
6690,1000030045451.0,Residential,0.087,0.184,0,45,0.0
6691,1000030045407.0,Residential,0.02,0.046,0,47,0.0
6692,1000030045439.0,Residential,0.029,0.074,0,47,0.0
6693,1000030045784.0,Residential,0.002,0.003,0,7,0.0
6694,1000030046963.0,Residential,0.046,0.104,0,90,0.0
6695,1000030045455.0,Residential,0.028,0.078,0,63,0.0
6696,1000030045403.0,Residential,0.008,0.015,0,49,0.0
6697,1000030045418.0,Residential,0.007,0.009,0,89,0.0
6698,1000030045421.0,Residential,0.092,0.204,0,49,0.0
6699,1000030045512.0,Residential,0.045,0.102,0,49,0.0
6700,1000030045669.0,Residential,0.02,0.048,0,51,0.0
6701,1000030046942.0,Residential,0.012,0.032,0,64,0.0
6702,1000030045809.0,Residential,0.236,0.242,0,4,0.0
6703,1000030045497.0,Residential,0.039,0.086,0,63,0.0
6704,1000030045404.0,Residential,0.009,0.018,0,50,0.0
6705,1000030045424.0,Residential,0.072,0.193,0,65,0.0
6706,1000030045530.0,Residential,0.015,0.033,0,48,0.0
6707,1000030045425.0,Residential,0.107,0.195,0,47,0.0
6708,1000030045616.0,Residential,0.01,0.02,0,49,0.0
6709,1000030046964.0,Residential,0.037,0.091,0,43,0.0
6710,1000030045529.0,Residential,0.014,0.025,0,51,0.0
6711,1000030045549.0,Residential,0.012,0.026,0,56,0.0
6712,1000030045395.0,Residential,0.048,0.085,0,51,0.0
6713,1000030045346.0,Residential,0.243,0.563,1,54,24624.0
6714,1000030045622.0,Residential,0.023,0.074,0,66,0.0
6715,1000030045420.0,Residential,0.049,0.108,0,48,0.0
6716,1000030045452.0,Residential,0.095,0.206,0,49,0.0
6717,1000030047093.0,Residential,0.004,0.005,0,6,0.0
6718,1000030045538.0,Residential,0.033,0.101,0,65,0.0
6719,1000030045667.0,Residential,0.004,0.005,0,67,0.0
6720,1000030045618.0,Residential,0.009,0.015,0,46,0.0
6721,1000030045377.0,Residential,0.066,0.179,0,51,0.0
6722,1000030046991.0,Residential,0.008,0.019,0,41,0.0
6723,1000030045401.0,Residential,0.018,0.041,0,51,0.0
6724,1000030045790.0,Residential,0.679,0.915,1,13,30153.0
6725,1000030046997.0,Residential,0.177,0.33,1,65,24624.0
6726,1000030045544.0,Residential,0.006,0.015,0,65,0.0
6727,1000030045435.0,Residential,0.009,0.024,0,45,0.0
6728,1000030045509.0,Residential,0.023,0.031,0,47,0.0
6729,1000030045586.0,Residential,0.056,0.187,0,53,0.0
6730,1000030045804.0,Residential,0.001,0.001,0,4,0.0
6731,1000030045922.0,Residential,0.203,0.459,1,7,24624.0
6732,1000030045396.0,Residential,0.037,0.071,0,48,0.0
6733,1000030047021.0,Residential,0.034,0.077,0,51,0.0
6734,1000030047022.0,Residential,0.088,0.204,0,51,0.0
6735,1000030045594.0,Residential,0.021,0.057,0,47,0.0
6736,1000030045664.0,Residential,0.007,0.015,0,67,0.0
6737,1000030047087.0,Residential,0.167,0.285,0,5,0.0
6738,1000030045542.0,Residential,0.047,0.148,0,68,0.0
6739,1000030045659.0,Residential,0.006,0.008,0,56,0.0
6740,1000030046956.0,Residential,0.018,0.043,0,44,0.0
6741,1000030045560.0,Residential,0.015,0.039,0,50,0.0
6742,1000030045504.0,Residential,0.097,0.252,0,50,0.0
6743,1000030046948.0,Residential,0.044,0.116,0,46,0.0
6744,1000030045464.0,Residential,0.122,0.346,1,65,24624.0
6745,1000030045353.0,Residential,0.225,0.552,1,56,24624.0
6746,1000030045508.0,Residential,0.025,0.036,0,51,0.0
6747,1000030045390.0,Residential,0.037,0.092,0,46,0.0
6748,1000030045649.0,Residential,0.013,0.03,0,49,0.0
6749,1000030045399.0,Residential,0.015,0.032,0,51,0.0
6750,1000030045465.0,Residential,0.013,0.028,0,48,0.0
6751,1000030045489.0,Residential,0.04,0.109,0,60,0.0
6752,1000030045491.0,Residential,0.018,0.051,0,69,0.0
6753,5000005207582419.0,Residential,0.01,0.022,0,19,0.0
6754,1000030045505.0,Residential,0.148,0.259,0,50,0.0
6755,1000030045412.0,Residential,0.002,0.003,0,47,0.0
6756,1000030045606.0,Residential,0.071,0.199,0,65,0.0
6757,1000030045552.0,Residential,0.01,0.021,0,66,0.0
6758,1000030045498.0,Residential,0.048,0.114,0,64,0.0
6759,5000005207584953.0,Residential,0.015,0.033,0,47,0.0
6760,1000030045619.0,Residential,0.133,0.423,1,875,24624.0
6761,1000030045461.0,Residential,0.18,0.492,1,63,24624.0
6762,1000030045647.0,Residential,0.002,0.003,0,46,0.0
6763,1000030047009.0,Residential,0.032,0.077,0,45,0.0
6764,1000030045398.0,Residential,0.015,0.036,0,46,0.0
6765,1000030045349.0,Residential,0.172,0.397,1,55,24624.0
6766,1000030047027.0,Residential,0.056,0.144,0,62,0.0
6767,1000030045482.0,Residential,0.028,0.054,0,43,0.0
6768,1000030045467.0,Residential,0.01,0.019,0,48,0.0
6769,1000030046954.0,Residential,0.146,0.294,0,48,0.0
6770,1000030047025.0,Residential,0.04,0.121,0,62,0.0
6771,1000030045561.0,Residential,0.017,0.043,0,45,0.0
6772,1000030045541.0,Residential,0.042,0.098,0,63,0.0
6773,1000030045617.0,Residential,0.01,0.019,0,45,0.0
6774,1000030045627.0,Residential,0.019,0.039,0,69,0.0
6775,1000030045521.0,Residential,0.006,0.013,0,44,0.0
6776,1000030045810.0,Residential,0.593,0.691,1,1,27210.0
6777,1000030045568.0,Residential,0.12,0.214,0,48,0.0
6778,1000030047090.0,Residential,0.002,0.003,0,5,0.0
6779,1000030045535.0,Residential,0.021,0.049,0,51,0.0
6780,1000030045674.0,Residential,0.008,0.015,0,58,0.0
6781,1000030045354.0,Residential,0.324,0.794,1,54,27210.0
6782,1000030045781.0,Residential,0.002,0.002,0,5,0.0
6783,1000030045562.0,Residential,0.107,0.299,0,59,0.0
6784,1000030045499.0,Residential,0.047,0.107,0,66,0.0
6785,1000030045496.0,Residential,0.055,0.119,0,72,0.0
6786,1000030046958.0,Residential,0.016,0.036,0,51,0.0
6787,1000030045393.0,Residential,0.05,0.1,0,51,0.0
6788,1000030046961.0,Residential,0.016,0.026,0,50,0.0
6789,1000030047091.0,Residential,0.002,0.003,0,5,0.0
6790,1000002310192128.0,Residential,0.011,0.025,0,38,0.0
6791,1000030045515.0,Residential,0.038,0.082,0,49,0.0
6792,1000030045607.0,Residential,0.119,0.255,0,65,0.0
6793,1000030045927.0,Residential,0.032,0.092,0,66,0.0
6794,5000005207584910.0,Residential,0.024,0.049,0,48,0.0
6795,1000030045657.0,Residential,0.056,0.116,0,46,0.0
6796,1000030046957.0,Residential,0.011,0.026,0,46,0.0
6797,1000030045348.0,Residential,0.297,0.594,1,54,24624.0
6798,1000030045559.0,Residential,0.083,0.164,0,46,0.0
6799,1000030045569.0,Residential,0.118,0.214,0,49,0.0
6800,1000030045629.0,Residential,0.023,0.065,0,50,0.0
6801,1000030045796.0,Residential,0.157,0.222,0,18,0.0
6802,1000030047012.0,Residential,0.05,0.103,0,44,0.0
6803,1000030045646.0,Residential,0.002,0.003,0,47,0.0
6804,1000030045554.0,Residential,0.004,0.007,0,63,0.0
6805,1000030045671.0,Residential,0.012,0.019,0,48,0.0
6806,1000030047030.0,Residential,0.037,0.09,0,51,0.0
6807,1000030045447.0,Residential,0.053,0.155,0,50,0.0
6808,1000030045548.0,Residential,0.011,0.024,0,52,0.0
6809,1000030045592.0,Residential,0.021,0.035,0,46,0.0
6810,1000030045639.0,Residential,0.01,0.024,0,52,0.0
6811,1000030045675.0,Residential,0.007,0.014,0,46,0.0
6812,1000030045507.0,Residential,0.116,0.241,0,49,0.0
6813,1000030045570.0,Residential,0.122,0.234,0,55,0.0
6814,1000030046960.0,Residential,0.008,0.016,0,53,0.0
6815,1000030045808.0,Residential,0.243,0.258,0,3,0.0
6816,1000030045493.0,Residential,0.022,0.055,0,69,0.0
6817,1000030045442.0,Residential,0.033,0.075,0,46,0.0
6818,1000030045532.0,Residential,0.008,0.016,0,51,0.0
6819,1000002310192133.0,Residential,0.004,0.005,0,110,0.0
6820,1000030045490.0,Residential,0.036,0.075,0,64,0.0
6821,1000030045539.0,Residential,0.032,0.083,0,65,0.0
6822,1000030046998.0,Residential,0.135,0.416,1,133,24624.0
6823,1000030045588.0,Residential,0.119,0.244,0,46,0.0
6824,1000030046951.0,Residential,0.009,0.018,0,48,0.0
6825,1000030046953.0,Residential,0.102,0.259,0,55,0.0
6826,1000030045460.0,Residential,0.107,0.278,0,62,0.0
6827,1000030047029.0,Residential,0.012,0.034,0,52,0.0
6828,1000030045609.0,Residential,0.097,0.2,0,67,0.0
6829,1000030045611.0,Residential,0.027,0.052,0,65,0.0
6830,1000030045481.0,Residential,0.05,0.078,0,51,0.0
6831,1000030045637.0,Residential,0.009,0.015,0,63,0.0
6832,1000030045805.0,Residential,0.003,0.004,0,4,0.0
6833,1000030045488.0,Residential,0.086,0.126,0,65,0.0
6834,1000030045513.0,Residential,0.031,0.061,0,58,0.0
6835,1000030045545.0,Residential,0.008,0.015,0,46,0.0
6836,5000005207583583.0,Residential,0.03,0.078,0,45,0.0
6837,1000030045492.0,Residential,0.023,0.048,0,65,0.0
6838,1000030045615.0,Residential,0.007,0.011,0,48,0.0
6839,1000030045672.0,Residential,0.008,0.014,0,48,0.0
6840,1000030046939.0,Residential,0.023,0.054,0,61,0.0
6841,1000030047097.0,Residential,0.037,0.1,0,74,0.0
6842,1000030045806.0,Residential,0.003,0.004,0,4,0.0
6843,1000030045791.0,Residential,0.464,0.833,1,7,27210.0
6844,5000005207583661.0,Residential,0.006,0.011,0,46,0.0
6845,1000030045578.0,Residential,0.008,0.013,0,49,0.0
6846,1000030045531.0,Residential,0.011,0.019,0,53,0.0
6847,1000030045343.0,Residential,0.087,0.163,0,156,0.0
6848,1000030045372.0,Residential,0.049,0.1,0,48,0.0
6849,1000030045383.0,Residential,0.005,0.007,0,50,0.0
6850,1000030045625.0,Residential,0.068,0.143,0,49,0.0
6851,1000030045626.0,Residential,0.031,0.09,0,50,0.0
6852,1000030045635.0,Residential,0.005,0.006,0,65,0.0
6853,1000030045636.0,Residential,0.011,0.019,0,66,0.0
6854,1000030047015.0,Residential,0.004,0.006,0,45,0.0
6855,1000030045536.0,Residential,0.038,0.084,0,51,0.0
6856,1000030045430.0,Residential,0.063,0.13,0,47,0.0
6857,1000030045556.0,Residential,0.089,0.148,0,57,0.0
6858,1000030045782.0,Residential,0.356,0.64,1,20,27210.0
6859,1000030045577.0,Residential,0.024,0.061,0,46,0.0
6860,1000030045388.0,Residential,0.053,0.143,0,46,0.0
6861,1000030045597.0,Residential,0.038,0.085,0,47,0.0
6862,1000030045604.0,Residential,0.092,0.186,0,45,0.0
6863,1000030045663.0,Residential,0.007,0.016,0,66,0.0
6864,1000030045783.0,Residential,0.674,0.704,1,4,27210.0
6865,1000030047017.0,Residential,0.006,0.009,0,46,0.0
6866,1000030045510.0,Residential,0.03,0.043,0,47,0.0
6867,1000030046945.0,Residential,0.064,0.175,0,47,0.0
6868,1000030045384.0,Residential,0.004,0.007,0,56,0.0
6869,1000030045443.0,Residential,0.037,0.082,0,52,0.0
6870,1000030045485.0,Residential,0.025,0.062,0,49,0.0
6871,1000030045632.0,Residential,0.005,0.011,0,63,0.0
6872,1000030047095.0,Residential,0.054,0.134,0,61,0.0
6873,1000030045414.0,Residential,0.012,0.023,0,52,0.0
6874,5000005207582552.0,Residential,0.008,0.018,0,19,0.0
6875,1000030045662.0,Residential,0.01,0.019,0,67,0.0
6876,1000030045436.0,Residential,0.019,0.038,0,46,0.0
6877,1000030045391.0,Residential,0.03,0.074,0,47,0.0
6878,1000030045514.0,Residential,0.013,0.018,0,46,0.0
6879,1000030046944.0,Residential,0.074,0.154,0,48,0.0
6880,1000030045386.0,Residential,0.01,0.028,0,53,0.0
6881,1000030045410.0,Residential,0.05,0.199,0,49,0.0
6882,1000030045426.0,Residential,0.122,0.221,0,46,0.0
6883,1000030046935.0,Residential,0.005,0.008,0,65,0.0
6884,1000030047016.0,Residential,0.007,0.014,0,52,0.0
6885,1000030045462.0,Residential,0.153,0.454,1,63,24624.0
6886,1000030045422.0,Residential,0.12,0.247,0,49,0.0
6887,1000030045803.0,Residential,0.001,0.001,0,4,0.0
6888,1000030045456.0,Residential,0.034,0.098,0,65,0.0
6889,1000030045458.0,Residential,0.058,0.115,0,64,0.0
6890,1000030045350.0,Residential,0.326,1.009,1,53,30153.0
6891,1000030045402.0,Residential,0.016,0.032,0,51,0.0
6892,1000030045600.0,Residential,0.087,0.334,0,45,0.0
6893,1000030045463.0,Residential,0.16,0.4,1,66,24624.0
6894,1000030045449.0,Residential,0.06,0.11,0,46,0.0
6895,1000030045925.0,Residential,0.026,0.067,0,141,0.0
6896,1000002310192132.0,Residential,0.005,0.008,0,111,0.0
6897,1000030045479.0,Residential,0.029,0.067,0,50,0.0
6898,1000030045655.0,Residential,0.024,0.056,0,48,0.0
6899,1000030047005.0,Residential,0.033,0.045,0,53,0.0
6900,1000030047089.0,Residential,0.002,0.003,0,4,0.0
6901,5000005207582331.0,Residential,0.001,0.002,0,4,0.0
6902,1000030047011.0,Residential,0.053,0.108,0,45,0.0
6903,5000005207582364.0,Residential,0.025,0.051,0,48,0.0
6904,1000030045661.0,Residential,0.006,0.008,0,67,0.0
6905,1000030046966.0,Residential,0.07,0.139,0,88,0.0
6906,1000030047035.0,Residential,0.085,0.384,0,853,0.0
6907,1000030047006.0,Residential,0.014,0.037,0,56,0.0
6908,1000030045352.0,Residential,0.476,0.863,1,52,27210.0
6909,1000030045555.0,Residential,0.07,0.133,0,56,0.0
6910,1000030045487.0,Residential,0.085,0.143,0,51,0.0
6911,1000030045483.0,Residential,0.021,0.042,0,53,0.0
6912,1000030045798.0,Residential,0.025,0.045,0,18,0.0
6913,1000030045416.0,Residential,0.014,0.033,0,72,0.0
6914,1000030045477.0,Residential,0.033,0.095,0,75,0.0
6915,1000030045590.0,Residential,0.012,0.032,0,47,0.0
6916,1000030045656.0,Residential,0.043,0.109,0,47,0.0
6917,1000030046967.0,Residential,0.128,0.183,0,21,0.0
6918,1000030046990.0,Residential,0.012,0.031,0,45,0.0
6919,1000030045409.0,Residential,0.011,0.024,0,45,0.0
6920,1000030045375.0,Residential,0.023,0.042,0,52,0.0
6921,1000030045394.0,Residential,0.032,0.071,0,51,0.0
6922,1000030045400.0,Residential,0.013,0.025,0,50,0.0
6923,1000030045794.0,Residential,0.014,0.032,0,19,0.0
6924,1000030045376.0,Residential,0.057,0.139,0,51,0.0
6925,1000030045676.0,Residential,0.009,0.018,0,44,0.0
6926,1000030046962.0,Residential,0.014,0.032,0,49,0.0
6927,1000030045553.0,Residential,0.006,0.01,0,65,0.0
6928,1000030045797.0,Residential,0.055,0.111,0,18,0.0
6929,5000005207585674.0,Residential,0.011,0.024,0,7,0.0
6930,1000030045427.0,Residential,0.082,0.223,0,44,0.0
6931,1000030045355.0,Residential,0.087,0.146,0,55,0.0
6932,1000030045605.0,Residential,0.023,0.036,0,66,0.0
6933,5000005207585557.0,Residential,0.011,0.028,0,4,0.0
6934,1000030045441.0,Residential,0.022,0.042,0,47,0.0
6935,1000030045673.0,Residential,0.012,0.015,0,46,0.0
6936,1000030047007.0,Residential,0.059,0.172,0,48,0.0
6937,1000030047114.0,Residential,0.046,0.143,0,45,0.0
6938,1000030045551.0,Residential,0.014,0.03,0,67,0.0
6939,1000030045786.0,Residential,0.026,0.035,0,7,0.0
6940,1000030045453.0,Residential,0.101,0.252,0,47,0.0
6941,1000030045603.0,Residential,0.126,0.261,0,46,0.0
6942,1000030046955.0,Residential,0.058,0.159,0,49,0.0
6943,1000030045566.0,Residential,0.089,0.22,0,47,0.0
6944,1000030046949.0,Residential,0.037,0.08,0,49,0.0
6945,1000030045628.0,Residential,0.015,0.035,0,48,0.0
6946,1000030045634.0,Residential,0.015,0.036,0,64,0.0
6947,1000030045644.0,Residential,0.024,0.014,0,57,0.0
6948,1000030045432.0,Residential,0.049,0.099,0,46,0.0
6949,1000030045371.0,Residential,0.018,0.063,0,48,0.0
6950,1000030045373.0,Residential,0.041,0.094,0,49,0.0
6951,1000030045648.0,Residential,0.003,0.006,0,47,0.0
6952,1000030045565.0,Residential,0.085,0.215,0,49,0.0
6953,1000030046950.0,Residential,0.04,0.099,0,51,0.0
6954,1000030047088.0,Residential,0.007,0.007,0,5,0.0
6955,1000030045807.0,Residential,0.118,0.197,0,2,0.0
6956,5000005207583492.0,Residential,0.024,0.046,0,45,0.0
6957,1000030045645.0,Residential,0.013,0.029,0,57,0.0
6958,1000030047020.0,Residential,0.033,0.077,0,52,0.0
6959,1000030047032.0,Residential,0.069,0.156,0,49,0.0
6960,1000030045347.0,Residential,0.255,0.576,1,53,24624.0
6961,1000030045495.0,Residential,0.055,0.103,0,50,0.0
6962,1000030045623.0,Residential,0.028,0.061,0,52,0.0
6963,5000005207582290.0,Residential,0.009,0.018,0,46,0.0
6964,1000030045633.0,Residential,0.019,0.046,0,67,0.0
6965,1000030046936.0,Residential,0.007,0.015,0,63,0.0
6966,1000030046995.0,Residential,0.067,0.134,0,41,0.0
6967,1000030045596.0,Residential,0.028,0.067,0,69,0.0
6968,1000030045543.0,Residential,0.103,0.2,0,61,0.0
6969,1000030045654.0,Residential,0.014,0.027,0,51,0.0
6970,1000030046959.0,Residential,0.016,0.033,0,50,0.0
6971,1000030045370.0,Residential,0.052,0.123,0,50,0.0
6972,1000030045378.0,Residential,0.057,0.18,0,48,0.0
6973,1000030045389.0,Residential,0.045,0.131,0,43,0.0
6974,1000030047001.0,Residential,0.121,0.296,0,68,0.0
6975,1000030045503.0,Residential,0.121,0.189,0,67,0.0
6976,1000030045780.0,Residential,0.05,0.074,0,18,0.0
6977,1000030047096.0,Residential,0.066,0.114,0,76,0.0
6978,1000030045640.0,Residential,0.01,0.024,0,51,0.0
6979,1000030045621.0,Residential,0.023,0.058,0,67,0.0
6980,1000030047010.0,Residential,0.035,0.079,0,45,0.0
6981,1000030047008.0,Residential,0.038,0.094,0,63,0.0
6982,1000030046943.0,Residential,0.014,0.025,0,65,0.0
6983,1000030045413.0,Residential,0.017,0.043,0,54,0.0
6984,1000030045802.0,Residential,0.005,0.01,0,2,0.0
6985,1000030045457.0,Residential,0.073,0.112,0,65,0.0
6986,1000030045787.0,Residential,0.595,0.601,1,19,27210.0
6987,1000030046993.0,Residential,0.017,0.034,0,40,0.0
6988,1000030045926.0,Residential,0.02,0.027,0,68,0.0
6989,1000030045593.0,Residential,0.02,0.042,0,48,0.0
6990,1000030045642.0,Residential,0.007,0.012,0,45,0.0
6991,1000030045408.0,Residential,0.013,0.034,0,49,0.0
6992,1000030045374.0,Residential,0.022,0.043,0,70,0.0
6993,1000030045446.0,Residential,0.081,0.218,0,52,0.0
6994,1000030045537.0,Residential,0.019,0.059,0,64,0.0
6995,1000030045793.0,Residential,0.048,0.112,0,7,0.0
6996,1000030045411.0,Residential,0.028,0.052,0,51,0.0
6997,1000030045351.0,Residential,0.457,0.942,1,48,30153.0
6998,1000030046947.0,Residential,0.014,0.028,0,47,0.0
6999,1000030047026.0,Residential,0.082,0.188,0,65,0.0
7000,1000030045631.0,Residential,0.004,0.007,0,65,0.0
7001,1000030047109.0,Residential,0.041,0.123,0,169,0.0
7002,1000030045589.0,Residential,0.082,0.22,0,43,0.0
7003,1000030045591.0,Residential,0.014,0.031,0,46,0.0
7004,1000030045369.0,Residential,0.078,0.162,0,46,0.0
7005,1000030045650.0,Residential,0.008,0.011,0,47,0.0
7006,1000030046946.0,Residential,0.012,0.026,0,45,0.0
7007,1000030045423.0,Residential,0.101,0.247,0,67,0.0
7008,1000030045494.0,Residential,0.032,0.093,0,48,0.0
7009,1000030045653.0,Residential,0.013,0.023,0,54,0.0
7010,1000002310192130.0,Residential,0.003,0.005,0,111,0.0
7011,1000030045450.0,Residential,0.045,0.111,0,49,0.0
7012,1000030045795.0,Residential,0.056,0.093,0,18,0.0
7013,1000030045610.0,Residential,0.046,0.134,0,64,0.0
7014,1000030045345.0,Residential,0.224,0.667,1,51,27210.0
7015,1000030045680.0,Residential,0.009,0.017,0,53,0.0
7016,1000030047023.0,Residential,0.043,0.087,0,53,0.0
7017,1000030047028.0,Residential,0.036,0.086,0,69,0.0
7018,1000030045419.0,Residential,0.046,0.107,0,50,0.0
7019,1000030045431.0,Residential,0.062,0.13,0,47,0.0
7020,1000030045547.0,Residential,0.011,0.021,0,47,0.0
7021,1000030045660.0,Residential,0.005,0.006,0,66,0.0
7022,1000030047094.0,Residential,0.068,0.15,0,61,0.0
7023,1000030045511.0,Residential,0.041,0.087,0,48,0.0
7024,1000030045379.0,Residential,0.031,0.06,0,50,0.0
7025,1000030045788.0,Residential,,,,8,52632.0
7026,1000030045448.0,Residential,0.078,0.19,0,53,0.0
7027,1000030047031.0,Residential,0.038,0.09,0,51,0.0
7028,1000030045564.0,Residential,0.092,0.177,0,54,0.0
7029,1000030045438.0,Residential,0.035,0.074,0,45,0.0
7030,1000030045668.0,Residential,0.013,0.024,0,46,0.0
7031,1000030045406.0,Residential,0.012,0.028,0,77,0.0
7032,1000030045666.0,Residential,0.005,0.01,0,62,0.0
7033,1000030045342.0,Residential,0.04,0.114,0,152,0.0
7034,1000030045397.0,Residential,0.022,0.037,0,49,0.0
7035,1000030045434.0,Residential,0.002,0.002,0,72,0.0
7036,1000030045440.0,Residential,0.015,0.037,0,46,0.0
7037,1000030046940.0,Residential,0.038,0.098,0,61,0.0
7038,1000030045484.0,Residential,0.019,0.047,0,50,0.0
7039,1000030045652.0,Residential,0.02,0.03,0,54,0.0
7040,1000030045665.0,Residential,0.005,0.009,0,63,0.0
7041,1000030047086.0,Residential,0.359,0.405,1,4,24624.0
7042,1000030045573.0,Residential,0.03,0.079,0,47,0.0
7043,1000030045778.0,Residential,0.002,0.002,0,4,0.0
7044,1000030045392.0,Residential,0.039,0.1,0,49,0.0
7045,1000030045602.0,Residential,0.098,0.261,0,48,0.0
7046,1000030045576.0,Residential,0.074,0.162,0,53,0.0
7047,1000030045924.0,Residential,0.087,0.265,0,126,0.0
7048,1000030047024.0,Residential,0.015,0.024,0,68,0.0
7049,1000030047002.0,Residential,0.091,0.268,0,59,0.0
7050,1000030045928.0,Residential,0.158,0.291,0,59,0.0
7051,1000030045614.0,Residential,0.039,0.099,0,52,0.0
7052,1000002310192131.0,Residential,0.003,0.005,0,112,0.0
7053,1000030045433.0,Residential,0.009,0.023,0,51,0.0
7054,1000030047092.0,Residential,0.001,0.002,0,3,0.0
7055,1000030045478.0,Residential,0.034,0.084,0,47,0.0
7056,1000030045641.0,Residential,0.006,0.01,0,51,0.0
7057,1000030045417.0,Residential,0.002,0.004,0,89,0.0
7058,1000030045506.0,Residential,0.176,0.269,0,49,0.0
7059,1000030047013.0,Residential,0.067,0.108,0,44,0.0
7060,1000030047018.0,Residential,0.01,0.016,0,48,0.0
7061,1000030045598.0,Residential,0.034,0.072,0,47,0.0
7062,1000030045792.0,Residential,0.005,0.005,0,6,0.0
7063,1000030045428.0,Residential,0.078,0.185,0,51,0.0
7064,1000030045415.0,Residential,0.007,0.017,0,54,0.0
7065,1000030045480.0,Residential,0.028,0.059,0,50,0.0
7066,1000030046937.0,Residential,0.004,0.008,0,63,0.0
7067,1000030045567.0,Residential,0.388,0.697,1,51,27210.0
7068,1000030046992.0,Residential,0.008,0.02,0,39,0.0
7069,1000030047033.0,Residential,0.08,0.168,0,51,0.0
7070,1000030045678.0,Residential,0.008,0.011,0,46,0.0
7071,1000030047004.0,Residential,0.07,0.167,0,62,0.0
7072,1000030045454.0,Residential,0.112,0.216,0,73,0.0
7073,1000030045405.0,Residential,0.009,0.014,0,48,0.0
7074,1000030045608.0,Residential,0.086,0.2,0,68,0.0
7075,1000030047034.0,Residential,0.052,0.132,0,53,0.0
7076,1000030045459.0,Residential,0.049,0.106,0,65,0.0
7077,1000030045558.0,Residential,0.077,0.253,0,52,0.0
7078,1000030045677.0,Residential,0.01,0.016,0,45,0.0
7079,1000030047000.0,Residential,0.154,0.344,1,63,24624.0
7080,1000030045486.0,Residential,0.045,0.11,0,47,0.0
7081,1000030045429.0,Residential,0.062,0.135,0,51,0.0
7082,5000005207582281.0,Residential,0.007,0.009,0,45,0.0
7083,1000030045612.0,Residential,0.029,0.049,0,65,0.0
7084,1000030045620.0,Residential,0.023,0.056,0,64,0.0
7085,1000030045658.0,Residential,0.031,0.075,0,47,0.0
7086,1000030045445.0,Residential,0.076,0.201,0,47,0.0
7087,1000030045601.0,Residential,0.116,0.342,1,49,24624.0
7088,1000030046988.0,Residential,0.013,0.036,0,47,0.0
7089,1000030045563.0,Residential,0.18,0.578,1,161,24624.0
7090,1000030046879.0,Residential,0.019,0.041,0,80,0.0
7091,1000030045574.0,Residential,0.048,0.096,0,47,0.0
7092,1000030046938.0,Residential,0.018,0.045,0,65,0.0
7093,1000030045546.0,Residential,0.008,0.014,0,47,0.0
7094,1000030045571.0,Residential,0.085,0.235,0,46,0.0
7095,1000030045638.0,Residential,0.016,0.03,0,48,0.0
7096,1000030047131.0,Residential,0.045,0.106,0,17,0.0
7097,1000030047408.0,Residential,0.006,0.008,0,14,0.0
7098,1000030047453.0,Residential,0.008,0.011,0,6,0.0
7099,1000030046862.0,Residential,0.093,0.27,0,436,0.0
7100,1000030047051.0,Residential,0.003,0.004,0,8,0.0
7101,1000030047501.0,Residential,0.008,0.015,0,2,0.0
7102,1000030047397.0,Residential,0.01,0.021,0,7,0.0
7103,1000030047433.0,Residential,0.014,0.034,0,46,0.0
7104,1000030047434.0,Residential,0.002,0.003,0,7,0.0
7105,1000030047450.0,Residential,0.002,0.003,0,49,0.0
7106,1000030047803.0,Residential,0.008,0.013,0,2,0.0
7107,1000030047786.0,Residential,0.004,0.005,0,2,0.0
7108,1000030045845.0,Residential,0.003,0.005,0,6,0.0
7109,1000030047478.0,Residential,0.006,0.01,0,2,0.0
7110,1000030047108.0,Residential,0.064,0.114,0,26,0.0
7111,1000030045828.0,Residential,0.017,0.021,0,14,0.0
7112,1000030047745.0,Residential,0.019,0.043,0,94,0.0
7113,1000030047513.0,Residential,0.007,0.013,0,48,0.0
7114,1000030045694.0,Residential,0.064,0.136,0,40,0.0
7115,1000030047394.0,Residential,,,,7,52632.0
7116,1000030047466.0,Residential,0.057,0.137,0,3,0.0
7117,1000030047483.0,Residential,0.038,0.078,0,6,0.0
7118,1000030047823.0,Residential,0.008,0.016,0,2,0.0
7119,1000030045844.0,Residential,0.003,0.003,0,5,0.0
7120,1000030046869.0,Residential,0.002,0.002,0,8,0.0
7121,1000030045713.0,Residential,0.044,0.047,0,59,0.0
7122,1000030046873.0,Residential,0.036,0.062,0,9,0.0
7123,1000030045699.0,Residential,0.055,0.138,0,41,0.0
7124,1000030045706.0,Residential,0.013,0.025,0,40,0.0
7125,1000030046872.0,Residential,0.018,0.042,0,58,0.0
7126,1000030047407.0,Residential,0.006,0.009,0,14,0.0
7127,1000030047438.0,Residential,0.24,0.328,1,38,24624.0
7128,1000030047465.0,Residential,0.005,0.007,0,2,0.0
7129,1000030047790.0,Residential,0.003,0.004,0,47,0.0
7130,1000030046868.0,Residential,0.002,0.002,0,2,0.0
7131,1000030047405.0,Residential,0.003,0.006,0,2,0.0
7132,1000030047762.0,Residential,0.03,0.058,0,50,0.0
7133,1000030047758.0,Residential,0.062,0.091,0,7,0.0
7134,1000030045865.0,Residential,0.002,0.003,0,3,0.0
7135,1000030047058.0,Residential,0.002,0.003,0,4,0.0
7136,1000030047521.0,Residential,0.018,0.028,0,2,0.0
7137,1000030045897.0,Residential,0.001,0.001,0,4,0.0
7138,1000030047508.0,Residential,0.003,0.003,0,7,0.0
7139,1000030047527.0,Residential,0.024,0.029,0,54,0.0
7140,1000030045686.0,Residential,0.005,0.014,0,223,0.0
7141,1000030047402.0,Residential,0.005,0.008,0,2,0.0
7142,1000030047499.0,Residential,0.013,0.02,0,2,0.0
7143,1000030047505.0,Residential,0.033,0.082,0,49,0.0
7144,1000030045867.0,Residential,0.002,0.003,0,4,0.0
7145,1000030047441.0,Residential,0.018,0.04,0,4,0.0
7146,1000030047525.0,Residential,0.021,0.06,0,49,0.0
7147,1000030047747.0,Residential,0.044,0.116,0,94,0.0
7148,1000030047807.0,Residential,0.002,0.003,0,48,0.0
7149,1000030047497.0,Residential,0.113,0.13,0,3,0.0
7150,1000030047784.0,Residential,0.005,0.007,0,2,0.0
7151,1000030045685.0,Residential,0.075,0.204,0,477,0.0
7152,1000030047767.0,Residential,0.01,0.014,0,2,0.0
7153,1000030047410.0,Residential,0.003,0.004,0,59,0.0
7154,1000030047469.0,Residential,0.049,0.161,0,60,0.0
7155,1000030047796.0,Residential,0.012,0.03,0,43,0.0
7156,1000030048814.0,Residential,0.004,0.005,0,110,0.0
7157,1000030047412.0,Residential,0.002,0.004,0,45,0.0
7158,1000030047560.0,Residential,0.031,0.074,0,58,0.0
7159,1000030045728.0,Residential,0.01,0.018,0,39,0.0
7160,1000030045914.0,Residential,0.002,0.002,0,3,0.0
7161,1000030047464.0,Residential,0.006,0.008,0,2,0.0
7162,1000030047498.0,Residential,0.013,0.02,0,2,0.0
7163,1000030045866.0,Residential,0.002,0.003,0,5,0.0
7164,5000005207584846.0,Residential,0.007,0.016,0,9,0.0
7165,1000030047046.0,Residential,0.002,0.003,0,7,0.0
7166,1000030047069.0,Residential,0.006,0.01,0,5,0.0
7167,1000030047398.0,Residential,0.008,0.016,0,47,0.0
7168,1000030047444.0,Residential,0.034,0.046,0,3,0.0
7169,1000030047827.0,Residential,0.069,0.084,0,101,0.0
7170,1000030047458.0,Residential,0.007,0.013,0,47,0.0
7171,1000030047509.0,Residential,0.002,0.003,0,7,0.0
7172,1000030047765.0,Residential,0.025,0.063,0,47,0.0
7173,1000030047818.0,Residential,0.011,0.016,0,49,0.0
7174,1000030046860.0,Residential,0.198,0.248,0,22,0.0
7175,1000030047406.0,Residential,0.022,0.04,0,13,0.0
7176,1000030047553.0,Residential,0.003,0.004,0,47,0.0
7177,1000030047760.0,Residential,0.003,0.004,0,2,0.0
7178,1000030047079.0,Residential,0.008,0.017,0,6,0.0
7179,1000030047759.0,Residential,0.028,0.078,0,43,0.0
7180,1000002310154250.0,Residential,0.024,0.058,0,50,0.0
7181,1000030045727.0,Residential,0.011,0.02,0,42,0.0
7182,1000030047078.0,Residential,0.009,0.015,0,6,0.0
7183,1000030047122.0,Residential,0.044,0.124,0,72,0.0
7184,1000030047455.0,Residential,0.002,0.003,0,7,0.0
7185,1000030047800.0,Residential,0.002,0.004,0,3,0.0
7186,1000030045842.0,Residential,0.242,0.295,0,28,0.0
7187,1000030046854.0,Residential,0.007,0.009,0,7,0.0
7188,1000030045736.0,Residential,0.077,0.189,0,40,0.0
7189,1000030047757.0,Residential,0.003,0.003,0,2,0.0
7190,1000030047816.0,Residential,0.009,0.014,0,49,0.0
7191,1000030045864.0,Residential,0.055,0.116,0,27,0.0
7192,1000030047798.0,Residential,0.003,0.005,0,3,0.0
7193,1000030047804.0,Residential,0.008,0.013,0,2,0.0
7194,1000030046875.0,Residential,0.022,0.04,0,381,0.0
7195,1000030045875.0,Residential,0.034,0.074,0,5,0.0
7196,1000030047773.0,Residential,0.004,0.005,0,50,0.0
7197,1000030045705.0,Residential,0.011,0.016,0,39,0.0
7198,1000030047564.0,Residential,0.003,0.004,0,8,0.0
7199,1000030047753.0,Residential,0.004,0.006,0,2,0.0
7200,1000030047814.0,Residential,0.002,0.002,0,7,0.0
7201,1000030047490.0,Residential,0.007,0.015,0,49,0.0
7202,1000030047500.0,Residential,0.008,0.016,0,2,0.0
7203,1000030045859.0,Residential,0.007,0.011,0,5,0.0
7204,1000030045857.0,Residential,0.138,0.206,0,21,0.0
7205,1000030045700.0,Residential,0.068,0.154,0,41,0.0
7206,1000030047047.0,Residential,0.019,0.047,0,6,0.0
7207,1000030047392.0,Residential,0.001,0.001,0,6,0.0
7208,5000005110801686.0,Residential,0.044,0.087,0,92,0.0
7209,1000030045882.0,Residential,0.003,0.003,0,4,0.0
7210,1000030047556.0,Residential,0.002,0.003,0,7,0.0
7211,1000030045873.0,Residential,0.002,0.002,0,5,0.0
7212,1000030047061.0,Residential,0.017,0.03,0,5,0.0
7213,1000030047435.0,Residential,0.008,0.016,0,49,0.0
7214,1000030047805.0,Residential,0.005,0.009,0,47,0.0
7215,1000030045849.0,Residential,0.002,0.002,0,5,0.0
7216,1000030047443.0,Residential,0.034,0.046,0,5,0.0
7217,1000030045856.0,Residential,0.045,0.076,0,24,0.0
7218,1000030045909.0,Residential,0.011,0.021,0,10,0.0
7219,1000030047145.0,Residential,0.004,0.006,0,50,0.0
7220,1000030047763.0,Residential,0.006,0.011,0,2,0.0
7221,1000030045682.0,Residential,0.007,0.01,0,442,0.0
7222,1000030045841.0,Residential,0.002,0.004,0,4,0.0
7223,1000030047396.0,Residential,0.016,0.026,0,8,0.0
7224,1000030047057.0,Residential,0.004,0.004,0,4,0.0
7225,1000030047476.0,Residential,0.004,0.006,0,2,0.0
7226,1000030045839.0,Residential,0.16,0.292,0,31,0.0
7227,1000030045906.0,Residential,0.009,0.014,0,5,0.0
7228,1000030047403.0,Residential,0.004,0.007,0,2,0.0
7229,1000030047427.0,Residential,0.004,0.006,0,2,0.0
7230,1000030047068.0,Residential,0.004,0.006,0,6,0.0
7231,1000030047793.0,Residential,0.003,0.004,0,8,0.0
7232,1000030045697.0,Residential,0.087,0.265,0,42,0.0
7233,1000030047430.0,Residential,0.007,0.01,0,7,0.0
7234,1000030047485.0,Residential,0.049,0.095,0,6,0.0
7235,1000030045688.0,Residential,0.089,0.198,0,372,0.0
7236,1000030046853.0,Residential,0.002,0.002,0,4,0.0
7237,1000030047431.0,Residential,0.008,0.018,0,47,0.0
7238,1000030047488.0,Residential,0.027,0.071,0,47,0.0
7239,5000005207582765.0,Residential,0.009,0.018,0,18,0.0
7240,1000030045868.0,Residential,0.003,0.003,0,5,0.0
7241,1000030048754.0,Residential,0.017,0.046,0,122,0.0
7242,5000005207582442.0,Residential,0.003,0.004,0,7,0.0
7243,1000030047428.0,Residential,0.004,0.005,0,2,0.0
7244,1000030045723.0,Residential,0.011,0.03,0,51,0.0
7245,5000005207582341.0,Residential,0.048,0.11,0,13,0.0
7246,1000030047468.0,Residential,0.034,0.114,0,58,0.0
7247,1000030047515.0,Residential,0.007,0.016,0,46,0.0
7248,1000030048770.0,Residential,0.068,0.166,0,17,0.0
7249,1000030045733.0,Residential,0.054,0.092,0,40,0.0
7250,1000030045689.0,Residential,0.109,0.277,0,364,0.0
7251,1000030045731.0,Residential,0.067,0.131,0,39,0.0
7252,1000030045693.0,Residential,0.02,0.058,0,40,0.0
7253,1000030047451.0,Residential,0.022,0.058,0,59,0.0
7254,1000030046876.0,Residential,0.031,0.045,0,39,0.0
7255,1000030047070.0,Residential,0.009,0.018,0,27,0.0
7256,1000030048761.0,Residential,0.027,0.068,0,116,0.0
7257,1000030047518.0,Residential,0.01,0.015,0,8,0.0
7258,1000030047395.0,Residential,,,,6,52632.0
7259,1000030047489.0,Residential,0.012,0.024,0,7,0.0
7260,1000030047768.0,Residential,0.012,0.016,0,6,0.0
7261,1000030045881.0,Residential,0.016,0.034,0,4,0.0
7262,1000030047452.0,Residential,0.016,0.033,0,50,0.0
7263,1000030045850.0,Residential,0.002,0.002,0,3,0.0
7264,1000030045855.0,Residential,0.004,0.005,0,9,0.0
7265,1000030047439.0,Residential,0.002,0.003,0,4,0.0
7266,1000030047783.0,Residential,0.026,0.051,0,2,0.0
7267,1000030045854.0,Residential,0.029,0.069,0,54,0.0
7268,1000030046861.0,Residential,0.002,0.002,0,3,0.0
7269,1000030047077.0,Residential,0.009,0.017,0,5,0.0
7270,1000030047103.0,Residential,0.009,0.027,0,31,0.0
7271,1000030046850.0,Residential,0.002,0.002,0,8,0.0
7272,1000030047130.0,Residential,0.012,0.028,0,509,0.0
7273,1000030045716.0,Residential,0.128,0.257,0,41,0.0
7274,1000030045905.0,Residential,0.003,0.005,0,7,0.0
7275,1000030047507.0,Residential,0.012,0.022,0,6,0.0
7276,1000030047081.0,Residential,0.024,0.052,0,3,0.0
7277,1000030047127.0,Residential,0.019,0.032,0,5,0.0
7278,1000030047801.0,Residential,0.005,0.007,0,3,0.0
7279,1000030045698.0,Residential,0.031,0.057,0,43,0.0
7280,5000005238841924.0,Residential,0.053,0.101,0,11,0.0
7281,1000030045718.0,Residential,0.012,0.02,0,41,0.0
7282,1000030046871.0,Residential,0.003,0.004,0,8,0.0
7283,1000030047411.0,Residential,0.002,0.003,0,50,0.0
7284,1000030047802.0,Residential,0.007,0.009,0,2,0.0
7285,1000030047812.0,Residential,0.005,0.011,0,13,0.0
7286,1000030047771.0,Residential,0.003,0.006,0,47,0.0
7287,1000030045692.0,Residential,0.028,0.065,0,41,0.0
7288,1000030045708.0,Residential,0.044,0.095,0,40,0.0
7289,1000030047059.0,Residential,0.01,0.024,0,16,0.0
7290,1000030045835.0,Residential,0.027,0.072,0,38,0.0
7291,1000030045837.0,Residential,0.05,0.068,0,24,0.0
7292,1000030045910.0,Residential,0.011,0.021,0,24,0.0
7293,1000030045683.0,Residential,0.016,0.035,0,208,0.0
7294,1000002310210279.0,Residential,0.031,0.078,0,43,0.0
7295,1000030047748.0,Residential,0.039,0.1,0,95,0.0
7296,1000030045681.0,Residential,0.031,0.11,0,392,0.0
7297,1000030045879.0,Residential,0.001,0.002,0,7,0.0
7298,1000030047132.0,Residential,0.154,0.258,0,2,0.0
7299,1000030047425.0,Residential,0.003,0.004,0,2,0.0
7300,1000030045863.0,Residential,0.025,0.047,0,4,0.0
7301,1000030047043.0,Residential,0.018,0.029,0,3,0.0
7302,1000030047749.0,Residential,0.007,0.014,0,45,0.0
7303,1000030047404.0,Residential,0.003,0.007,0,2,0.0
7304,1000030047511.0,Residential,0.002,0.002,0,7,0.0
7305,1000030047824.0,Residential,0.005,0.011,0,2,0.0
7306,1000030047486.0,Residential,0.038,0.094,0,53,0.0
7307,1000030047436.0,Residential,0.002,0.002,0,8,0.0
7308,1000030048763.0,Residential,0.002,0.003,0,13,0.0
7309,1000030045843.0,Residential,0.003,0.003,0,6,0.0
7310,1000030047492.0,Residential,0.003,0.005,0,3,0.0
7311,1000030045712.0,Residential,0.114,0.304,1,39,24624.0
7312,1000030047457.0,Residential,0.008,0.017,0,7,0.0
7313,1000030047491.0,Residential,0.004,0.005,0,2,0.0
7314,1000030047562.0,Residential,0.012,0.024,0,50,0.0
7315,1000030047495.0,Residential,0.004,0.005,0,2,0.0
7316,1000030047774.0,Residential,0.006,0.008,0,7,0.0
7317,1000030047820.0,Residential,0.011,0.019,0,45,0.0
7318,1000030046851.0,Residential,0.002,0.002,0,5,0.0
7319,1000030047454.0,Residential,0.003,0.004,0,7,0.0
7320,1000030047794.0,Residential,0.007,0.016,0,39,0.0
7321,1000030045907.0,Residential,0.14,0.39,1,14,24624.0
7322,1000030047769.0,Residential,0.007,0.01,0,66,0.0
7323,1000030047487.0,Residential,0.044,0.085,0,7,0.0
7324,1000030047494.0,Residential,0.003,0.004,0,2,0.0
7325,1000030047770.0,Residential,0.006,0.007,0,6,0.0
7326,1000030048736.0,Residential,0.011,0.016,0,119,0.0
7327,1000030045860.0,Residential,0.017,0.022,0,5,0.0
7328,1000030047522.0,Residential,0.016,0.03,0,2,0.0
7329,1000030047519.0,Residential,0.02,0.026,0,13,0.0
7330,1000030047561.0,Residential,0.002,0.003,0,59,0.0
7331,1000030047414.0,Residential,0.003,0.003,0,6,0.0
7332,1000030045858.0,Residential,0.002,0.003,0,5,0.0
7333,1000030047040.0,Residential,0.009,0.023,0,3,0.0
7334,1000030047504.0,Residential,0.022,0.064,0,51,0.0
7335,1000030047819.0,Residential,0.002,0.002,0,7,0.0
7336,1000030047044.0,Residential,0.013,0.031,0,362,0.0
7337,1000030047042.0,Residential,0.013,0.026,0,6,0.0
7338,5000005207582289.0,Residential,0.205,0.205,0,10,0.0
7339,1000030046856.0,Residential,0.09,0.245,0,6,0.0
7340,1000030045732.0,Residential,0.073,0.148,0,41,0.0
7341,1000030047751.0,Residential,0.079,0.116,0,6,0.0
7342,1000030047785.0,Residential,0.006,0.007,0,2,0.0
7343,1000030048771.0,Residential,0.071,0.171,0,50,0.0
7344,1000030047493.0,Residential,0.003,0.004,0,2,0.0
7345,1000030045730.0,Residential,0.023,0.042,0,40,0.0
7346,1000030047049.0,Residential,0.018,0.047,0,9,0.0
7347,1000030045840.0,Residential,0.002,0.002,0,4,0.0
7348,1000030046855.0,Residential,0.088,0.243,0,3,0.0
7349,1000030047393.0,Residential,0.003,0.004,0,7,0.0
7350,1000030047449.0,Residential,0.003,0.004,0,47,0.0
7351,1000030045714.0,Residential,0.023,0.073,0,40,0.0
7352,1000030045904.0,Residential,0.003,0.005,0,4,0.0
7353,1000030047799.0,Residential,0.004,0.005,0,3,0.0
7354,1000030045726.0,Residential,0.016,0.045,0,57,0.0
7355,1000030045908.0,Residential,0.165,0.266,0,28,0.0
7356,1000030045719.0,Residential,0.007,0.013,0,39,0.0
7357,1000030045715.0,Residential,0.052,0.133,0,39,0.0
7358,1000030046857.0,Residential,0.12,0.279,0,3,0.0
7359,1000030047563.0,Residential,0.012,0.021,0,8,0.0
7360,1000030047787.0,Residential,0.004,0.005,0,2,0.0
7361,1000030045703.0,Residential,0.034,0.08,0,43,0.0
7362,1000030047810.0,Residential,0.006,0.012,0,13,0.0
7363,1000030047072.0,Residential,0.098,0.357,0,612,0.0
7364,1000030045852.0,Residential,0.002,0.002,0,5,0.0
7365,1000030047475.0,Residential,0.025,0.073,0,57,0.0
7366,1000030047479.0,Residential,0.02,0.05,0,7,0.0
7367,1000030045735.0,Residential,0.103,0.19,0,40,0.0
7368,1000030046858.0,Residential,0.223,0.333,1,53,24624.0
7369,1000030045710.0,Residential,0.021,0.06,0,37,0.0
7370,1000030045902.0,Residential,0.002,0.003,0,4,0.0
7371,1000030047459.0,Residential,0.013,0.031,0,49,0.0
7372,1000030047764.0,Residential,0.06,0.064,0,7,0.0
7373,1000030047400.0,Residential,0.002,0.003,0,47,0.0
7374,1000030047496.0,Residential,0.004,0.005,0,2,0.0
7375,1000030045701.0,Residential,0.068,0.132,0,39,0.0
7376,1000030046863.0,Residential,0.261,0.306,1,6,24624.0
7377,1000030046865.0,Residential,0.004,0.004,0,365,0.0
7378,1000030047129.0,Residential,0.04,0.12,0,158,0.0
7379,1000030045827.0,Residential,0.018,0.023,0,14,0.0
7380,1000030046867.0,Residential,0.011,0.029,0,6,0.0
7381,1000030047134.0,Residential,0.043,0.145,0,108,0.0
7382,1000030045899.0,Residential,0.001,0.002,0,5,0.0
7383,1000030047401.0,Residential,0.002,0.003,0,48,0.0
7384,1000030047477.0,Residential,0.006,0.01,0,2,0.0
7385,1000030047797.0,Residential,0.002,0.003,0,8,0.0
7386,1000030047052.0,Residential,0.004,0.004,0,7,0.0
7387,1000030045729.0,Residential,0.008,0.016,0,40,0.0
7388,1000030047523.0,Residential,0.015,0.028,0,1,0.0
7389,1000030047777.0,Residential,0.018,0.046,0,45,0.0
7390,1000030045820.0,Residential,0.013,0.034,0,14,0.0
7391,1000030045847.0,Residential,0.218,0.232,0,5,0.0
7392,1000030047060.0,Residential,0.014,0.026,0,192,0.0
7393,1000030046866.0,Residential,0.012,0.03,0,3,0.0
7394,1000030047426.0,Residential,0.002,0.003,0,2,0.0
7395,1000030047822.0,Residential,0.002,0.002,0,2,0.0
7396,1000030045870.0,Residential,0.004,0.005,0,5,0.0
7397,1000030047445.0,Residential,0.004,0.006,0,2,0.0
7398,1000002310210282.0,Residential,0.021,0.05,0,32,0.0
7399,1000030047535.0,Residential,0.021,0.023,0,7,0.0
7400,1000030047437.0,Residential,0.111,0.312,1,481,24624.0
7401,1000030047502.0,Residential,0.003,0.004,0,48,0.0
7402,1000030047817.0,Residential,0.007,0.014,0,7,0.0
7403,1000030045903.0,Residential,0.002,0.003,0,4,0.0
7404,1000030047461.0,Residential,0.01,0.021,0,48,0.0
7405,1000030045878.0,Residential,0.002,0.002,0,8,0.0
7406,1000030045690.0,Residential,0.063,0.197,0,374,0.0
7407,1000030045898.0,Residential,0.003,0.003,0,2,0.0
7408,1000030047795.0,Residential,0.003,0.004,0,7,0.0
7409,1000030047409.0,Residential,0.004,0.005,0,48,0.0
7410,1000030047776.0,Residential,0.034,0.051,0,6,0.0
7411,1000030045853.0,Residential,0.002,0.002,0,5,0.0
7412,1000030045912.0,Residential,0.103,0.196,0,16,0.0
7413,1000030047815.0,Residential,0.002,0.003,0,7,0.0
7414,1000030048773.0,Residential,0.003,0.005,0,4,0.0
7415,1000030047386.0,Residential,0.002,0.004,0,53,0.0
7416,1000030047467.0,Residential,0.027,0.067,0,2,0.0
7417,1000030045724.0,Residential,0.007,0.013,0,50,0.0
7418,1000030047462.0,Residential,0.014,0.032,0,7,0.0
7419,1000030047792.0,Residential,0.003,0.004,0,44,0.0
7420,1000030045687.0,Residential,0.049,0.136,0,360,0.0
7421,1000030045851.0,Residential,0.002,0.002,0,6,0.0
7422,1000030045880.0,Residential,0.152,0.211,0,4,0.0
7423,1000030045901.0,Residential,0.005,0.01,0,5,0.0
7424,1000030047037.0,Residential,0.003,0.003,0,7,0.0
7425,1000030045838.0,Residential,0.003,0.004,0,4,0.0
7426,1000030047429.0,Residential,0.006,0.011,0,50,0.0
7427,1000030047460.0,Residential,0.016,0.035,0,7,0.0
7428,1000030047054.0,Residential,0.214,0.286,0,5,0.0
7429,1000030047083.0,Residential,0.015,0.04,0,3,0.0
7430,1000030047752.0,Residential,0.003,0.005,0,2,0.0
7431,1000030045717.0,Residential,0.088,0.253,0,41,0.0
7432,1000030047524.0,Residential,0.011,0.021,0,8,0.0
7433,1000030047552.0,Residential,0.043,0.116,0,57,0.0
7434,1000030047559.0,Residential,0.016,0.033,0,60,0.0
7435,1000030047062.0,Residential,0.003,0.003,0,4,0.0
7436,1000030047510.0,Residential,0.002,0.002,0,8,0.0
7437,1000030047082.0,Residential,0.018,0.046,0,6,0.0
7438,1000030047074.0,Residential,0.126,0.292,0,13,0.0
7439,1000030047480.0,Residential,0.014,0.035,0,49,0.0
7440,1000030045684.0,Residential,0.024,0.058,0,139,0.0
7441,1000030047123.0,Residential,0.168,0.211,0,4,0.0
7442,1000030045836.0,Residential,0.002,0.003,0,11,0.0
7443,1000030047055.0,Residential,0.032,0.069,0,242,0.0
7444,1000030047399.0,Residential,0.008,0.021,0,55,0.0
7445,1000030047041.0,Residential,0.009,0.023,0,3,0.0
7446,1000030047456.0,Residential,0.003,0.003,0,7,0.0
7447,1000030047828.0,Residential,0.056,0.149,0,69,0.0
7448,1000030047080.0,Residential,0.002,0.004,0,6,0.0
7449,1000030047446.0,Residential,0.004,0.006,0,2,0.0
7450,1000030047781.0,Residential,0.013,0.028,0,47,0.0
7451,1000030045862.0,Residential,0.037,0.054,0,6,0.0
7452,1000030047126.0,Residential,0.012,0.023,0,3,0.0
7453,1000030047503.0,Residential,0.002,0.002,0,47,0.0
7454,1000030047775.0,Residential,0.009,0.021,0,48,0.0
7455,1000030045821.0,Residential,0.013,0.031,0,15,0.0
7456,1000030045702.0,Residential,0.036,0.09,0,41,0.0
7457,1000030047516.0,Residential,0.003,0.004,0,7,0.0
7458,1000030047780.0,Residential,0.022,0.046,0,6,0.0
7459,1000030045825.0,Residential,0.019,0.026,0,14,0.0
7460,1000030045846.0,Residential,0.002,0.003,0,2,0.0
7461,1000030045861.0,Residential,0.085,0.202,0,5,0.0
7462,1000030046848.0,Residential,0.2,0.326,1,22,24624.0
7463,1000030048764.0,Residential,0.002,0.003,0,13,0.0
7464,1000030047432.0,Residential,0.002,0.002,0,8,0.0
7465,1000030047526.0,Residential,0.007,0.012,0,2,0.0
7466,1000030046864.0,Residential,0.002,0.003,0,26,0.0
7467,1000030047125.0,Residential,0.065,0.18,0,193,0.0
7468,1000030047754.0,Residential,0.034,0.09,0,49,0.0
7469,1000030047809.0,Residential,0.003,0.005,0,14,0.0
7470,1000030045707.0,Residential,0.012,0.025,0,40,0.0
7471,1000030045913.0,Residential,0.035,0.1,0,67,0.0
7472,1000030047416.0,Residential,0.004,0.005,0,6,0.0
7473,1000030047481.0,Residential,0.019,0.043,0,6,0.0
7474,1000030048762.0,Residential,0.001,0.002,0,14,0.0
7475,1000030047039.0,Residential,0.01,0.027,0,4,0.0
7476,1000030047821.0,Residential,0.007,0.011,0,2,0.0
7477,1000030047056.0,Residential,0.02,0.039,0,5,0.0
7478,1000030047520.0,Residential,0.018,0.025,0,2,0.0
7479,1000030047750.0,Residential,0.024,0.035,0,7,0.0
7480,5000005207585707.0,Residential,0.026,0.05,0,4,0.0
7481,1000030047506.0,Residential,0.052,0.11,0,53,0.0
7482,1000030045725.0,Residential,0.013,0.027,0,41,0.0
7483,1000030045696.0,Residential,0.142,0.293,0,41,0.0
7484,1000030047755.0,Residential,0.083,0.12,0,7,0.0
7485,1000030047128.0,Residential,0.021,0.06,0,116,0.0
7486,1000030047413.0,Residential,0.002,0.002,0,5,0.0
7487,1000030045826.0,Residential,0.016,0.025,0,14,0.0
7488,1000030047463.0,Residential,0.006,0.01,0,2,0.0
7489,1000030047811.0,Residential,0.007,0.014,0,13,0.0
7490,1000030047133.0,Residential,0.015,0.023,0,2,0.0
7491,1000030046859.0,Residential,0.198,0.248,0,11,0.0
7492,1000030047076.0,Residential,0.003,0.004,0,6,0.0
7493,1000030047514.0,Residential,0.002,0.004,0,46,0.0
7494,1000030045720.0,Residential,0.007,0.014,0,47,0.0
7495,1000030047124.0,Residential,0.116,0.22,0,15,0.0
7496,1000030047474.0,Residential,0.009,0.016,0,60,0.0
7497,1000030047484.0,Residential,0.026,0.072,0,48,0.0
7498,5000005207582756.0,Residential,0.029,0.068,0,22,0.0
7499,1000002310210280.0,Residential,0.033,0.083,0,34,0.0
7500,1000030045834.0,Residential,0.003,0.004,0,5,0.0
7501,1000030047473.0,Residential,0.007,0.01,0,53,0.0
7502,1000030045709.0,Residential,0.022,0.047,0,69,0.0
7503,1000030045900.0,Residential,0.005,0.012,0,4,0.0
7504,1000030046870.0,Residential,0.003,0.004,0,7,0.0
7505,1000030047512.0,Residential,0.017,0.022,0,59,0.0
7506,1000030046847.0,Residential,0.127,0.319,1,721,24624.0
7507,1000030045722.0,Residential,0.021,0.047,0,41,0.0
7508,1000030047517.0,Residential,0.004,0.006,0,7,0.0
7509,1000030047813.0,Residential,0.006,0.012,0,47,0.0
7510,1000030047746.0,Residential,0.039,0.141,0,101,0.0
7511,1000030047808.0,Residential,0.003,0.003,0,8,0.0
7512,1000030045848.0,Residential,0.002,0.002,0,3,0.0
7513,1000030047440.0,Residential,0.002,0.003,0,4,0.0
7514,1000030047806.0,Residential,0.003,0.004,0,8,0.0
7515,1000030047482.0,Residential,0.011,0.027,0,47,0.0
7516,1000030047053.0,Residential,0.005,0.005,0,6,0.0
7517,1000030047779.0,Residential,0.023,0.055,0,47,0.0
7518,1000030046874.0,Residential,0.03,0.059,0,7,0.0
7519,1000030047038.0,Residential,0.02,0.034,0,3,0.0
7520,1000030045721.0,Residential,0.036,0.115,0,47,0.0
7521,1000030046849.0,Residential,0.003,0.004,0,7,0.0
7522,1000030045734.0,Residential,0.049,0.075,0,38,0.0
7523,1000030045695.0,Residential,0.064,0.181,0,40,0.0
7524,1000030047415.0,Residential,0.004,0.004,0,6,0.0
7525,1000030047036.0,Residential,0.003,0.004,0,6,0.0
7526,1000030045896.0,Residential,0.002,0.003,0,5,0.0
7527,1000030045869.0,Residential,0.005,0.006,0,5,0.0
7528,1000030047756.0,Residential,0.048,0.12,0,49,0.0
7529,1000030047761.0,Residential,0.05,0.052,0,8,0.0
7530,5000005207584986.0,Residential,0.069,0.181,0,149,0.0
7531,1000030047442.0,Residential,0.034,0.046,0,2,0.0
7532,1000030046852.0,Residential,0.002,0.003,0,5,0.0
7533,1000030047778.0,Residential,0.055,0.056,0,6,0.0
7534,1000030047073.0,Residential,0.261,0.394,1,24,24624.0
7535,1000030045711.0,Residential,0.112,0.282,0,41,0.0
7536,1000030047554.0,Residential,0.002,0.002,0,7,0.0
7537,1000030047565.0,Residential,0.007,0.01,0,50,0.0
7538,1000030047066.0,Residential,0.007,0.011,0,7,0.0
7539,1000030047071.0,Residential,0.011,0.018,0,8,0.0
7540,1000030047075.0,Residential,0.192,0.317,1,25,24624.0
7541,1000030047045.0,Residential,0.002,0.004,0,7,0.0
7542,1000030045302.0,Residential,0.068,0.118,0,12,0.0
7543,1000030045774.0,Residential,0.028,0.05,0,1,0.0
7544,1000030045322.0,Residential,0.003,0.006,0,70,0.0
7545,1000030045305.0,Residential,0.163,0.253,0,11,0.0
7546,1000030045357.0,Residential,0.16,0.229,0,6,0.0
7547,1000030045773.0,Residential,0.2,0.5,1,2,24624.0
7548,1000030045770.0,Residential,0.043,0.083,0,8,0.0
7549,1000030045293.0,Residential,0.018,0.018,0,2,0.0
7550,1000030045932.0,Residential,0.006,0.011,0,152,0.0
7551,1000030045320.0,Residential,0.001,0.002,0,10,0.0
7552,1000030045318.0,Residential,0.003,0.005,0,54,0.0
7553,1000030045356.0,Residential,0.068,0.106,0,67,0.0
7554,1000030045334.0,Residential,0.037,0.066,0,72,0.0
7555,1000030045338.0,Residential,0.02,0.021,0,7,0.0
7556,1000030045941.0,Residential,0.006,0.015,0,145,0.0
7557,1000030045307.0,Residential,0.002,0.002,0,75,0.0
7558,1000030045936.0,Residential,0.008,0.02,0,145,0.0
7559,1000030045366.0,Residential,0.038,0.043,0,8,0.0
7560,1000030045332.0,Residential,0.022,0.093,0,565,0.0
7561,1000030045330.0,Residential,0.002,0.002,0,9,0.0
7562,1000030045326.0,Residential,0.013,0.017,0,10,0.0
7563,1000030045311.0,Residential,0.001,0.002,0,9,0.0
7564,1000030045312.0,Residential,0.002,0.003,0,59,0.0
7565,1000030045943.0,Residential,0.129,0.129,0,2,0.0
7566,1000030045325.0,Residential,0.007,0.014,0,60,0.0
7567,1000030045362.0,Residential,0.056,0.125,0,66,0.0
7568,1000030045336.0,Residential,0.008,0.019,0,75,0.0
7569,1000030045364.0,Residential,0.034,0.084,0,82,0.0
7570,1000030045301.0,Residential,0.018,0.03,0,59,0.0
7571,1000030045297.0,Residential,0.022,0.033,0,81,0.0
7572,1000030045363.0,Residential,0.06,0.078,0,9,0.0
7573,1000030045323.0,Residential,0.003,0.005,0,13,0.0
7574,1000030045944.0,Residential,0.004,0.006,0,12,0.0
7575,1000030045776.0,Residential,0.022,0.043,0,2,0.0
7576,1000030045291.0,Residential,0.013,0.018,0,58,0.0
7577,1000030045359.0,Residential,0.065,0.114,0,61,0.0
7578,1000030045934.0,Residential,0.009,0.02,0,28,0.0
7579,1000030045942.0,Residential,0.032,0.097,0,145,0.0
7580,1000030045296.0,Residential,0.042,0.069,0,10,0.0
7581,1000030045933.0,Residential,0.009,0.022,0,94,0.0
7582,1000030045339.0,Residential,0.078,0.143,0,79,0.0
7583,1000030045940.0,Residential,0.007,0.02,0,139,0.0
7584,1000030045294.0,Residential,0.025,0.05,0,58,0.0
7585,1000030045324.0,Residential,0.006,0.009,0,69,0.0
7586,1000030045331.0,Residential,0.172,0.293,0,56,0.0
7587,1000030045306.0,Residential,0.039,0.091,0,62,0.0
7588,1000030045303.0,Residential,0.025,0.068,0,60,0.0
7589,1000030045298.0,Residential,0.07,0.177,0,61,0.0
7590,1000030045314.0,Residential,0.003,0.003,0,10,0.0
7591,5000005239401788.0,Residential,0.008,0.02,0,6,0.0
7592,1000030045945.0,Residential,0.05,0.14,0,148,0.0
7593,1000030045300.0,Residential,0.042,0.064,0,63,0.0
7594,1000030045317.0,Residential,0.001,0.001,0,11,0.0
7595,1000030045367.0,Residential,0.02,0.041,0,80,0.0
7596,1000030045358.0,Residential,0.074,0.131,0,82,0.0
7597,1000030045361.0,Residential,0.04,0.111,0,79,0.0
7598,1000030045321.0,Residential,0.003,0.005,0,57,0.0
7599,1000030045337.0,Residential,0.065,0.094,0,7,0.0
7600,1000030045327.0,Residential,0.007,0.016,0,57,0.0
7601,1000030045335.0,Residential,0.026,0.056,0,76,0.0
7602,1000030045329.0,Residential,0.06,0.253,0,63,0.0
7603,1000030045309.0,Residential,0.002,0.002,0,71,0.0
7604,1000030045772.0,Residential,0.189,0.499,1,2,24624.0
7605,1000030045775.0,Residential,0.022,0.043,0,2,0.0
7606,1000030045315.0,Residential,0.002,0.003,0,59,0.0
7607,1000030045295.0,Residential,0.023,0.035,0,81,0.0
7608,5000005202750195.0,Residential,0.02,0.033,0,4,0.0
7609,1000030045299.0,Residential,0.177,0.29,0,8,0.0
7610,1000030045935.0,Residential,0.013,0.026,0,84,0.0
7611,1000030049249.0,Residential,0.002,0.003,0,61,0.0
7612,1000030045313.0,Residential,0.004,0.006,0,56,0.0
7613,1000030045308.0,Residential,0.001,0.002,0,11,0.0
7614,1000030045316.0,Residential,0.002,0.003,0,59,0.0
7615,1000030045938.0,Residential,0.059,0.059,0,2,0.0
7616,1000030045937.0,Residential,0.009,0.026,0,244,0.0
7617,1000030045341.0,Residential,0.033,0.061,0,62,0.0
7618,1000030049591.0,Residential,0.012,0.019,0,237,0.0
7619,1000030045939.0,Residential,0.005,0.018,0,140,0.0
7620,1000030045777.0,Residential,0.038,0.076,0,2,0.0
7621,5000005202749811.0,Residential,0.005,0.007,0,4,0.0
7622,1000030045333.0,Residential,0.031,0.079,0,77,0.0
7623,1000030045292.0,Residential,0.011,0.012,0,11,0.0
7624,1000030045771.0,Residential,0.183,0.451,1,12,24624.0
7625,1000030045340.0,Residential,0.078,0.09,0,9,0.0
7626,1000030045304.0,Residential,0.049,0.141,0,61,0.0
7627,1000030045360.0,Residential,0.112,0.113,0,8,0.0
7628,1000030045319.0,Residential,0.003,0.005,0,60,0.0
7629,1000030049590.0,Residential,0.03,0.069,0,146,0.0
7630,1000030045310.0,Residential,0.002,0.003,0,60,0.0
7631,1000030045365.0,Residential,0.034,0.063,0,63,0.0
7632,5000005202750212.0,Residential,0.009,0.019,0,13,0.0
7633,1000030049251.0,Residential,0.002,0.002,0,11,0.0
7634,1000030049250.0,Residential,0.005,0.01,0,62,0.0
7635,1000030049257.0,Residential,0.097,0.17,0,258,0.0
7636,5000005202750136.0,Residential,0.032,0.08,0,20,0.0
7637,1000030049243.0,Residential,0.04,0.1,0,11,0.0
7638,1000030049263.0,Residential,0.029,0.07,0,3326,0.0
7639,5000005202749755.0,Residential,0.012,0.032,0,16,0.0
7640,5000005202749960.0,Residential,0.011,0.022,0,9,0.0
7641,1000042799181.0,Residential,0.006,0.012,0,64,0.0
7642,1000030049443.0,Residential,0.006,0.015,0,62,0.0
7643,5000005234763265.0,Residential,0.008,0.014,0,67,0.0
7644,1000030049541.0,Residential,0.008,0.018,0,58,0.0
7645,1000030048953.0,Residential,0.046,0.081,0,8,0.0
7646,1000030049175.0,Residential,0.137,0.181,0,3,0.0
7647,1000042799184.0,Residential,0.227,0.455,1,75,24624.0
7648,1000030049082.0,Residential,0.046,0.093,0,32,0.0
7649,1000042799180.0,Residential,0.082,0.202,0,64,0.0
7650,5000005238723714.0,Residential,0.076,0.16,0,10,0.0
7651,1000030049408.0,Residential,0.088,0.181,0,55,0.0
7652,1000030049565.0,Residential,0.003,0.005,0,61,0.0
7653,1000030049100.0,Residential,0.038,0.085,0,33,0.0
7654,1000042799156.0,Residential,0.351,0.367,1,6,24624.0
7655,5000005217427736.0,Residential,0.029,0.072,0,62,0.0
7656,1000030049467.0,Residential,0.059,0.154,0,16,0.0
7657,5000005202750127.0,Residential,0.006,0.014,0,15,0.0
7658,1000030049095.0,Residential,0.027,0.07,0,34,0.0
7659,1000030049574.0,Residential,0.014,0.033,0,81,0.0
7660,1000030049476.0,Residential,0.006,0.007,0,27,0.0
7661,1000030049424.0,Residential,0.019,0.046,0,60,0.0
7662,1000030049398.0,Residential,0.005,0.01,0,69,0.0
7663,1000030049191.0,Residential,0.111,0.278,0,33,0.0
7664,1000030049478.0,Residential,0.007,0.008,0,25,0.0
7665,5000005234763278.0,Residential,0.073,0.143,0,63,0.0
7666,5000005234763283.0,Residential,0.051,0.126,0,65,0.0
7667,1000030048876.0,Residential,0.119,0.377,1,47,24624.0
7668,1000030049348.0,Residential,0.043,0.117,0,101,0.0
7669,1000030048874.0,Residential,0.095,0.2,0,49,0.0
7670,1000030049180.0,Residential,0.106,0.126,0,2,0.0
7671,1000042799167.0,Residential,0.002,0.002,0,5,0.0
7672,1000042799194.0,Residential,0.087,0.198,0,74,0.0
7673,1000030049464.0,Residential,0.015,0.018,0,15,0.0
7674,1000042799198.0,Residential,0.362,0.524,1,73,24624.0
7675,1000030049471.0,Residential,0.012,0.017,0,35,0.0
7676,5000005234763248.0,Residential,0.021,0.052,0,64,0.0
7677,1000043032658.0,Residential,0.014,0.023,0,0,0.0
7678,1000030049105.0,Residential,0.029,0.074,0,32,0.0
7679,1000030049379.0,Residential,0.097,0.097,0,2,0.0
7680,1000030049341.0,Residential,0.117,0.422,1,66,24624.0
7681,1000030049342.0,Residential,0.129,0.361,1,54,24624.0
7682,1000030049416.0,Residential,0.05,0.137,0,57,0.0
7683,1000030048960.0,Residential,0.003,0.006,0,55,0.0
7684,5000005210209461.0,Residential,0.013,0.034,0,9,0.0
7685,5000005217427751.0,Residential,0.008,0.022,0,61,0.0
7686,1000042799171.0,Residential,0.147,0.2,0,7,0.0
7687,1000030049288.0,Residential,0.021,0.047,0,20,0.0
7688,1000030049346.0,Residential,0.058,0.113,0,99,0.0
7689,5000005234763263.0,Residential,0.014,0.042,0,65,0.0
7690,1000030049459.0,Residential,0.01,0.024,0,62,0.0
7691,5000005234763289.0,Residential,0.007,0.01,0,62,0.0
7692,1000042799169.0,Residential,0.225,0.292,0,5,0.0
7693,1000030049503.0,Residential,0.059,0.203,0,123,0.0
7694,1000030048946.0,Residential,0.232,0.383,1,12,24624.0
7695,5000005234763288.0,Residential,0.126,0.233,0,65,0.0
7696,1000030048976.0,Residential,0.088,0.232,0,53,0.0
7697,5000005217427745.0,Residential,0.024,0.039,0,65,0.0
7698,1000030048856.0,Residential,0.009,0.026,0,61,0.0
7699,1000030049571.0,Residential,0.011,0.032,0,446,0.0
7700,1000030049509.0,Residential,0.02,0.034,0,23,0.0
7701,1000030049553.0,Residential,0.03,0.073,0,70,0.0
7702,1000030049281.0,Residential,0.006,0.014,0,13,0.0
7703,1000030049538.0,Residential,0.01,0.014,0,57,0.0
7704,1000030048950.0,Residential,0.005,0.008,0,117,0.0
7705,1000030049078.0,Residential,0.021,0.047,0,13,0.0
7706,1000030049114.0,Residential,0.005,0.01,0,36,0.0
7707,1000030049098.0,Residential,0.01,0.028,0,33,0.0
7708,1000030049110.0,Residential,0.038,0.108,0,38,0.0
7709,1000030049422.0,Residential,0.041,0.11,0,55,0.0
7710,1000030049390.0,Residential,0.002,0.002,0,66,0.0
7711,5000005202749929.0,Residential,0.046,0.144,0,58,0.0
7712,1000030048955.0,Residential,0.035,0.112,0,72,0.0
7713,1000030049356.0,Residential,0.111,0.198,0,92,0.0
7714,5000005217427756.0,Residential,0.018,0.056,0,60,0.0
7715,1000030049447.0,Residential,0.003,0.007,0,75,0.0
7716,1000030048968.0,Residential,0.022,0.041,0,44,0.0
7717,5000005234763276.0,Residential,0.046,0.123,0,68,0.0
7718,5000005202749795.0,Residential,0.056,0.129,0,16,0.0
7719,1000030048865.0,Residential,0.004,0.007,0,46,0.0
7720,1000030048954.0,Residential,0.078,0.198,0,76,0.0
7721,1000030048841.0,Residential,0.007,0.011,0,47,0.0
7722,1000030049167.0,Residential,0.082,0.137,0,13,0.0
7723,5000005210209814.0,Residential,0.077,0.214,0,869,0.0
7724,1000030048860.0,Residential,0.017,0.035,0,54,0.0
7725,1000030048974.0,Residential,0.029,0.05,0,47,0.0
7726,1000030049086.0,Residential,0.022,0.058,0,30,0.0
7727,1000042799179.0,Residential,0.066,0.152,0,63,0.0
7728,1000030049559.0,Residential,0.025,0.061,0,60,0.0
7729,5000005234763253.0,Residential,0.023,0.04,0,62,0.0
7730,1000030049457.0,Residential,0.019,0.038,0,49,0.0
7731,1000030049157.0,Residential,0.002,0.002,0,2,0.0
7732,1000042799173.0,Residential,0.233,0.247,0,5,0.0
7733,1000030049421.0,Residential,0.053,0.145,0,93,0.0
7734,1000030049090.0,Residential,0.004,0.005,0,15,0.0
7735,1000030049325.0,Residential,0.088,0.173,0,2,0.0
7736,1000030049425.0,Residential,0.021,0.049,0,59,0.0
7737,5000005234763246.0,Residential,0.027,0.091,0,62,0.0
7738,1000030049400.0,Residential,0.019,0.036,0,71,0.0
7739,1000030048857.0,Residential,0.028,0.063,0,57,0.0
7740,1000030049442.0,Residential,0.006,0.018,0,61,0.0
7741,1000030048852.0,Residential,0.023,0.057,0,117,0.0
7742,1000030049077.0,Residential,0.006,0.009,0,35,0.0
7743,1000030049419.0,Residential,0.028,0.079,0,53,0.0
7744,1000030048837.0,Residential,0.062,0.111,0,50,0.0
7745,1000030049080.0,Residential,0.017,0.045,0,37,0.0
7746,1000042799172.0,Residential,0.089,0.197,0,7,0.0
7747,1000030049326.0,Residential,0.016,0.038,0,18,0.0
7748,1000030049418.0,Residential,0.031,0.082,0,66,0.0
7749,1000042799158.0,Residential,0.342,0.343,1,5,24624.0
7750,1000030049472.0,Residential,0.074,0.214,0,26,0.0
7751,1000030049428.0,Residential,0.017,0.032,0,91,0.0
7752,5000005234763280.0,Residential,0.018,0.044,0,64,0.0
7753,1000042799150.0,Residential,0.378,0.384,1,7,24624.0
7754,1000030049500.0,Residential,0.147,0.375,1,119,24624.0
7755,1000030049285.0,Residential,0.002,0.004,0,13,0.0
7756,1000030049433.0,Residential,0.006,0.013,0,72,0.0
7757,1000030048853.0,Residential,0.073,0.21,0,21,0.0
7758,5000005217427757.0,Residential,0.021,0.06,0,69,0.0
7759,1000030049093.0,Residential,0.051,0.122,0,31,0.0
7760,1000042799187.0,Residential,0.269,0.334,1,73,24624.0
7761,5000005234763247.0,Residential,0.109,0.156,0,65,0.0
7762,1000030049532.0,Residential,0.017,0.017,0,3,0.0
7763,1000030049320.0,Residential,0.057,0.137,0,84,0.0
7764,5000005217427760.0,Residential,0.016,0.042,0,69,0.0
7765,1000030049173.0,Residential,0.402,0.451,1,3,24624.0
7766,1000030049181.0,Residential,0.073,0.121,0,2,0.0
7767,1000042799154.0,Residential,0.313,0.324,1,5,24624.0
7768,1000030049551.0,Residential,0.081,0.22,0,68,0.0
7769,1000030048973.0,Residential,0.071,0.16,0,49,0.0
7770,1000030049076.0,Residential,0.07,0.191,0,30,0.0
7771,1000030049567.0,Residential,0.004,0.006,0,65,0.0
7772,1000030049517.0,Residential,0.008,0.014,0,71,0.0
7773,1000030049091.0,Residential,0.024,0.066,0,14,0.0
7774,1000030049286.0,Residential,0.002,0.004,0,13,0.0
7775,1000030049474.0,Residential,0.032,0.082,0,29,0.0
7776,1000030049278.0,Residential,0.073,0.197,0,14,0.0
7777,1000030048839.0,Residential,0.037,0.068,0,49,0.0
7778,5000005234763252.0,Residential,0.006,0.016,0,64,0.0
7779,1000030048947.0,Residential,0.264,0.482,1,13,24624.0
7780,1000030049099.0,Residential,0.016,0.03,0,34,0.0
7781,1000030049106.0,Residential,0.031,0.067,0,51,0.0
7782,1000030049397.0,Residential,0.004,0.01,0,62,0.0
7783,1000030049159.0,Residential,0.02,0.021,0,2,0.0
7784,1000030049170.0,Residential,0.002,0.002,0,28,0.0
7785,1000030049280.0,Residential,0.002,0.002,0,13,0.0
7786,1000030048969.0,Residential,0.062,0.172,0,50,0.0
7787,1000042799177.0,Residential,0.004,0.011,0,62,0.0
7788,5000005234763285.0,Residential,0.04,0.093,0,67,0.0
7789,1000030049383.0,Residential,0.003,0.005,0,56,0.0
7790,1000042799149.0,Residential,0.38,0.385,1,5,24624.0
7791,1000030049502.0,Residential,0.071,0.171,0,75,0.0
7792,5000005234763279.0,Residential,0.011,0.031,0,68,0.0
7793,1000030048867.0,Residential,0.017,0.041,0,50,0.0
7794,1000030048834.0,Residential,0.05,0.108,0,52,0.0
7795,1000030049382.0,Residential,0.025,0.068,0,63,0.0
7796,1000030049089.0,Residential,0.002,0.003,0,14,0.0
7797,1000030048872.0,Residential,0.026,0.033,0,51,0.0
7798,5000005234763273.0,Residential,0.038,0.076,0,63,0.0
7799,1000030049327.0,Residential,0.017,0.044,0,19,0.0
7800,1000030049395.0,Residential,0.002,0.003,0,73,0.0
7801,1000030049453.0,Residential,0.069,0.129,0,80,0.0
7802,1000030049463.0,Residential,0.013,0.019,0,30,0.0
7803,1000030048863.0,Residential,0.077,0.222,0,54,0.0
7804,1000030049329.0,Residential,0.005,0.018,0,161,0.0
7805,1000030049427.0,Residential,0.023,0.052,0,70,0.0
7806,1000030049406.0,Residential,0.004,0.007,0,80,0.0
7807,1000030049440.0,Residential,0.004,0.008,0,56,0.0
7808,1000042799160.0,Residential,0.111,0.162,0,7,0.0
7809,1000030049182.0,Residential,0.005,0.006,0,2,0.0
7810,1000030049409.0,Residential,0.157,0.402,1,57,24624.0
7811,1000030049197.0,Residential,0.008,0.015,0,30,0.0
7812,1000030049555.0,Residential,0.023,0.058,0,75,0.0
7813,1000030049163.0,Residential,0.107,0.186,0,14,0.0
7814,5000005202749828.0,Residential,0.041,0.095,0,33,0.0
7815,1000030049212.0,Residential,0.019,0.047,0,75,0.0
7816,1000030049445.0,Residential,0.007,0.012,0,65,0.0
7817,1000042799192.0,Residential,0.285,0.422,1,64,24624.0
7818,1000030049109.0,Residential,0.07,0.141,0,37,0.0
7819,1000030049102.0,Residential,0.038,0.078,0,34,0.0
7820,1000030049161.0,Residential,0.078,0.106,0,2,0.0
7821,5000005217427743.0,Residential,0.03,0.076,0,65,0.0
7822,1000030049564.0,Residential,0.004,0.007,0,66,0.0
7823,1000030048990.0,Residential,0.034,0.054,0,65,0.0
7824,1000030049575.0,Residential,0.006,0.015,0,76,0.0
7825,1000042799197.0,Residential,0.242,0.435,1,62,24624.0
7826,5000005234763250.0,Residential,0.045,0.112,0,79,0.0
7827,1000030049189.0,Residential,0.085,0.122,0,38,0.0
7828,1000030049172.0,Residential,0.007,0.008,0,2,0.0
7829,1000030048873.0,Residential,0.047,0.13,0,51,0.0
7830,1000030049461.0,Residential,0.02,0.033,0,142,0.0
7831,5000005217427773.0,Residential,0.015,0.04,0,52,0.0
7832,1000042799183.0,Residential,0.075,0.152,0,74,0.0
7833,1000030049176.0,Residential,0.124,0.174,0,2,0.0
7834,1000042799196.0,Residential,0.088,0.225,0,64,0.0
7835,1000042799151.0,Residential,0.374,0.38,1,5,24624.0
7836,1000030048965.0,Residential,0.012,0.028,0,49,0.0
7837,1000030049444.0,Residential,0.003,0.006,0,14,0.0
7838,1000030049468.0,Residential,0.068,0.181,0,16,0.0
7839,5000005202750169.0,Residential,0.026,0.063,0,19,0.0
7840,1000030048838.0,Residential,0.084,0.135,0,51,0.0
7841,1000042799188.0,Residential,0.326,0.498,1,63,24624.0
7842,1000030049563.0,Residential,0.012,0.019,0,85,0.0
7843,1000030049515.0,Residential,0.006,0.013,0,65,0.0
7844,1000030049378.0,Residential,0.069,0.11,0,59,0.0
7845,1000042799153.0,Residential,0.306,0.331,1,7,24624.0
7846,1000030049166.0,Residential,0.114,0.278,0,42,0.0
7847,1000030049352.0,Residential,0.074,0.185,0,87,0.0
7848,1000030049573.0,Residential,0.008,0.014,0,69,0.0
7849,1000042799168.0,Residential,0.004,0.009,0,6,0.0
7850,1000042799190.0,Residential,0.22,0.281,0,64,0.0
7851,1000030049351.0,Residential,0.044,0.149,0,101,0.0
7852,5000005210209744.0,Residential,0.017,0.034,0,15,0.0
7853,1000030049118.0,Residential,0.006,0.011,0,46,0.0
7854,1000030049085.0,Residential,0.025,0.064,0,41,0.0
7855,1000030049577.0,Residential,0.039,0.08,0,68,0.0
7856,1000030049001.0,Residential,0.043,0.101,0,61,0.0
7857,1000030049345.0,Residential,0.044,0.099,0,135,0.0
7858,1000030049600.0,Residential,0.02,0.028,0,58,0.0
7859,1000030049369.0,Residential,0.051,0.161,0,18,0.0
7860,1000030048944.0,Residential,0.044,0.127,0,117,0.0
7861,1000030049448.0,Residential,0.002,0.004,0,61,0.0
7862,5000005234763269.0,Residential,0.026,0.051,0,68,0.0
7863,1000030049456.0,Residential,0.015,0.033,0,62,0.0
7864,1000030048869.0,Residential,0.035,0.074,0,50,0.0
7865,5000005234763259.0,Residential,0.017,0.031,0,64,0.0
7866,1000030049434.0,Residential,0.005,0.013,0,74,0.0
7867,1000042799199.0,Residential,0.393,0.591,1,63,24624.0
7868,1000030049549.0,Residential,0.098,0.266,0,66,0.0
7869,5000005234763254.0,Residential,0.048,0.064,0,69,0.0
7870,1000030049525.0,Residential,0.006,0.01,0,37,0.0
7871,1000030049435.0,Residential,0.021,0.028,0,12,0.0
7872,5000005210209811.0,Residential,0.006,0.014,0,7,0.0
7873,1000030049314.0,Residential,0.146,0.151,0,14,0.0
7874,1000030049477.0,Residential,0.007,0.009,0,27,0.0
7875,1000030049470.0,Residential,0.01,0.017,0,17,0.0
7876,1000030049396.0,Residential,0.002,0.003,0,60,0.0
7877,1000030049534.0,Residential,0.008,0.017,0,73,0.0
7878,1000042799174.0,Residential,0.074,0.117,0,6,0.0
7879,1000030049331.0,Residential,0.018,0.034,0,33,0.0
7880,1000030049376.0,Residential,0.111,0.255,0,63,0.0
7881,1000030049460.0,Residential,0.015,0.026,0,46,0.0
7882,5000005217427762.0,Residential,0.005,0.008,0,62,0.0
7883,1000030049558.0,Residential,0.039,0.112,0,58,0.0
7884,1000030049569.0,Residential,0.005,0.007,0,63,0.0
7885,1000030049388.0,Residential,0.002,0.003,0,59,0.0
7886,1000030049117.0,Residential,0.005,0.01,0,46,0.0
7887,1000030049531.0,Residential,0.014,0.022,0,56,0.0
7888,1000030049414.0,Residential,0.146,0.281,0,51,0.0
7889,1000030049155.0,Residential,0.042,0.043,0,2,0.0
7890,1000030049183.0,Residential,0.005,0.006,0,2,0.0
7891,1000030049282.0,Residential,0.008,0.019,0,14,0.0
7892,1000030049543.0,Residential,0.035,0.049,0,7,0.0
7893,1000030049430.0,Residential,0.006,0.014,0,51,0.0
7894,1000030049556.0,Residential,0.025,0.051,0,60,0.0
7895,1000030049010.0,Residential,0.12,0.198,0,68,0.0
7896,1000030048866.0,Residential,0.054,0.089,0,49,0.0
7897,5000005234763261.0,Residential,0.094,0.159,0,63,0.0
7898,1000030048975.0,Residential,0.073,0.16,0,47,0.0
7899,1000042799166.0,Residential,0.023,0.025,0,5,0.0
7900,1000030049386.0,Residential,0.002,0.003,0,50,0.0
7901,1000030049000.0,Residential,0.027,0.059,0,60,0.0
7902,1000030049385.0,Residential,0.006,0.011,0,78,0.0
7903,5000005210209430.0,Residential,0.017,0.034,0,15,0.0
7904,1000030048864.0,Residential,0.081,0.241,0,63,0.0
7905,1000030049104.0,Residential,0.027,0.056,0,39,0.0
7906,1000042799186.0,Residential,0.282,0.409,1,62,24624.0
7907,1000042799162.0,Residential,0.002,0.003,0,7,0.0
7908,5000005202749827.0,Residential,0.036,0.083,0,10,0.0
7909,1000030049103.0,Residential,0.017,0.028,0,37,0.0
7910,1000030049437.0,Residential,0.011,0.02,0,68,0.0
7911,1000030048840.0,Residential,0.01,0.018,0,50,0.0
7912,1000030049530.0,Residential,0.015,0.044,0,49,0.0
7913,1000030048978.0,Residential,0.112,0.206,0,45,0.0
7914,1000030049458.0,Residential,0.022,0.038,0,50,0.0
7915,1000042799159.0,Residential,0.119,0.154,0,7,0.0
7916,1000030049162.0,Residential,0.106,0.186,0,9,0.0
7917,1000030049192.0,Residential,0.191,0.278,0,32,0.0
7918,1000030048871.0,Residential,0.026,0.036,0,51,0.0
7919,1000042799182.0,Residential,0.088,0.165,0,73,0.0
7920,1000030048966.0,Residential,0.007,0.014,0,51,0.0
7921,1000030049165.0,Residential,0.032,0.069,0,27,0.0
7922,1000030049323.0,Residential,0.004,0.007,0,95,0.0
7923,1000030049344.0,Residential,0.009,0.009,0,7,0.0
7924,1000042799165.0,Residential,0.02,0.024,0,7,0.0
7925,1000030049436.0,Residential,0.04,0.121,0,99,0.0
7926,1000030048836.0,Residential,0.072,0.168,0,50,0.0
7927,1000030049101.0,Residential,0.038,0.084,0,32,0.0
7928,1000030049321.0,Residential,0.091,0.17,0,69,0.0
7929,1000030049518.0,Residential,0.011,0.014,0,36,0.0
7930,1000030049512.0,Residential,0.005,0.01,0,69,0.0
7931,1000030048851.0,Residential,0.076,0.227,0,69,0.0
7932,1000030048989.0,Residential,0.042,0.069,0,65,0.0
7933,1000030049279.0,Residential,0.085,0.225,0,14,0.0
7934,1000030049194.0,Residential,0.04,0.112,0,35,0.0
7935,1000030049579.0,Residential,0.045,0.075,0,17,0.0
7936,1000030049107.0,Residential,0.041,0.085,0,49,0.0
7937,1000030049353.0,Residential,0.082,0.209,0,84,0.0
7938,1000030049316.0,Residential,0.082,0.128,0,14,0.0
7939,1000030048850.0,Residential,0.008,0.014,0,45,0.0
7940,1000030049405.0,Residential,0.005,0.009,0,99,0.0
7941,1000030048952.0,Residential,0.023,0.046,0,126,0.0
7942,1000030049121.0,Residential,0.008,0.019,0,52,0.0
7943,1000030049401.0,Residential,0.009,0.022,0,67,0.0
7944,1000030049537.0,Residential,0.032,0.063,0,81,0.0
7945,1000030049276.0,Residential,0.075,0.205,0,87,0.0
7946,5000005202750242.0,Residential,0.082,0.161,0,37,0.0
7947,1000030049548.0,Residential,0.08,0.208,0,68,0.0
7948,1000030049289.0,Residential,0.092,0.182,0,21,0.0
7949,5000005202750234.0,Residential,0.145,0.369,1,34,24624.0
7950,1000030049318.0,Residential,0.039,0.162,0,175,0.0
7951,5000005210209510.0,Residential,0.09,0.136,0,6,0.0
7952,1000030049328.0,Residential,0.015,0.043,0,180,0.0
7953,1000030049550.0,Residential,0.09,0.213,0,74,0.0
7954,1000030049391.0,Residential,0.002,0.003,0,59,0.0
7955,1000030049112.0,Residential,0.014,0.016,0,59,0.0
7956,5000005234763260.0,Residential,0.008,0.02,0,79,0.0
7957,1000030048951.0,Residential,0.031,0.137,0,117,0.0
7958,1000030049190.0,Residential,0.038,0.108,0,38,0.0
7959,1000030049287.0,Residential,0.01,0.027,0,13,0.0
7960,1000030049522.0,Residential,0.056,0.161,0,70,0.0
7961,1000030049277.0,Residential,0.128,0.307,1,82,24624.0
7962,1000030049354.0,Residential,0.017,0.045,0,79,0.0
7963,1000030048858.0,Residential,0.028,0.086,0,55,0.0
7964,1000030049187.0,Residential,0.174,0.242,0,38,0.0
7965,1000030049324.0,Residential,0.002,0.004,0,14,0.0
7966,1000030049380.0,Residential,0.054,0.106,0,60,0.0
7967,1000030049154.0,Residential,0.042,0.043,0,2,0.0
7968,1000030049343.0,Residential,0.156,0.426,1,111,24624.0
7969,1000042799157.0,Residential,0.227,0.358,1,7,24624.0
7970,1000042799195.0,Residential,0.16,0.266,0,64,0.0
7971,1000030048970.0,Residential,0.157,0.284,0,53,0.0
7972,1000030048846.0,Residential,0.099,0.329,0,51,0.0
7973,1000042799193.0,Residential,0.098,0.139,0,73,0.0
7974,5000005202750226.0,Residential,0.022,0.038,0,10,0.0
7975,1000030049370.0,Residential,0.048,0.124,0,27,0.0
7976,1000030048835.0,Residential,0.142,0.286,0,52,0.0
7977,1000030048972.0,Residential,0.057,0.163,0,60,0.0
7978,1000030049094.0,Residential,0.021,0.061,0,34,0.0
7979,1000030049108.0,Residential,0.061,0.125,0,37,0.0
7980,1000030049392.0,Residential,0.002,0.003,0,67,0.0
7981,1000030049523.0,Residential,0.005,0.009,0,69,0.0
7982,1000030049347.0,Residential,0.032,0.082,0,113,0.0
7983,1000042799164.0,Residential,0.014,0.016,0,5,0.0
7984,1000030049560.0,Residential,0.064,0.166,0,72,0.0
7985,1000030049454.0,Residential,0.02,0.051,0,70,0.0
7986,1000030049111.0,Residential,0.021,0.066,0,58,0.0
7987,1000030049115.0,Residential,0.006,0.01,0,37,0.0
7988,1000030048964.0,Residential,0.021,0.028,0,48,0.0
7989,1000030049313.0,Residential,0.174,0.216,0,14,0.0
7990,1000030049171.0,Residential,0.005,0.007,0,2,0.0
7991,1000042799155.0,Residential,0.357,0.357,1,5,24624.0
7992,1000030048859.0,Residential,0.049,0.09,0,48,0.0
7993,1000030049081.0,Residential,0.022,0.062,0,33,0.0
7994,1000030048862.0,Residential,0.028,0.068,0,54,0.0
7995,1000030049113.0,Residential,0.009,0.015,0,52,0.0
7996,5000005202749941.0,Residential,0.028,0.057,0,21,0.0
7997,1000030048977.0,Residential,0.113,0.274,0,58,0.0
7998,1000030049284.0,Residential,0.001,0.002,0,13,0.0
7999,1000030049404.0,Residential,0.004,0.008,0,93,0.0
8000,5000005217427744.0,Residential,0.024,0.057,0,69,0.0
8001,1000030049545.0,Residential,0.12,0.171,0,77,0.0
8002,1000030049312.0,Residential,0.177,0.213,0,15,0.0
8003,1000030049441.0,Residential,0.007,0.018,0,72,0.0
8004,5000005217427761.0,Residential,0.031,0.08,0,79,0.0
8005,1000030049552.0,Residential,0.079,0.195,0,67,0.0
8006,1000030049446.0,Residential,0.006,0.011,0,73,0.0
8007,1000030048958.0,Residential,0.009,0.016,0,259,0.0
8008,1000030048843.0,Residential,0.018,0.04,0,52,0.0
8009,1000030049547.0,Residential,0.09,0.187,0,68,0.0
8010,1000030049195.0,Residential,0.005,0.012,0,33,0.0
8011,1000030049455.0,Residential,0.025,0.05,0,59,0.0
8012,1000030049403.0,Residential,0.006,0.012,0,72,0.0
8013,1000042799161.0,Residential,0.004,0.007,0,12,0.0
8014,1000042799178.0,Residential,0.009,0.022,0,73,0.0
8015,5000005234763291.0,Residential,0.017,0.035,0,62,0.0
8016,1000030049423.0,Residential,0.022,0.062,0,52,0.0
8017,1000030048962.0,Residential,0.007,0.014,0,53,0.0
8018,5000005217427766.0,Residential,0.036,0.062,0,65,0.0
8019,1000030049363.0,Residential,0.061,0.176,0,32,0.0
8020,1000030048956.0,Residential,0.026,0.054,0,85,0.0
8021,1000030049374.0,Residential,0.08,0.181,0,64,0.0
8022,1000030049572.0,Residential,0.006,0.012,0,79,0.0
8023,1000030048967.0,Residential,0.022,0.042,0,50,0.0
8024,1000030049174.0,Residential,0.402,0.451,1,2,24624.0
8025,5000005108193698.0,Residential,0.013,0.024,0,54,0.0
8026,1000030049533.0,Residential,0.01,0.017,0,75,0.0
8027,1000030049561.0,Residential,0.036,0.026,0,67,0.0
8028,5000005210209741.0,Residential,0.005,0.005,0,4,0.0
8029,5000005210209917.0,Residential,0.052,0.088,0,19,0.0
8030,5000005234763272.0,Residential,0.019,0.06,0,65,0.0
8031,1000030048845.0,Residential,0.083,0.265,0,59,0.0
8032,1000030048868.0,Residential,0.016,0.029,0,51,0.0
8033,1000030049394.0,Residential,0.002,0.003,0,66,0.0
8034,1000030048870.0,Residential,0.029,0.047,0,50,0.0
8035,1000030049360.0,Residential,0.182,0.579,1,104,24624.0
8036,1000030049546.0,Residential,0.109,0.205,0,71,0.0
8037,1000030049088.0,Residential,0.009,0.023,0,34,0.0
8038,1000030048875.0,Residential,0.142,0.338,1,53,24624.0
8039,1000030049015.0,Residential,0.072,0.11,0,69,0.0
8040,1000030049466.0,Residential,0.084,0.208,0,15,0.0
8041,1000030049004.0,Residential,0.099,0.177,0,68,0.0
8042,1000030048844.0,Residential,0.07,0.151,0,51,0.0
8043,1000030049193.0,Residential,0.126,0.265,0,36,0.0
8044,1000030049116.0,Residential,0.007,0.014,0,36,0.0
8045,1000030049122.0,Residential,0.007,0.015,0,49,0.0
8046,1000042799185.0,Residential,0.287,0.403,1,64,24624.0
8047,5000005210209488.0,Residential,0.012,0.013,0,5,0.0
8048,1000030049469.0,Residential,0.01,0.018,0,16,0.0
8049,1000030049079.0,Residential,0.016,0.035,0,14,0.0
8050,1000030049521.0,Residential,0.034,0.03,0,87,0.0
8051,5000005217427740.0,Residential,0.004,0.005,0,62,0.0
8052,1000030049557.0,Residential,0.042,0.112,0,60,0.0
8053,1000030049568.0,Residential,0.005,0.008,0,54,0.0
8054,1000030048993.0,Residential,0.047,0.104,0,65,0.0
8055,1000030049185.0,Residential,0.214,0.345,1,29,24624.0
8056,5000005234763267.0,Residential,0.018,0.05,0,67,0.0
8057,1000030049096.0,Residential,0.004,0.007,0,32,0.0
8058,1000030049473.0,Residential,0.079,0.214,0,29,0.0
8059,1000030049475.0,Residential,0.01,0.017,0,30,0.0
8060,1000030048959.0,Residential,0.002,0.003,0,51,0.0
8061,1000030049412.0,Residential,0.234,0.402,1,11,24624.0
8062,1000042799176.0,Residential,0.046,0.19,0,73,0.0
8063,5000005202750166.0,Residential,0.008,0.018,0,19,0.0
8064,1000030049350.0,Residential,0.089,0.221,0,96,0.0
8065,1000030049196.0,Residential,0.006,0.01,0,29,0.0
8066,1000042799170.0,Residential,0.196,0.241,0,6,0.0
8067,1000030048855.0,Residential,0.02,0.035,0,56,0.0
8068,1000030049083.0,Residential,0.045,0.092,0,32,0.0
8069,1000042799175.0,Residential,0.006,0.017,0,76,0.0
8070,1000030048963.0,Residential,0.024,0.031,0,51,0.0
8071,5000005202749744.0,Residential,0.005,0.011,0,25,0.0
8072,1000030049524.0,Residential,0.01,0.02,0,93,0.0
8073,1000030049087.0,Residential,0.006,0.013,0,33,0.0
8074,1000030049092.0,Residential,0.024,0.066,0,14,0.0
8075,1000030049554.0,Residential,0.024,0.055,0,74,0.0
8076,1000042799189.0,Residential,0.188,0.301,1,64,24624.0
8077,1000030049319.0,Residential,0.036,0.118,0,196,0.0
8078,1000030049156.0,Residential,0.002,0.002,0,2,0.0
8079,1000030048842.0,Residential,0.024,0.044,0,55,0.0
8080,1000030049084.0,Residential,0.032,0.07,0,31,0.0
8081,1000030049542.0,Residential,0.031,0.057,0,19,0.0
8082,1000030049511.0,Residential,0.015,0.035,0,78,0.0
8083,1000030049576.0,Residential,0.007,0.013,0,88,0.0
8084,1000030049438.0,Residential,0.004,0.006,0,64,0.0
8085,1000030048861.0,Residential,0.033,0.062,0,51,0.0
8086,1000030048847.0,Residential,0.05,0.1,0,49,0.0
8087,1000030048971.0,Residential,0.034,0.097,0,49,0.0
8088,1000030049566.0,Residential,0.003,0.006,0,66,0.0
8089,1000030049186.0,Residential,0.205,0.292,0,30,0.0
8090,1000030049317.0,Residential,0.078,0.125,0,14,0.0
8091,5000005210209664.0,Residential,0.009,0.024,0,21,0.0
8092,5000005217427739.0,Residential,0.018,0.053,0,69,0.0
8093,5000005217427746.0,Residential,0.003,0.005,0,62,0.0
8094,5000005202749988.0,Residential,0.098,0.213,0,15,0.0
8095,1000030049315.0,Residential,0.146,0.151,0,14,0.0
8096,1000030049570.0,Residential,0.004,0.007,0,62,0.0
8097,1000030049160.0,Residential,0.047,0.049,0,2,0.0
8098,1000030048849.0,Residential,0.016,0.029,0,44,0.0
8099,1000030049535.0,Residential,0.03,0.06,0,82,0.0
8100,1000030049359.0,Residential,0.008,0.025,0,101,0.0
8101,1000042799152.0,Residential,0.323,0.36,1,5,24624.0
8102,1000030049420.0,Residential,0.052,0.13,0,101,0.0
8103,1000030049439.0,Residential,0.003,0.004,0,56,0.0
8104,1000030049361.0,Residential,0.19,0.839,1,208,27210.0
8105,1000030049450.0,Residential,0.018,0.044,0,88,0.0
8106,1000030049399.0,Residential,0.017,0.036,0,73,0.0
8107,1000042799163.0,Residential,0.002,0.003,0,7,0.0
8108,1000030049158.0,Residential,0.02,0.021,0,3,0.0
8109,1000042799191.0,Residential,0.24,0.357,1,63,24624.0
8110,1000030048961.0,Residential,0.003,0.006,0,52,0.0
8111,1000030049333.0,Residential,0.003,0.003,0,156,0.0
8112,1000030049357.0,Residential,0.05,0.124,0,96,0.0
8113,1000030049429.0,Residential,0.013,0.03,0,64,0.0
8114,1000030049322.0,Residential,0.013,0.032,0,97,0.0
8115,1000030049349.0,Residential,0.097,0.187,0,80,0.0
8116,5000005234763256.0,Residential,0.041,0.051,0,69,0.0
8117,1000030048948.0,Residential,0.224,0.482,1,13,24624.0
8118,1000030049188.0,Residential,0.124,0.156,0,37,0.0
8119,1000030049355.0,Residential,0.082,0.192,0,87,0.0
8120,1000030049358.0,Residential,0.009,0.03,0,117,0.0
8121,1000030049283.0,Residential,0.006,0.014,0,14,0.0
8122,1000030080879.0,Retail,0.059,0.096,0,135,0.0
8123,1000030080864.0,Retail,0.191,0.729,1,23258,19025044.0
8124,1000030080208.0,Retail,0.051,0.131,0,258,0.0
8125,1000030080871.0,Retail,0.071,0.139,0,286,0.0
8126,1000030080250.0,Retail,0.023,0.024,0,1005,0.0
8127,1000030080190.0,Retail,0.058,0.212,0,874,0.0
8128,1000030080205.0,Retail,0.042,0.07,0,537,0.0
8129,1000030080877.0,Retail,0.084,0.09,0,76,0.0
8130,1000030080911.0,Retail,0.002,0.003,0,104,0.0
8131,1000030080204.0,Retail,0.058,0.092,0,415,0.0
8132,1000030080901.0,Retail,0.002,0.002,0,33,0.0
8133,1000030081382.0,Retail,,,,27,65853.0
8134,1000030080882.0,Retail,0.04,0.053,0,150,0.0
8135,1000030080865.0,Retail,,,,7317,17846163.0
8136,1000030080211.0,Retail,0.002,0.002,0,9,0.0
8137,1000030080902.0,Retail,0.005,0.014,0,246,0.0
8138,1000002310389437.0,Retail,0.002,0.003,0,52,0.0
8139,1000002310342399.0,Retail,0.206,0.41,1,310,198400.0
8140,1000030080932.0,Retail,0.105,0.308,1,92,58880.0
8141,1000002310363368.0,Retail,0.007,0.012,0,532,0.0
8142,1000030080940.0,Retail,0.005,0.011,0,585,0.0
8143,1000030080903.0,Retail,0.002,0.003,0,150,0.0
8144,1000030080892.0,Retail,0.018,0.018,0,33,0.0
8145,1000030080545.0,Retail,0.082,0.176,0,5147,0.0
8146,1000002310342392.0,Retail,0.002,0.002,0,78,0.0
8147,1000030080889.0,Retail,0.032,0.045,0,34,0.0
8148,1000030080881.0,Retail,0.08,0.102,0,38,0.0
8149,1000030080893.0,Retail,0.015,0.022,0,66,0.0
8150,1000030080897.0,Retail,,,,13,31707.0
8151,1000002310342395.0,Retail,0.193,0.574,1,224,183232.0
8152,5000005205279337.0,Retail,0.003,0.004,0,315,0.0
8153,1000030080888.0,Retail,0.042,0.074,0,103,0.0
8154,1000030080866.0,Retail,0.024,0.061,0,61,0.0
8155,1000030080207.0,Retail,0.018,0.062,0,61,0.0
8156,1000030080253.0,Retail,0.037,0.129,0,8289,0.0
8157,1000002310330895.0,Retail,0.115,0.249,0,829,0.0
8158,1000030080896.0,Retail,0.002,0.003,0,215,0.0
8159,1000030080899.0,Retail,0.002,0.003,0,107,0.0
8160,1000030080935.0,Retail,0.003,0.004,0,17,0.0
8161,1000030080891.0,Retail,0.026,0.035,0,104,0.0
8162,1000030080254.0,Retail,0.018,0.053,0,212,0.0
8163,1000030080554.0,Retail,0.059,0.112,0,1431,0.0
8164,1000030080869.0,Retail,0.163,0.191,0,147,0.0
8165,1000030080886.0,Retail,0.056,0.081,0,34,0.0
8166,1000002310161462.0,Retail,0.009,0.033,0,354,0.0
8167,1000030080907.0,Retail,0.002,0.003,0,20,0.0
8168,1000002310389436.0,Retail,0.002,0.003,0,77,0.0
8169,1000030080873.0,Retail,0.059,0.081,0,35,0.0
8170,1000030080195.0,Retail,0.094,0.336,0,684,0.0
8171,1000030080906.0,Retail,0.004,0.009,0,85,0.0
8172,1000030080898.0,Retail,0.003,0.004,0,38,0.0
8173,1000030080929.0,Retail,0.048,0.109,0,196,0.0
8174,1000030080939.0,Retail,0.013,0.02,0,249,0.0
8175,1000030080199.0,Retail,0.006,0.011,0,809,0.0
8176,1000030080209.0,Retail,0.189,0.599,1,164,134152.0
8177,1000030080937.0,Retail,0.007,0.015,0,77,0.0
8178,1000030080870.0,Retail,0.172,0.204,0,35,0.0
8179,1000030080913.0,Retail,0.003,0.005,0,164,0.0
8180,1000030080944.0,Retail,0.002,0.003,0,99,0.0
8181,1000002310363364.0,Retail,0.003,0.003,0,19,0.0
8182,1000030080909.0,Retail,0.002,0.002,0,105,0.0
8183,1000030080894.0,Retail,0.008,0.019,0,171,0.0
8184,1000030080867.0,Retail,0.075,0.097,0,147,0.0
8185,1000030080252.0,Retail,0.183,0.346,1,45,28800.0
8186,1000030080876.0,Retail,0.07,0.098,0,143,0.0
8187,1000030080868.0,Retail,0.115,0.148,0,78,0.0
8188,1000030080941.0,Retail,0.002,0.002,0,113,0.0
8189,1000002310342398.0,Retail,0.076,0.221,0,107,0.0
8190,1000030080914.0,Retail,0.002,0.003,0,36,0.0
8191,1000030080885.0,Retail,0.059,0.081,0,28,0.0
8192,1000030080874.0,Retail,0.038,0.055,0,150,0.0
8193,1000030080895.0,Retail,0.002,0.003,0,82,0.0
8194,1000002310330887.0,Retail,,,,2,4878.0
8195,1000030080910.0,Retail,0.002,0.002,0,35,0.0
8196,1000030080942.0,Retail,0.016,0.036,0,259,0.0
8197,1000030080930.0,Retail,0.035,0.065,0,140,0.0
8198,1000030080878.0,Retail,0.028,0.051,0,69,0.0
8199,1000030080900.0,Retail,0.002,0.003,0,211,0.0
8200,1000030080908.0,Retail,0.002,0.003,0,33,0.0
8201,1000030081381.0,Retail,,,,184,448776.0
8202,1000030080919.0,Retail,0.087,0.165,0,703,0.0
8203,1000030080905.0,Retail,0.005,0.011,0,42,0.0
8204,1000030080912.0,Retail,0.003,0.005,0,37,0.0
8205,5000005205280266.0,Retail,0.723,0.925,1,91,100919.0
8206,1000000060925525.0,Retail,0.003,0.004,0,262,0.0
8207,1000030080916.0,Retail,0.003,0.003,0,174,0.0
8208,1000030080249.0,Retail,0.063,0.149,0,51,0.0
8209,1000030080921.0,Retail,0.134,0.188,0,219,0.0
8210,1000030080196.0,Retail,0.042,0.112,0,29469,0.0
8211,1000030080883.0,Retail,0.027,0.029,0,35,0.0
8212,1000030080938.0,Retail,0.009,0.015,0,397,0.0
8213,1000030080884.0,Retail,0.037,0.053,0,74,0.0
8214,1000030080915.0,Retail,0.002,0.003,0,85,0.0
8215,1000030080931.0,Retail,0.021,0.045,0,96,0.0
8216,1000030080904.0,Retail,0.003,0.005,0,165,0.0
8217,1000030080202.0,Retail,0.037,0.088,0,222,0.0
8218,1000030127637.0,Retail,0.008,0.009,0,12,0.0
8219,1000030080278.0,Retail,0.037,0.107,0,123,0.0
8220,1000030127619.0,Retail,0.341,0.796,1,349,387041.0
8221,1000030127607.0,Retail,0.019,0.048,0,231,0.0
8222,1000030080281.0,Retail,0.006,0.009,0,51,0.0
8223,1000030127623.0,Retail,0.032,0.141,0,448,0.0
8224,5000005205279462.0,Retail,0.009,0.015,0,7,0.0
8225,1000030080282.0,Retail,0.008,0.018,0,49,0.0
8226,1000030127628.0,Retail,0.009,0.023,0,836,0.0
8227,1000042800862.0,Retail,0.042,0.146,0,20,0.0
8228,5000005205279678.0,Retail,0.016,0.024,0,7,0.0
8229,1000030127606.0,Retail,0.009,0.021,0,45,0.0
8230,1000030127608.0,Retail,0.017,0.04,0,106,0.0
8231,1000002310399201.0,Retail,0.033,0.045,0,1520,0.0
8232,1000002310399211.0,Retail,0.007,0.007,0,160,0.0
8233,1000030127621.0,Retail,0.012,0.024,0,77,0.0
8234,1000000060077412.0,Retail,0.019,0.045,0,167,0.0
8235,1000030127611.0,Retail,0.01,0.016,0,1,0.0
8236,1000030127610.0,Retail,0.018,0.018,0,2,0.0
8237,1000030080218.0,Retail,0.084,0.169,0,457,0.0
8238,1000030080213.0,Retail,0.057,0.182,0,3042,0.0
8239,1000030080264.0,Retail,0.012,0.026,0,633,0.0
8240,1000002310413981.0,Retail,0.333,1.084,1,60,78420.0
8241,1000030080490.0,Retail,0.039,0.078,0,48,0.0
8242,1000030080371.0,Retail,0.047,0.134,0,164,0.0
8243,1000030080375.0,Retail,0.063,0.063,0,27,0.0
8244,1000030080415.0,Retail,0.016,0.04,0,66,0.0
8245,1000030080494.0,Retail,0.007,0.008,0,29,0.0
8246,1000030080403.0,Retail,0.01,0.016,0,7,0.0
8247,1000030081207.0,Retail,0.04,0.091,0,731,0.0
8248,1000030080276.0,Retail,0.283,0.425,1,58,37120.0
8249,1000030080372.0,Retail,0.008,0.012,0,130,0.0
8250,1000030080382.0,Retail,0.003,0.005,0,70,0.0
8251,1000030080214.0,Retail,0.021,0.028,0,147,0.0
8252,1000030080221.0,Retail,0.023,0.042,0,251,0.0
8253,1000030080535.0,Retail,0.026,0.035,0,16,0.0
8254,1000030080277.0,Retail,0.066,0.139,0,72,0.0
8255,1000030080266.0,Retail,0.013,0.029,0,312,0.0
8256,1000030080493.0,Retail,0.015,0.024,0,173,0.0
8257,1000030080496.0,Retail,0.007,0.02,0,103,0.0
8258,1000030081186.0,Retail,0.032,0.074,0,384,0.0
8259,1000030080360.0,Retail,0.008,0.019,0,80,0.0
8260,1000030080485.0,Retail,0.094,0.192,0,66,0.0
8261,1000030080384.0,Retail,0.031,0.073,0,106,0.0
8262,1000030080398.0,Retail,0.01,0.018,0,132,0.0
8263,1000030080267.0,Retail,0.071,0.111,0,242,0.0
8264,1000030080557.0,Retail,0.02,0.049,0,464,0.0
8265,1000030080271.0,Retail,0.01,0.026,0,113,0.0
8266,1000030080417.0,Retail,0.039,0.094,0,106,0.0
8267,1000002310413994.0,Retail,0.021,0.059,0,1383,0.0
8268,1000030080497.0,Retail,0.006,0.013,0,87,0.0
8269,1000030080486.0,Retail,0.088,0.207,0,395,0.0
8270,1000030080469.0,Retail,0.061,0.131,0,385,0.0
8271,1000030080389.0,Retail,0.014,0.036,0,110,0.0
8272,1000030080376.0,Retail,0.006,0.012,0,67,0.0
8273,1000030080373.0,Retail,0.011,0.018,0,147,0.0
8274,5000005205280755.0,Retail,0.137,0.181,0,29,0.0
8275,1000030080411.0,Retail,0.01,0.025,0,88,0.0
8276,1000030081189.0,Retail,0.038,0.094,0,3460,0.0
8277,1000030080377.0,Retail,0.006,0.012,0,62,0.0
8278,1000030080492.0,Retail,0.022,0.024,0,9,0.0
8279,1000030080412.0,Retail,0.026,0.072,0,72,0.0
8280,1000030080414.0,Retail,0.034,0.073,0,71,0.0
8281,1000030080370.0,Retail,0.071,0.137,0,129,0.0
8282,5000005205280750.0,Retail,0.109,0.16,0,4,0.0
8283,1000030080556.0,Retail,0.013,0.022,0,22,0.0
8284,1000030080381.0,Retail,0.021,0.058,0,201,0.0
8285,1000030080397.0,Retail,0.007,0.012,0,142,0.0
8286,1000030080380.0,Retail,0.004,0.004,0,28,0.0
8287,1000030080200.0,Retail,0.003,0.004,0,8,0.0
8288,1000030080388.0,Retail,0.024,0.053,0,4,0.0
8289,1000030080262.0,Retail,0.135,0.368,1,1736,1111040.0
8290,1000030080217.0,Retail,0.095,0.308,0,955,0.0
8291,1000030080261.0,Retail,0.094,0.295,0,956,0.0
8292,1000030080220.0,Retail,0.042,0.079,0,177,0.0
8293,1000030080499.0,Retail,0.006,0.015,0,132,0.0
8294,1000030080367.0,Retail,0.049,0.112,0,182,0.0
8295,1000030080503.0,Retail,0.003,0.005,0,186,0.0
8296,1000030080216.0,Retail,0.127,0.402,1,139,88960.0
8297,1000030080387.0,Retail,0.026,0.065,0,262,0.0
8298,1000030080368.0,Retail,0.044,0.113,0,189,0.0
8299,1000030080258.0,Retail,0.002,0.002,0,82,0.0
8300,1000030080406.0,Retail,0.015,0.033,0,40,0.0
8301,1000030080484.0,Retail,0.035,0.074,0,354,0.0
8302,5000005205280654.0,Retail,0.103,0.146,0,6,0.0
8303,1000030080399.0,Retail,0.011,0.02,0,137,0.0
8304,1000030080408.0,Retail,0.049,0.122,0,110,0.0
8305,1000030080280.0,Retail,0.017,0.038,0,1843,0.0
8306,1000030080378.0,Retail,0.003,0.003,0,23,0.0
8307,1000030080404.0,Retail,0.02,0.036,0,16,0.0
8308,1000030080410.0,Retail,0.015,0.021,0,182,0.0
8309,1000042800756.0,Retail,0.041,0.041,0,9,0.0
8310,1000030080379.0,Retail,0.003,0.003,0,107,0.0
8311,1000030080390.0,Retail,0.011,0.02,0,139,0.0
8312,1000030080366.0,Retail,0.034,0.055,0,352,0.0
8313,1000030080361.0,Retail,0.023,0.047,0,203,0.0
8314,1000030080386.0,Retail,0.009,0.018,0,202,0.0
8315,1000030080505.0,Retail,0.003,0.006,0,107,0.0
8316,1000030080549.0,Retail,0.005,0.011,0,9,0.0
8317,1000030080272.0,Retail,0.224,0.354,1,58,37120.0
8318,1000030080504.0,Retail,0.002,0.003,0,73,0.0
8319,1000030080269.0,Retail,0.145,0.177,0,19,0.0
8320,1000030080395.0,Retail,0.035,0.057,0,29,0.0
8321,1000030080416.0,Retail,0.016,0.042,0,76,0.0
8322,1000030080374.0,Retail,0.026,0.065,0,311,0.0
8323,1000030080495.0,Retail,0.012,0.028,0,33,0.0
8324,1000030080364.0,Retail,0.091,0.194,0,403,0.0
8325,1000030080488.0,Retail,0.02,0.046,0,193,0.0
8326,1000030080215.0,Retail,0.011,0.024,0,322,0.0
8327,1000030080257.0,Retail,0.004,0.006,0,767,0.0
8328,1000030080358.0,Retail,0.002,0.003,0,76,0.0
8329,1000030080407.0,Retail,0.002,0.002,0,4,0.0
8330,5000005205279497.0,Retail,0.144,0.172,0,11,0.0
8331,1000030080219.0,Retail,0.313,0.72,1,56,45808.0
8332,1000030080363.0,Retail,0.028,0.072,0,95,0.0
8333,1000030080500.0,Retail,0.002,0.003,0,101,0.0
8334,1000030080362.0,Retail,0.041,0.112,0,155,0.0
8335,1000030080365.0,Retail,0.021,0.028,0,188,0.0
8336,1000030080256.0,Retail,0.006,0.014,0,3517,0.0
8337,1000030080550.0,Retail,0.002,0.003,0,3,0.0
8338,1000002310417607.0,Retail,0.047,0.11,0,23,0.0
8339,1000030080224.0,Retail,0.054,0.115,0,105,0.0
8340,1000030080420.0,Retail,0.033,0.064,0,381,0.0
8341,1000030080419.0,Retail,0.022,0.036,0,101,0.0
8342,1000030080385.0,Retail,0.085,0.085,0,13,0.0
8343,1000030080396.0,Retail,0.025,0.06,0,88,0.0
8344,1000030080383.0,Retail,0.043,0.077,0,104,0.0
8345,1000030080369.0,Retail,0.005,0.009,0,34,0.0
8346,1000030080405.0,Retail,,,,2,4878.0
8347,5000005194433760.0,Retail,0.031,0.041,0,5,0.0
8348,1000030080260.0,Retail,0.049,0.147,0,620,0.0
8349,1000030080268.0,Retail,,,,66,160974.0
8350,5000005205280250.0,Retail,0.118,0.166,0,76,0.0
8351,1000030080400.0,Retail,0.002,0.004,0,5,0.0
8352,1000030080394.0,Retail,0.029,0.045,0,160,0.0
8353,1000030080402.0,Retail,0.004,0.004,0,228,0.0
8354,1000030080409.0,Retail,0.05,0.116,0,79,0.0
8355,1000030080265.0,Retail,0.004,0.005,0,10,0.0
8356,1000030080498.0,Retail,0.008,0.014,0,138,0.0
8357,1000030080555.0,Retail,0.003,0.003,0,4,0.0
8358,1000030127592.0,Retail,0.011,0.035,0,575,0.0
8359,1000030127615.0,Retail,0.002,0.002,0,224,0.0
8360,1000030127616.0,Retail,0.005,0.01,0,227,0.0
8361,1000030127617.0,Retail,0.005,0.008,0,40,0.0
8362,1000030081665.0,Retail,0.063,0.153,0,306,0.0
8363,1000030081722.0,Retail,0.076,0.145,0,148,0.0
8364,1000030081569.0,Retail,0.005,0.006,0,98,0.0
8365,1000030081583.0,Retail,0.004,0.007,0,223,0.0
8366,5000005202750010.0,Retail,1.303,1.338,1,5,7800.0
8367,1000030081719.0,Retail,0.03,0.056,0,216,0.0
8368,1000030081805.0,Retail,0.018,0.028,0,7,0.0
8369,1000030081810.0,Retail,0.032,0.034,0,7,0.0
8370,1000002310055979.0,Retail,0.028,0.065,0,10,0.0
8371,1000030081623.0,Retail,0.005,0.013,0,440,0.0
8372,1000002310417672.0,Retail,0.149,0.311,1,38,24320.0
8373,1000002310055978.0,Retail,0.039,0.08,0,142,0.0
8374,1000002310210097.0,Retail,0.015,0.03,0,3,0.0
8375,1000030081568.0,Retail,0.004,0.006,0,151,0.0
8376,1000030081388.0,Retail,0.047,0.138,0,619,0.0
8377,1000030080822.0,Retail,0.043,0.077,0,216,0.0
8378,1000030080782.0,Retail,0.044,0.085,0,81,0.0
8379,1000030081835.0,Retail,0.032,0.056,0,17,0.0
8380,1000030081587.0,Retail,0.025,0.027,0,8,0.0
8381,1000030080812.0,Retail,0.57,0.713,1,12,9816.0
8382,1000030081830.0,Retail,0.041,0.157,0,213,0.0
8383,1000030081593.0,Retail,0.016,0.054,0,90,0.0
8384,1000030081822.0,Retail,0.009,0.022,0,35,0.0
8385,1000030081669.0,Retail,0.054,0.147,0,207,0.0
8386,1000030080784.0,Retail,,,,39,95121.0
8387,1000030081395.0,Retail,0.043,0.075,0,939,0.0
8388,1000002310052185.0,Retail,0.012,0.014,0,4,0.0
8389,1000030081576.0,Retail,0.006,0.013,0,173,0.0
8390,1000030081843.0,Retail,0.112,0.217,0,30,0.0
8391,1000030081841.0,Retail,0.117,0.531,1,371,303478.0
8392,1000002310436967.0,Retail,0.028,0.049,0,2,0.0
8393,1000030081671.0,Retail,0.072,0.188,0,81,0.0
8394,1000030081590.0,Retail,0.019,0.042,0,29,0.0
8395,1000030080796.0,Retail,0.015,0.041,0,97,0.0
8396,1000030081631.0,Retail,0.029,0.082,0,19,0.0
8397,1000030080776.0,Retail,0.09,0.231,0,242,0.0
8398,1000030081645.0,Retail,0.041,0.131,0,360,0.0
8399,1000030081721.0,Retail,0.49,1.289,1,4079,6363240.0
8400,1000030081628.0,Retail,0.029,0.066,0,32,0.0
8401,1000030080823.0,Retail,0.047,0.087,0,268,0.0
8402,1000030081661.0,Retail,0.014,0.047,0,462,0.0
8403,1000030081380.0,Retail,0.442,1.064,1,89,116323.0
8404,1000030081617.0,Retail,0.015,0.038,0,180,0.0
8405,1000030080773.0,Retail,0.041,0.104,0,985,0.0
8406,1000000060930406.0,Retail,0.014,0.031,0,27,0.0
8407,1000030081664.0,Retail,0.006,0.007,0,9,0.0
8408,1000030081573.0,Retail,0.004,0.005,0,36,0.0
8409,1000030081633.0,Retail,0.043,0.054,0,12,0.0
8410,1000030081726.0,Retail,0.075,0.138,0,129,0.0
8411,1000030081412.0,Retail,0.094,0.162,0,417,0.0
8412,1000030081650.0,Retail,0.141,0.442,1,130,83200.0
8413,1000030080765.0,Retail,0.022,0.043,0,75,0.0
8414,1000030081562.0,Retail,0.009,0.004,0,172,0.0
8415,1000002310052184.0,Retail,0.048,0.129,0,1743,0.0
8416,1000000060925481.0,Retail,0.048,0.134,0,1109,0.0
8417,1000002310052195.0,Retail,0.07,0.12,0,4,0.0
8418,1000030081637.0,Retail,0.042,0.063,0,13,0.0
8419,1000030081614.0,Retail,0.041,0.09,0,54,0.0
8420,5000005202750103.0,Retail,0.084,0.089,0,5,0.0
8421,1000030081591.0,Retail,0.048,0.074,0,130,0.0
8422,1000030081565.0,Retail,,,,4,9756.0
8423,1000030081627.0,Retail,0.021,0.029,0,19,0.0
8424,1000030081827.0,Retail,0.013,0.021,0,8,0.0
8425,1000030081694.0,Retail,0.026,0.038,0,137,0.0
8426,1000030080783.0,Retail,0.029,0.056,0,23,0.0
8427,1000030081585.0,Retail,0.084,0.196,0,78,0.0
8428,1000030081589.0,Retail,0.007,0.009,0,12,0.0
8429,1000002310210099.0,Retail,0.025,0.051,0,5,0.0
8430,1000030081828.0,Retail,0.011,0.018,0,144,0.0
8431,1000030081668.0,Retail,0.053,0.123,0,131,0.0
8432,1000002310052197.0,Retail,0.034,0.08,0,2,0.0
8433,1000030081572.0,Retail,0.003,0.004,0,18,0.0
8434,1000030081666.0,Retail,0.048,0.128,0,223,0.0
8435,1000030081575.0,Retail,0.165,0.465,1,120,76800.0
8436,1000030081720.0,Retail,0.008,0.019,0,129,0.0
8437,1000002310417675.0,Retail,0.002,0.002,0,16,0.0
8438,1000030081641.0,Retail,0.048,0.071,0,13,0.0
8439,1000030081660.0,Retail,0.017,0.042,0,226,0.0
8440,1000030080774.0,Retail,0.078,0.211,0,670,0.0
8441,1000030081582.0,Retail,0.006,0.007,0,110,0.0
8442,1000030081598.0,Retail,0.023,0.04,0,68,0.0
8443,1000002310228951.0,Retail,1.11,1.213,1,11,14377.0
8444,1000030081727.0,Retail,0.05,0.166,0,683,0.0
8445,1000030080839.0,Retail,0.024,0.06,0,117,0.0
8446,1000030081626.0,Retail,0.034,0.092,0,60,0.0
8447,1000030080762.0,Retail,0.018,0.041,0,48,0.0
8448,1000030080769.0,Retail,0.082,0.132,0,26,0.0
8449,1000030080840.0,Retail,0.083,0.179,0,135,0.0
8450,1000030081635.0,Retail,0.042,0.063,0,51,0.0
8451,1000030081806.0,Retail,0.002,0.003,0,47,0.0
8452,1000030080759.0,Retail,0.012,0.021,0,140,0.0
8453,1000030081625.0,Retail,0.018,0.028,0,31,0.0
8454,1000030081837.0,Retail,0.148,0.446,1,199,127360.0
8455,1000030081695.0,Retail,0.022,0.054,0,22,0.0
8456,1000030081624.0,Retail,0.005,0.01,0,109,0.0
8457,1000030081808.0,Retail,0.051,0.073,0,8,0.0
8458,1000030081663.0,Retail,0.031,0.084,0,29,0.0
8459,1000030081571.0,Retail,0.003,0.005,0,128,0.0
8460,1000030081599.0,Retail,0.013,0.019,0,72,0.0
8461,1000030081724.0,Retail,0.168,0.206,0,114,0.0
8462,1000002310268606.0,Retail,0.012,0.019,0,97,0.0
8463,1000030081570.0,Retail,0.002,0.003,0,55,0.0
8464,1000030080764.0,Retail,0.012,0.041,0,172,0.0
8465,1000030081670.0,Retail,0.057,0.165,0,147,0.0
8466,1000030080770.0,Retail,0.082,0.157,0,28,0.0
8467,1000030080825.0,Retail,1.422,1.432,1,13,20280.0
8468,1000030081804.0,Retail,0.027,0.03,0,3,0.0
8469,1000030080799.0,Retail,0.009,0.022,0,62,0.0
8470,1000030081818.0,Retail,0.067,0.075,0,2,0.0
8471,1000030081643.0,Retail,0.097,0.146,0,74,0.0
8472,1000030080841.0,Retail,0.222,0.611,1,95,77710.0
8473,1000030080798.0,Retail,0.051,0.155,0,378,0.0
8474,1000030081723.0,Retail,0.144,0.145,0,30,0.0
8475,1000030081825.0,Retail,0.004,0.004,0,48,0.0
8476,1000030081602.0,Retail,0.012,0.016,0,62,0.0
8477,1000030080761.0,Retail,0.035,0.053,0,120,0.0
8478,1000030081597.0,Retail,0.03,0.065,0,167,0.0
8479,1000030081574.0,Retail,0.114,0.432,1,385,246400.0
8480,1000002310052194.0,Retail,0.043,0.1,0,8084,0.0
8481,1000030080760.0,Retail,0.024,0.043,0,117,0.0
8482,1000030081586.0,Retail,0.006,0.007,0,27,0.0
8483,1000002310415314.0,Retail,0.143,0.222,0,18,0.0
8484,1000042551863.0,Retail,0.028,0.067,0,9,0.0
8485,1000002310052190.0,Retail,0.014,0.034,0,40,0.0
8486,1000030081824.0,Retail,0.022,0.065,0,92,0.0
8487,1000030081411.0,Retail,0.067,0.12,0,200,0.0
8488,1000030081826.0,Retail,0.008,0.021,0,146,0.0
8489,1000030081567.0,Retail,0.032,0.07,0,81,0.0
8490,1000030080771.0,Retail,0.115,0.396,1,734,469760.0
8491,1000030081612.0,Retail,0.029,0.076,0,233,0.0
8492,1000002310417677.0,Retail,0.022,0.054,0,51,0.0
8493,1000030081630.0,Retail,0.029,0.066,0,9,0.0
8494,1000030081592.0,Retail,0.028,0.073,0,177,0.0
8495,1000030081615.0,Retail,0.068,0.12,0,32,0.0
8496,1000030081840.0,Retail,0.23,0.512,1,8,6544.0
8497,1000030081667.0,Retail,0.07,0.15,0,144,0.0
8498,1000030081588.0,Retail,0.026,0.041,0,34,0.0
8499,5000005202750002.0,Retail,0.329,0.532,1,54,44172.0
8500,1000030081580.0,Retail,0.007,0.01,0,184,0.0
8501,1000030081634.0,Retail,0.032,0.033,0,13,0.0
8502,1000030081644.0,Retail,0.117,0.168,0,51,0.0
8503,1000030081632.0,Retail,0.05,0.056,0,45,0.0
8504,1000030081584.0,Retail,0.19,0.56,1,54,44172.0
8505,5000005202749838.0,Retail,,,,11,26829.0
8506,1000030081807.0,Retail,0.006,0.01,0,26,0.0
8507,1000030080777.0,Retail,0.066,0.23,0,260,0.0
8508,1000002310436968.0,Retail,0.131,0.145,0,22,0.0
8509,1000030081642.0,Retail,0.04,0.102,0,104,0.0
8510,1000030080775.0,Retail,0.002,0.002,0,103,0.0
8511,1000030081649.0,Retail,0.169,0.393,1,76,48640.0
8512,5000005202749712.0,Retail,0.906,1.036,1,5,6535.0
8513,1000030081613.0,Retail,0.022,0.061,0,454,0.0
8514,1000030081566.0,Retail,0.019,0.049,0,79,0.0
8515,1000042800783.0,Retail,0.042,0.052,0,160,0.0
8516,1000002310055977.0,Retail,0.006,0.012,0,130,0.0
8517,1000002310417666.0,Retail,0.136,0.29,0,30,0.0
8518,5000005239165828.0,Retail,0.008,0.019,0,14,0.0
8519,1000030081809.0,Retail,0.049,0.075,0,33,0.0
8520,1000030081831.0,Retail,0.032,0.056,0,8,0.0
8521,1000000060930826.0,Retail,0.043,0.142,0,9,0.0
8522,1000030081563.0,Retail,0.01,0.01,0,596,0.0
8523,1000030081799.0,Retail,0.042,0.123,0,58,0.0
8524,1000002310055991.0,Retail,0.024,0.039,0,63,0.0
8525,1000030081839.0,Retail,0.019,0.042,0,15,0.0
8526,1000002310052186.0,Retail,0.005,0.007,0,11,0.0
8527,1000030081636.0,Retail,0.034,0.034,0,13,0.0
8528,1000030081829.0,Retail,0.017,0.017,0,7,0.0
8529,1000030081616.0,Retail,0.003,0.004,0,28,0.0
8530,1000030081638.0,Retail,0.048,0.071,0,15,0.0
8531,1000030081601.0,Retail,0.015,0.023,0,492,0.0
8532,1000030081629.0,Retail,0.039,0.086,0,29,0.0
8533,1000030080797.0,Retail,0.015,0.041,0,103,0.0
8534,1000002310210094.0,Retail,0.136,0.196,0,3,0.0
8535,1000002310055990.0,Retail,0.023,0.052,0,61,0.0
8536,1000030080779.0,Retail,0.036,0.091,0,277,0.0
8537,1000030081836.0,Retail,0.002,0.002,0,5,0.0
8538,1000002310052192.0,Retail,0.004,0.006,0,13,0.0
8539,1000030128039.0,Retail,0.027,0.057,0,503,0.0
8540,1000030128040.0,Retail,0.008,0.014,0,234,0.0
8541,1000030128048.0,Retail,0.027,0.044,0,272,0.0
8542,1000030128041.0,Retail,0.008,0.014,0,164,0.0
8543,1000030081299.0,Retail,0.039,0.048,0,268,0.0
8544,1000030128049.0,Retail,0.028,0.044,0,96,0.0
8545,1000030081356.0,Retail,0.02,0.041,0,178,0.0
8546,1000030081365.0,Retail,0.039,0.044,0,256,0.0
8547,5000005210606801.0,Retail,0.005,0.011,0,29,0.0
8548,1000030081130.0,Retail,0.01,0.012,0,34,0.0
8549,1000030081367.0,Retail,0.013,0.028,0,98,0.0
8550,1000030081302.0,Retail,0.02,0.028,0,364,0.0
8551,1000002310420983.0,Retail,0.005,0.007,0,38,0.0
8552,1000030081368.0,Retail,0.063,0.114,0,83,0.0
8553,1000030081330.0,Retail,0.018,0.036,0,123,0.0
8554,1000030080952.0,Retail,0.064,0.145,0,150,0.0
8555,1000030081341.0,Retail,0.028,0.062,0,100,0.0
8556,1000030081110.0,Retail,0.009,0.029,0,593,0.0
8557,1000030081176.0,Retail,0.045,0.078,0,40,0.0
8558,1000030081122.0,Retail,0.041,0.041,0,68,0.0
8559,1000030081334.0,Retail,0.019,0.025,0,10,0.0
8560,1000030081156.0,Retail,0.069,0.136,0,1421,0.0
8561,1000030081178.0,Retail,0.052,0.08,0,70,0.0
8562,5000005210606963.0,Retail,0.008,0.017,0,33,0.0
8563,1000030081125.0,Retail,0.019,0.055,0,154,0.0
8564,1000030081179.0,Retail,0.025,0.044,0,1111,0.0
8565,1000030081114.0,Retail,0.034,0.094,0,525,0.0
8566,1000030081120.0,Retail,0.006,0.007,0,7,0.0
8567,1000030081335.0,Retail,0.01,0.033,0,170,0.0
8568,1000030081315.0,Retail,0.021,0.035,0,17,0.0
8569,1000030081070.0,Retail,0.01,0.024,0,19,0.0
8570,1000002020986144.0,Retail,0.031,0.072,0,1978,0.0
8571,1000030081331.0,Retail,0.021,0.024,0,75,0.0
8572,1000002310194900.0,Retail,0.034,0.088,0,36,0.0
8573,1000030081116.0,Retail,0.032,0.067,0,127,0.0
8574,1000030081392.0,Retail,0.023,0.059,0,31,0.0
8575,1000030081292.0,Retail,0.146,0.403,1,482,308480.0
8576,1000030080958.0,Retail,0.049,0.072,0,394,0.0
8577,1000030081298.0,Retail,0.039,0.055,0,116,0.0
8578,1000030081175.0,Retail,,,,383,934137.0
8579,1000030081290.0,Retail,0.06,0.132,0,858,0.0
8580,1000030081107.0,Retail,0.031,0.065,0,414,0.0
8581,1000041274688.0,Retail,0.024,0.065,0,104,0.0
8582,1000030081118.0,Retail,0.018,0.041,0,107,0.0
8583,1000030081174.0,Retail,0.003,0.004,0,59,0.0
8584,1000030080953.0,Retail,,,,267,651213.0
8585,1000030081316.0,Retail,0.019,0.033,0,43,0.0
8586,1000030080960.0,Retail,0.028,0.039,0,223,0.0
8587,5000005210606897.0,Retail,0.14,0.277,0,27,0.0
8588,1000030081169.0,Retail,0.045,0.069,0,157,0.0
8589,5000005210606901.0,Retail,0.074,0.167,0,8,0.0
8590,1000030081339.0,Retail,0.024,0.025,0,16,0.0
8591,1000030081332.0,Retail,0.018,0.018,0,1,0.0
8592,1000030081289.0,Retail,0.032,0.061,0,264,0.0
8593,1000030081349.0,Retail,0.019,0.042,0,573,0.0
8594,1000002310192762.0,Retail,0.042,0.06,0,18,0.0
8595,1000002310192769.0,Retail,0.007,0.011,0,26,0.0
8596,1000030080950.0,Retail,0.019,0.059,0,456,0.0
8597,1000030081180.0,Retail,0.002,0.003,0,28,0.0
8598,1000030080949.0,Retail,0.029,0.069,0,205,0.0
8599,1000030081333.0,Retail,0.016,0.024,0,13,0.0
8600,1000002310420968.0,Retail,0.023,0.033,0,40,0.0
8601,5000005205279572.0,Retail,0.003,0.004,0,6,0.0
8602,1000030081170.0,Retail,0.047,0.081,0,444,0.0
8603,1000030081131.0,Retail,0.01,0.012,0,123,0.0
8604,1000002310389435.0,Retail,0.011,0.031,0,203,0.0
8605,1000030081314.0,Retail,0.02,0.033,0,24,0.0
8606,1000030081115.0,Retail,0.032,0.065,0,304,0.0
8607,1000030081112.0,Retail,0.512,1.44,1,61,95160.0
8608,1000030081343.0,Retail,,,,4,9756.0
8609,1000041274687.0,Retail,0.062,0.127,0,67,0.0
8610,1000002310389434.0,Retail,0.018,0.024,0,65,0.0
8611,1000030081294.0,Retail,0.036,0.047,0,74,0.0
8612,1000030081297.0,Retail,0.049,0.087,0,35,0.0
8613,1000030081340.0,Retail,0.018,0.041,0,443,0.0
8614,1000030081164.0,Retail,0.108,0.169,0,27,0.0
8615,1000030081158.0,Retail,0.03,0.067,0,28,0.0
8616,1000030081124.0,Retail,0.003,0.004,0,27,0.0
8617,1000030081165.0,Retail,0.039,0.084,0,354,0.0
8618,1000030081362.0,Retail,0.031,0.073,0,56,0.0
8619,1000030081293.0,Retail,0.052,0.124,0,246,0.0
8620,1000030081308.0,Retail,0.034,0.055,0,11,0.0
8621,1000030081121.0,Retail,0.007,0.008,0,29,0.0
8622,1000030081366.0,Retail,0.007,0.007,0,258,0.0
8623,1000030081177.0,Retail,0.034,0.067,0,613,0.0
8624,1000030081171.0,Retail,0.043,0.109,0,53,0.0
8625,1000030081344.0,Retail,0.022,0.025,0,26,0.0
8626,1000030081363.0,Retail,0.022,0.041,0,34,0.0
8627,5000005205280881.0,Retail,0.003,0.003,0,8,0.0
8628,1000030081069.0,Retail,0.025,0.085,0,203,0.0
8629,1000030080951.0,Retail,0.003,0.007,0,417,0.0
8630,1000030081303.0,Retail,0.014,0.02,0,64,0.0
8631,1000030081295.0,Retail,0.042,0.066,0,82,0.0
8632,1000002310420975.0,Retail,0.038,0.059,0,29,0.0
8633,1000030081357.0,Retail,0.013,0.024,0,201,0.0
8634,1000030081157.0,Retail,0.038,0.082,0,587,0.0
8635,1000030081346.0,Retail,0.008,0.016,0,10,0.0
8636,1000030081296.0,Retail,0.041,0.07,0,118,0.0
8637,5000005238845774.0,Retail,0.003,0.003,0,37,0.0
8638,1000030081173.0,Retail,0.035,0.067,0,434,0.0
8639,1000000060925839.0,Retail,0.121,0.212,0,5,0.0
8640,1000030081291.0,Retail,0.055,0.083,0,22,0.0
8641,1000030081159.0,Retail,0.024,0.084,0,72,0.0
8642,1000030081167.0,Retail,0.004,0.005,0,17,0.0
8643,1000030081345.0,Retail,0.013,0.016,0,12,0.0
8644,1000030081117.0,Retail,0.018,0.033,0,23,0.0
8645,1000041274684.0,Retail,0.059,0.159,0,1556,0.0
8646,1000030081123.0,Retail,0.006,0.008,0,63,0.0
8647,1000002310192765.0,Retail,0.005,0.008,0,18,0.0
8648,1000030081364.0,Retail,0.068,0.172,0,4,0.0
8649,1000030081172.0,Retail,0.032,0.065,0,113,0.0
8650,1000030081168.0,Retail,0.04,0.054,0,75,0.0
8651,1000030081008.0,Retail,0.09,0.228,0,309,0.0
8652,1000000060925654.0,Retail,0.015,0.036,0,32,0.0
8653,1000030081607.0,Retail,0.039,0.051,0,296,0.0
8654,1000030081019.0,Retail,0.041,0.103,0,430,0.0
8655,1000030081088.0,Retail,0.041,0.041,0,40,0.0
8656,1000030080986.0,Retail,,,,83,202437.0
8657,5000005254654019.0,Retail,0.073,0.106,0,325,0.0
8658,5000005202749770.0,Retail,0.019,0.029,0,15,0.0
8659,1000030045581.0,Retail,0.051,0.097,0,317,0.0
8660,1000030080974.0,Retail,0.083,0.086,0,22,0.0
8661,1000030080787.0,Retail,0.046,0.104,0,87,0.0
8662,1000030047470.0,Retail,0.15,0.391,1,744,476160.0
8663,1000030081099.0,Retail,,,,3,7317.0
8664,1000030080980.0,Retail,0.119,0.164,0,81,0.0
8665,5000005207582571.0,Retail,0.038,0.065,0,5,0.0
8666,1000002310447760.0,Retail,0.024,0.027,0,1,0.0
8667,5000005133355142.0,Retail,0.049,0.111,0,295,0.0
8668,1000030080540.0,Retail,0.564,0.854,1,34,37706.0
8669,1000030081606.0,Retail,0.015,0.039,0,256,0.0
8670,1000030080987.0,Retail,0.07,0.252,0,1831,0.0
8671,1000030080832.0,Retail,0.008,0.017,0,149,0.0
8672,1000030081082.0,Retail,0.052,0.068,0,290,0.0
8673,5000005101032780.0,Retail,0.053,0.079,0,212,0.0
8674,5000005202749765.0,Retail,0.025,0.048,0,7,0.0
8675,1000030081037.0,Retail,0.014,0.029,0,127,0.0
8676,1000030081084.0,Retail,0.06,0.069,0,24,0.0
8677,5000005103341963.0,Retail,0.136,0.165,0,27,0.0
8678,1000030080168.0,Retail,0.383,0.473,1,39,24960.0
8679,1000002310439908.0,Retail,0.028,0.033,0,164,0.0
8680,5000005205280078.0,Retail,0.212,0.312,1,8,5120.0
8681,1000030081379.0,Retail,0.014,0.017,0,24,0.0
8682,1000030079706.0,Retail,0.002,0.002,0,18,0.0
8683,1000030080849.0,Retail,0.184,0.521,1,35,28630.0
8684,1000030081006.0,Retail,0.094,0.257,0,638,0.0
8685,1000030081764.0,Retail,0.101,0.196,0,51,0.0
8686,1000030079721.0,Retail,0.062,0.119,0,400,0.0
8687,1000030080166.0,Retail,0.07,0.072,0,249,0.0
8688,1000030081058.0,Retail,0.034,0.041,0,99,0.0
8689,1000030080752.0,Retail,0.062,0.111,0,38,0.0
8690,1000030045815.0,Retail,0.147,0.278,0,13,0.0
8691,5000005132839659.0,Retail,0.096,0.113,0,6,0.0
8692,1000030080750.0,Retail,0.063,0.076,0,44,0.0
8693,1000002310417671.0,Retail,0.042,0.068,0,54,0.0
8694,1000030079789.0,Retail,0.002,0.002,0,4,0.0
8695,1000030080767.0,Retail,0.09,0.248,0,795,0.0
8696,1000030081684.0,Retail,0.131,0.23,0,41,0.0
8697,1000002310415320.0,Retail,0.002,0.003,0,18,0.0
8698,1000030081689.0,Retail,0.145,0.158,0,93,0.0
8699,1000002310436841.0,Retail,0.002,0.003,0,17,0.0
8700,1000030080746.0,Retail,0.049,0.098,0,703,0.0
8701,1000030080602.0,Retail,0.041,0.089,0,138,0.0
8702,1000030081001.0,Retail,0.042,0.082,0,123,0.0
8703,5000005181575174.0,Retail,0.026,0.028,0,3,0.0
8704,1000030080248.0,Retail,0.007,0.015,0,12,0.0
8705,1000030079754.0,Retail,0.02,0.022,0,433,0.0
8706,1000002310417614.0,Retail,0.032,0.048,0,2,0.0
8707,1000030081681.0,Retail,0.044,0.052,0,25,0.0
8708,1000030081688.0,Retail,0.134,0.159,0,44,0.0
8709,1000030081850.0,Retail,0.11,0.111,0,37,0.0
8710,1000030079724.0,Retail,,,,26,63414.0
8711,1000030080734.0,Retail,0.067,0.107,0,175,0.0
8712,1000030079707.0,Retail,0.012,0.031,0,75,0.0
8713,1000030080032.0,Retail,0.035,0.046,0,265,0.0
8714,1000030081055.0,Retail,0.01,0.013,0,66,0.0
8715,1000030081004.0,Retail,0.064,0.159,0,117,0.0
8716,1000030081081.0,Retail,0.017,0.047,0,351,0.0
8717,1000030080169.0,Retail,0.195,0.846,1,400,443600.0
8718,1000030080163.0,Retail,0.029,0.045,0,3,0.0
8719,1000030080857.0,Retail,0.007,0.014,0,223,0.0
8720,1000030080747.0,Retail,0.059,0.057,0,643,0.0
8721,1000030081092.0,Retail,0.041,0.041,0,73,0.0
8722,1000002310228953.0,Retail,0.508,0.816,1,31,34379.0
8723,1000002310187646.0,Retail,0.037,0.136,0,1809,0.0
8724,1000030080251.0,Retail,0.018,0.022,0,129,0.0
8725,1000030081374.0,Retail,0.073,0.193,0,515,0.0
8726,1000030079929.0,Retail,,,,214,521946.0
8727,1000030079705.0,Retail,0.081,0.183,0,803,0.0
8728,1000030079742.0,Retail,0.043,0.058,0,3,0.0
8729,1000030080855.0,Retail,0.016,0.037,0,101,0.0
8730,1000030081605.0,Retail,0.023,0.036,0,133,0.0
8731,1000030081746.0,Retail,0.028,0.066,0,273,0.0
8732,1000030047472.0,Retail,0.255,0.314,1,9,5760.0
8733,1000030080027.0,Retail,0.046,0.041,0,465,0.0
8734,1000030080342.0,Retail,0.03,0.055,0,1065,0.0
8735,1000030047825.0,Retail,0.045,0.145,0,959,0.0
8736,1000030080424.0,Retail,0.07,0.156,0,139,0.0
8737,5000005254654020.0,Retail,0.104,0.202,0,792,0.0
8738,1000000060925443.0,Retail,0.028,0.03,0,123,0.0
8739,1000030081856.0,Retail,0.068,0.085,0,12,0.0
8740,1000030081096.0,Retail,0.053,0.072,0,17,0.0
8741,1000002310439911.0,Retail,0.034,0.048,0,60,0.0
8742,1000030081609.0,Retail,0.081,0.193,0,913,0.0
8743,1000002310417613.0,Retail,0.02,0.042,0,20,0.0
8744,1000002310389423.0,Retail,0.133,0.168,0,1229,0.0
8745,1000030081849.0,Retail,0.09,0.113,0,351,0.0
8746,1000030081847.0,Retail,0.01,0.041,0,330,0.0
8747,1000030080976.0,Retail,0.019,0.056,0,349,0.0
8748,1000030080753.0,Retail,0.038,0.103,0,40,0.0
8749,1000030079731.0,Retail,0.04,0.123,0,326,0.0
8750,5000005202749773.0,Retail,0.089,0.227,0,229,0.0
8751,1000030081854.0,Retail,0.147,0.26,0,17,0.0
8752,1000030080984.0,Retail,0.118,0.156,0,1208,0.0
8753,1000030080973.0,Retail,0.037,0.077,0,227,0.0
8754,5000005101959537.0,Retail,0.199,0.199,0,2,0.0
8755,1000030079693.0,Retail,0.013,0.041,0,1240,0.0
8756,1000030081053.0,Retail,0.041,0.041,0,73,0.0
8757,1000030080341.0,Retail,0.118,0.264,0,178,0.0
8758,1000002310447761.0,Retail,0.002,0.002,0,1,0.0
8759,1000002310151432.0,Retail,0.1,0.274,0,9,0.0
8760,1000030045580.0,Retail,0.048,0.136,0,574,0.0
8761,1000002310228818.0,Retail,0.024,0.028,0,19,0.0
8762,1000030079807.0,Retail,0.093,0.224,0,292,0.0
8763,1000030079728.0,Retail,0.047,0.105,0,352,0.0
8764,1000030080851.0,Retail,0.31,0.989,1,282,312738.0
8765,1000030079755.0,Retail,0.026,0.053,0,434,0.0
8766,1000030081003.0,Retail,0.042,0.074,0,57,0.0
8767,1000030081106.0,Retail,0.049,0.066,0,131,0.0
8768,1000030080667.0,Retail,0.008,0.015,0,31,0.0
8769,1000030081101.0,Retail,0.048,0.077,0,209,0.0
8770,1000030080744.0,Retail,0.012,0.025,0,67,0.0
8771,1000030081013.0,Retail,0.019,0.045,0,16,0.0
8772,5000005101959531.0,Retail,0.117,0.178,0,28,0.0
8773,1000030081675.0,Retail,,,,75,182925.0
8774,1000030080009.0,Retail,,,,232,565848.0
8775,1000030081059.0,Retail,0.042,0.057,0,120,0.0
8776,1000030080748.0,Retail,0.038,0.042,0,20,0.0
8777,1000030080835.0,Retail,0.01,0.018,0,112,0.0
8778,1000030080968.0,Retail,0.024,0.05,0,168,0.0
8779,1000030079744.0,Retail,0.037,0.09,0,988,0.0
8780,1000030081396.0,Retail,0.056,0.111,0,1360,0.0
8781,1000030079761.0,Retail,0.076,0.13,0,11,0.0
8782,1000030080162.0,Retail,0.019,0.039,0,3,0.0
8783,1000030081077.0,Retail,0.017,0.041,0,203,0.0
8784,1000030080729.0,Retail,0.074,0.117,0,105,0.0
8785,1000030080571.0,Retail,0.02,0.036,0,501,0.0
8786,5000005181575177.0,Retail,0.014,0.015,0,1,0.0
8787,1000002310417670.0,Retail,0.038,0.086,0,40,0.0
8788,1000030080733.0,Retail,0.031,0.083,0,509,0.0
8789,1000030080754.0,Retail,0.046,0.102,0,41,0.0
8790,1000030080706.0,Retail,0.069,0.122,0,402,0.0
8791,1000030081078.0,Retail,0.048,0.059,0,52,0.0
8792,1000030080029.0,Retail,0.34,0.5,1,24,15360.0
8793,1000030080848.0,Retail,0.136,0.336,1,312,199680.0
8794,1000002310420973.0,Retail,0.041,0.041,0,0,0.0
8795,1000030045739.0,Retail,0.106,0.338,1,969,620160.0
8796,5000005210606813.0,Retail,0.025,0.069,0,10,0.0
8797,1000030080751.0,Retail,0.085,0.111,0,42,0.0
8798,5000005101959535.0,Retail,0.078,0.112,0,606,0.0
8799,1000030081674.0,Retail,,,,74,180486.0
8800,1000030081690.0,Retail,0.082,0.128,0,426,0.0
8801,1000030079927.0,Retail,0.181,0.453,1,125,80000.0
8802,1000030081093.0,Retail,0.062,0.062,0,40,0.0
8803,1000030080745.0,Retail,0.033,0.094,0,1062,0.0
8804,1000002310389429.0,Retail,0.044,0.099,0,16,0.0
8805,1000030081080.0,Retail,0.03,0.062,0,561,0.0
8806,1000030080766.0,Retail,0.065,0.174,0,105,0.0
8807,1000030079930.0,Retail,,,,602,1468278.0
8808,1000002310447765.0,Retail,0.028,0.036,0,1,0.0
8809,1000030080837.0,Retail,0.208,0.658,1,944,772192.0
8810,1000030045582.0,Retail,0.043,0.086,0,82,0.0
8811,1000030080173.0,Retail,0.027,0.036,0,236,0.0
8812,1000030080664.0,Retail,0.036,0.068,0,701,0.0
8813,1000030081049.0,Retail,0.003,0.004,0,178,0.0
8814,1000030081034.0,Retail,0.044,0.063,0,23,0.0
8815,1000030079735.0,Retail,0.011,0.041,0,216,0.0
8816,1000030081029.0,Retail,0.005,0.006,0,70,0.0
8817,1000030079709.0,Retail,0.004,0.008,0,93,0.0
8818,5000005190736252.0,Retail,0.011,0.019,0,93,0.0
8819,1000030081687.0,Retail,0.057,0.093,0,44,0.0
8820,1000030081090.0,Retail,0.06,0.082,0,153,0.0
8821,1000030081095.0,Retail,0.061,0.089,0,44,0.0
8822,5000005210606852.0,Retail,0.041,0.068,0,63,0.0
8823,1000030081697.0,Retail,0.074,0.086,0,38,0.0
8824,5000005206404116.0,Retail,0.06,0.022,0,269,0.0
8825,1000030080977.0,Retail,0.042,0.064,0,31,0.0
8826,1000030080964.0,Retail,0.018,0.037,0,29,0.0
8827,1000030045584.0,Retail,0.018,0.052,0,104,0.0
8828,1000030081748.0,Retail,0.02,0.042,0,373,0.0
8829,1000030080028.0,Retail,0.062,0.129,0,737,0.0
8830,1000030081851.0,Retail,0.106,0.108,0,13,0.0
8831,1000030079711.0,Retail,0.142,0.216,0,52,0.0
8832,5000005202750191.0,Retail,0.003,0.005,0,103,0.0
8833,1000002310420884.0,Retail,0.032,0.068,0,33,0.0
8834,1000030080860.0,Retail,0.077,0.117,0,119,0.0
8835,1000030079716.0,Retail,0.078,0.116,0,129,0.0
8836,5000005217037066.0,Retail,0.022,0.015,0,320,0.0
8837,1000000060930642.0,Retail,0.07,0.229,0,28,0.0
8838,1000030080569.0,Retail,0.101,0.191,0,192,0.0
8839,1000030080862.0,Retail,0.04,0.086,0,550,0.0
8840,5000005101959547.0,Retail,0.144,0.302,1,14,8960.0
8841,1000030079932.0,Retail,,,,156,380484.0
8842,1000030079920.0,Retail,0.024,0.044,0,348,0.0
8843,5000005103341956.0,Retail,0.01,0.014,0,51,0.0
8844,1000002310389421.0,Retail,0.148,0.175,0,9,0.0
8845,1000030080741.0,Retail,0.03,0.045,0,244,0.0
8846,1000030081038.0,Retail,0.02,0.029,0,39,0.0
8847,1000030080164.0,Retail,0.046,0.052,0,3,0.0
8848,1000030081673.0,Retail,0.097,0.116,0,1599,0.0
8849,1000030081763.0,Retail,0.166,0.291,0,110,0.0
8850,1000030080998.0,Retail,0.068,0.08,0,47,0.0
8851,1000030080705.0,Retail,0.049,0.072,0,69,0.0
8852,1000030081035.0,Retail,0.063,0.074,0,120,0.0
8853,1000002310420971.0,Retail,0.047,0.072,0,163,0.0
8854,1000030080152.0,Retail,0.199,0.449,1,3,1920.0
8855,1000030080601.0,Retail,0.027,0.079,0,256,0.0
8856,1000030079646.0,Retail,0.112,0.461,1,164,104960.0
8857,1000002020971052.0,Retail,0.031,0.094,0,691,0.0
8858,1000030080158.0,Retail,0.077,0.1,0,608,0.0
8859,1000030079645.0,Retail,0.023,0.04,0,41,0.0
8860,1000030080577.0,Retail,0.011,0.033,0,132,0.0
8861,1000030080340.0,Retail,0.058,0.152,0,195,0.0
8862,1000030081608.0,Retail,0.008,0.017,0,169,0.0
8863,1000030080975.0,Retail,0.022,0.061,0,104,0.0
8864,1000030080176.0,Retail,0.024,0.026,0,53,0.0
8865,1000030080049.0,Retail,0.003,0.004,0,179,0.0
8866,1000030080679.0,Retail,0.007,0.015,0,23,0.0
8867,1000030081000.0,Retail,0.046,0.099,0,119,0.0
8868,1000030081087.0,Retail,0.041,0.041,0,48,0.0
8869,1000002310420972.0,Retail,0.105,0.162,0,31,0.0
8870,1000030081742.0,Retail,0.012,0.013,0,253,0.0
8871,1000030045816.0,Retail,0.004,0.006,0,13,0.0
8872,1000002310363453.0,Retail,0.023,0.057,0,64,0.0
8873,1000030080863.0,Retail,0.002,0.002,0,64,0.0
8874,1000030080792.0,Retail,0.064,0.117,0,105,0.0
8875,1000030081028.0,Retail,0.003,0.003,0,27,0.0
8876,1000030081833.0,Retail,0.115,0.185,0,422,0.0
8877,1000030079727.0,Retail,0.162,0.383,1,191,122240.0
8878,1000030079922.0,Retail,0.076,0.197,0,23,0.0
8879,5000005217037019.0,Retail,0.032,0.056,0,596,0.0
8880,1000030080830.0,Retail,0.022,0.056,0,223,0.0
8881,5000005210606869.0,Retail,0.018,0.049,0,7,0.0
8882,5000005157154155.0,Retail,0.034,0.063,0,1300,0.0
8883,1000030045738.0,Retail,0.077,0.248,0,1250,0.0
8884,5000005217037023.0,Retail,0.216,0.716,1,455,372190.0
8885,1000030080025.0,Retail,0.239,0.74,1,1209,988962.0
8886,1000030081100.0,Retail,0.052,0.086,0,8,0.0
8887,1000030080858.0,Retail,0.038,0.118,0,114,0.0
8888,1000030079736.0,Retail,0.012,0.03,0,52,0.0
8889,5000005239165764.0,Retail,0.015,0.023,0,10,0.0
8890,1000030081079.0,Retail,0.041,0.041,0,22,0.0
8891,1000030080999.0,Retail,0.068,0.09,0,157,0.0
8892,1000030079708.0,Retail,,,,9,21951.0
8893,1000030079722.0,Retail,0.072,0.116,0,220,0.0
8894,5000005190736265.0,Retail,0.031,0.082,0,180,0.0
8895,5000005108133646.0,Retail,0.015,0.029,0,1330,0.0
8896,1000030079928.0,Retail,0.306,0.544,1,98,80164.0
8897,1000030080969.0,Retail,0.032,0.043,0,70,0.0
8898,1000030080007.0,Retail,,,,93,226827.0
8899,1000030081062.0,Retail,0.064,0.087,0,103,0.0
8900,1000030080738.0,Retail,0.028,0.057,0,958,0.0
8901,1000030080013.0,Retail,,,,3,7317.0
8902,1000030081083.0,Retail,0.05,0.065,0,136,0.0
8903,1000030080707.0,Retail,0.05,0.088,0,242,0.0
8904,1000030081076.0,Retail,,,,3,7317.0
8905,1000002310415313.0,Retail,0.605,0.65,1,5,4090.0
8906,1000002310420883.0,Retail,0.091,0.145,0,98,0.0
8907,5000005210606791.0,Retail,,,,12,29268.0
8908,1000030081072.0,Retail,0.018,0.018,0,115,0.0
8909,1000030080578.0,Retail,0.032,0.106,0,54,0.0
8910,5000005101959545.0,Retail,0.14,0.262,0,21,0.0
8911,1000030080991.0,Retail,0.066,0.156,0,221,0.0
8912,5000005190736263.0,Retail,0.046,0.159,0,513,0.0
8913,1000030080167.0,Retail,0.257,0.45,1,2,1280.0
8914,5000005202749878.0,Retail,0.009,0.011,0,24,0.0
8915,1000030080174.0,Retail,0.046,0.052,0,35,0.0
8916,1000030080423.0,Retail,0.051,0.094,0,10,0.0
8917,1000030080966.0,Retail,0.031,0.061,0,119,0.0
8918,1000002020971056.0,Retail,0.03,0.075,0,1164,0.0
8919,1000002020971057.0,Retail,0.083,0.138,0,124,0.0
8920,1000030079710.0,Retail,0.103,0.208,0,46,0.0
8921,1000030081104.0,Retail,0.049,0.068,0,67,0.0
8922,1000030081052.0,Retail,0.045,0.052,0,63,0.0
8923,1000030081036.0,Retail,0.044,0.062,0,168,0.0
8924,1000042551865.0,Retail,0.249,0.723,1,801,655218.0
8925,1000030080726.0,Retail,0.096,0.122,0,44,0.0
8926,1000002310420309.0,Retail,,,,87,212193.0
8927,1000030080834.0,Retail,0.017,0.029,0,180,0.0
8928,1000030079725.0,Retail,0.09,0.128,0,69,0.0
8929,1000030079661.0,Retail,0.021,0.035,0,17,0.0
8930,1000030081010.0,Retail,0.023,0.042,0,611,0.0
8931,1000030080788.0,Retail,0.055,0.117,0,48,0.0
8932,1000030079714.0,Retail,0.049,0.104,0,1245,0.0
8933,1000030080008.0,Retail,,,,101,246339.0
8934,1000030079810.0,Retail,0.074,0.041,0,73,0.0
8935,1000030081054.0,Retail,0.025,0.034,0,140,0.0
8936,1000030079715.0,Retail,0.089,0.209,0,63,0.0
8937,1000030081051.0,Retail,0.041,0.041,0,390,0.0
8938,1000030080740.0,Retail,0.038,0.063,0,173,0.0
8939,5000005101959523.0,Retail,0.087,0.194,0,1536,0.0
8940,1000030079660.0,Retail,0.051,0.09,0,9,0.0
8941,5000005103341961.0,Retail,0.231,0.698,1,1213,992234.0
8942,1000030080790.0,Retail,0.111,0.272,0,308,0.0
8943,1000030081857.0,Retail,0.046,0.108,0,1112,0.0
8944,1000030080793.0,Retail,0.042,0.105,0,279,0.0
8945,1000000060925903.0,Retail,0.919,0.968,1,6,6654.0
8946,5000005190736261.0,Retail,0.02,0.035,0,1230,0.0
8947,1000030080156.0,Retail,0.006,0.008,0,20,0.0
8948,1000030081086.0,Retail,0.041,0.041,0,52,0.0
8949,1000030081678.0,Retail,0.121,0.15,0,168,0.0
8950,1000030080579.0,Retail,0.051,0.112,0,61,0.0
8951,1000030081699.0,Retail,0.098,0.114,0,314,0.0
8952,1000002310447763.0,Retail,0.028,0.045,0,137,0.0
8953,1000030045737.0,Retail,0.044,0.122,0,976,0.0
8954,1000030081005.0,Retail,0.058,0.091,0,212,0.0
8955,1000030081098.0,Retail,,,,4,9756.0
8956,1000030081377.0,Retail,0.042,0.085,0,125,0.0
8957,1000000060910743.0,Retail,0.011,0.028,0,52,0.0
8958,1000030080172.0,Retail,0.046,0.07,0,160,0.0
8959,1000042800779.0,Retail,0.07,0.08,0,9,0.0
8960,1000030079694.0,Retail,0.031,0.067,0,135,0.0
8961,1000000060925902.0,Retail,0.915,0.991,1,52,57668.0
8962,1000030081680.0,Retail,0.063,0.104,0,106,0.0
8963,5000005101959540.0,Retail,0.05,0.126,0,25,0.0
8964,5000005173280959.0,Retail,0.019,0.045,0,18,0.0
8965,1000030080668.0,Retail,0.032,0.054,0,4,0.0
8966,1000030081032.0,Retail,0.068,0.084,0,324,0.0
8967,1000030079757.0,Retail,0.072,0.136,0,6,0.0
8968,5000005103341958.0,Retail,0.098,0.101,0,5,0.0
8969,1000030079808.0,Retail,0.052,0.121,0,133,0.0
8970,1000030080755.0,Retail,0.056,0.119,0,42,0.0
8971,1000030080338.0,Retail,0.02,0.049,0,275,0.0
8972,1000030081026.0,Retail,0.087,0.145,0,240,0.0
8973,5000005133355144.0,Retail,0.152,0.217,0,14,0.0
8974,1000002310392513.0,Retail,0.018,0.03,0,39,0.0
8975,1000030080568.0,Retail,0.029,0.056,0,179,0.0
8976,1000002310151431.0,Retail,0.098,0.306,0,54,0.0
8977,1000030079933.0,Retail,,,,6,14634.0
8978,1000030079748.0,Retail,0.273,0.508,1,252,206136.0
8979,5000005101959529.0,Retail,0.194,0.587,1,524,428632.0
8980,1000030080691.0,Retail,0.043,0.166,0,1036,0.0
8981,1000030081686.0,Retail,0.136,0.502,1,215,175870.0
8982,1000030080339.0,Retail,0.03,0.055,0,458,0.0
8983,1000030080965.0,Retail,0.038,0.066,0,176,0.0
8984,1000030080157.0,Retail,0.009,0.009,0,3,0.0
8985,1000030081676.0,Retail,,,,70,170730.0
8986,1000030079733.0,Retail,0.049,0.13,0,40,0.0
8987,1000030079739.0,Retail,0.008,0.024,0,155,0.0
8988,1000030080558.0,Retail,0.096,0.11,0,81,0.0
8989,1000030081394.0,Retail,0.049,0.089,0,61,0.0
8990,1000030081012.0,Retail,0.032,0.088,0,119,0.0
8991,1000030045583.0,Retail,0.081,0.214,0,843,0.0
8992,1000030081603.0,Retail,0.05,0.068,0,149,0.0
8993,1000030081031.0,Retail,0.049,0.111,0,109,0.0
8994,5000005108134300.0,Retail,0.02,0.026,0,35,0.0
8995,1000030080673.0,Retail,0.018,0.018,0,6,0.0
8996,1000030080749.0,Retail,0.05,0.068,0,41,0.0
8997,1000030079659.0,Retail,0.052,0.09,0,2,0.0
8998,5000005101959552.0,Retail,0.092,0.165,0,464,0.0
8999,5000005239165818.0,Retail,0.002,0.002,0,12,0.0
9000,5000005202750246.0,Retail,0.03,0.074,0,42,0.0
9001,1000030081611.0,Retail,0.069,0.164,0,486,0.0
9002,1000030079743.0,Retail,0.476,0.823,1,20,22180.0
9003,1000030079644.0,Retail,0.096,0.189,0,494,0.0
9004,1000030080978.0,Retail,0.015,0.039,0,47,0.0
9005,1000002310420970.0,Retail,0.049,0.111,0,15,0.0
9006,5000005202749842.0,Retail,0.564,0.643,1,27,22086.0
9007,1000030079926.0,Retail,0.041,0.104,0,327,0.0
9008,1000030080011.0,Retail,,,,5,12195.0
9009,1000030081682.0,Retail,0.225,0.4,1,117,74880.0
9010,1000030080990.0,Retail,0.045,0.058,0,87,0.0
9011,1000030080030.0,Retail,0.183,0.514,1,97,79346.0
9012,5000005190736266.0,Retail,0.02,0.04,0,27,0.0
9013,5000005210606899.0,Retail,0.03,0.053,0,6,0.0
9014,1000030079760.0,Retail,0.056,0.068,0,11,0.0
9015,1000030081821.0,Retail,0.003,0.005,0,231,0.0
9016,1000002310389420.0,Retail,0.075,0.182,0,27,0.0
9017,1000002310228952.0,Retail,0.252,0.469,1,24,15360.0
9018,1000030081021.0,Retail,0.07,0.132,0,591,0.0
9019,1000030080967.0,Retail,0.026,0.057,0,114,0.0
9020,1000030079717.0,Retail,0.019,0.027,0,509,0.0
9021,1000030079923.0,Retail,0.014,0.027,0,1175,0.0
9022,1000030081679.0,Retail,0.088,0.102,0,65,0.0
9023,1000030081094.0,Retail,0.075,0.094,0,71,0.0
9024,1000030080992.0,Retail,0.103,0.193,0,140,0.0
9025,1000002310439907.0,Retail,0.042,0.057,0,1318,0.0
9026,5000005133355157.0,Retail,0.027,0.085,0,788,0.0
9027,5000005133355138.0,Retail,0.044,0.117,0,35,0.0
9028,5000005205280600.0,Retail,0.132,0.186,0,11,0.0
9029,1000030079647.0,Retail,0.169,0.39,1,710,454400.0
9030,1000030080709.0,Retail,0.022,0.038,0,26,0.0
9031,1000030081085.0,Retail,0.037,0.087,0,7,0.0
9032,1000030080730.0,Retail,0.079,0.106,0,71,0.0
9033,1000030080850.0,Retail,0.115,0.253,0,60,0.0
9034,1000030081105.0,Retail,0.052,0.084,0,92,0.0
9035,1000030080859.0,Retail,0.101,0.123,0,1,0.0
9036,5000005202749983.0,Retail,0.058,0.107,0,5,0.0
9037,1000030081091.0,Retail,0.066,0.089,0,22,0.0
9038,5000005210606987.0,Retail,0.01,0.024,0,6,0.0
9039,1000030081696.0,Retail,0.084,0.103,0,49,0.0
9040,1000002310199693.0,Retail,0.081,0.106,0,649,0.0
9041,1000030079759.0,Retail,0.059,0.104,0,31,0.0
9042,1000002310187645.0,Retail,0.004,0.005,0,6,0.0
9043,1000030081047.0,Retail,0.025,0.079,0,228,0.0
9044,1000030080658.0,Retail,0.036,0.062,0,144,0.0
9045,1000030080179.0,Retail,0.013,0.013,0,31,0.0
9046,1000030081372.0,Retail,0.08,0.115,0,245,0.0
9047,1000002310210098.0,Retail,0.075,0.325,0,190,0.0
9048,1000030079809.0,Retail,0.06,0.128,0,173,0.0
9049,1000030080833.0,Retail,0.014,0.03,0,175,0.0
9050,1000030079741.0,Retail,0.106,0.207,0,92,0.0
9051,1000030081371.0,Retail,0.068,0.087,0,71,0.0
9052,1000030080993.0,Retail,0.139,0.227,0,16,0.0
9053,1000030047826.0,Retail,0.018,0.02,0,2,0.0
9054,1000002310447762.0,Retail,0.019,0.043,0,34,0.0
9055,1000030081745.0,Retail,0.006,0.017,0,150,0.0
9056,1000030080972.0,Retail,0.014,0.024,0,255,0.0
9057,5000005207585096.0,Retail,0.066,0.094,0,5,0.0
9058,5000005154256190.0,Retail,0.012,0.018,0,21,0.0
9059,1000030081698.0,Retail,0.087,0.109,0,37,0.0
9060,5000005190513456.0,Retail,0.014,0.019,0,8,0.0
9061,1000042551864.0,Retail,0.079,0.096,0,24,0.0
9062,1000030080732.0,Retail,0.112,0.163,0,74,0.0
9063,1000030080160.0,Retail,0.038,0.038,0,2,0.0
9064,1000030079718.0,Retail,0.002,0.002,0,39,0.0
9065,1000030081050.0,Retail,0.033,0.064,0,2592,0.0
9066,5000005101032779.0,Retail,0.089,0.186,0,5,0.0
9067,1000030081715.0,Retail,0.143,0.464,1,188,120320.0
9068,5000005133355158.0,Retail,0.208,0.224,0,0,0.0
9069,1000030080153.0,Retail,0.165,0.522,1,93,76074.0
9070,1000030081030.0,Retail,0.051,0.154,0,210,0.0
9071,1000030080831.0,Retail,0.107,0.367,1,50,32000.0
9072,1000030080981.0,Retail,0.109,0.124,0,101,0.0
9073,5000005202750247.0,Retail,0.088,0.132,0,13,0.0
9074,1000030079704.0,Retail,0.043,0.131,0,387,0.0
9075,1000030080997.0,Retail,0.076,0.091,0,134,0.0
9076,1000030081024.0,Retail,0.025,0.067,0,185,0.0
9077,1000030080178.0,Retail,0.04,0.063,0,421,0.0
9078,1000030080692.0,Retail,0.099,0.308,0,325,0.0
9079,1000030081685.0,Retail,0.255,0.502,1,94,76892.0
9080,1000030079740.0,Retail,0.041,0.127,0,34,0.0
9081,1000030080575.0,Retail,0.031,0.056,0,303,0.0
9082,1000030080175.0,Retail,0.05,0.054,0,35,0.0
9083,1000030080727.0,Retail,0.087,0.127,0,319,0.0
9084,1000030080010.0,Retail,,,,440,1073160.0
9085,1000030080177.0,Retail,0.032,0.051,0,329,0.0
9086,1000002310199696.0,Retail,,,,154,375606.0
9087,1000002310363451.0,Retail,0.007,0.008,0,72,0.0
9088,1000002310363454.0,Retail,0.052,0.065,0,1393,0.0
9089,1000030080573.0,Retail,0.043,0.112,0,283,0.0
9090,1000030045814.0,Retail,0.095,0.276,0,7,0.0
9091,1000030079723.0,Retail,0.017,0.018,0,99,0.0
9092,1000030081373.0,Retail,0.092,0.154,0,196,0.0
9093,1000030081027.0,Retail,0.067,0.078,0,219,0.0
9094,1000030081020.0,Retail,0.042,0.109,0,285,0.0
9095,1000002310084797.0,Retail,0.111,0.2,0,58,0.0
9096,1000030079713.0,Retail,0.073,0.151,0,362,0.0
9097,1000030081002.0,Retail,0.036,0.082,0,46,0.0
9098,1000030081393.0,Retail,0.014,0.032,0,118,0.0
9099,5000005202749805.0,Retail,0.107,0.128,0,6,0.0
9100,1000002310389425.0,Retail,0.061,0.083,0,128,0.0
9101,5000005133355146.0,Retail,0.239,0.673,1,212,173416.0
9102,1000030047471.0,Retail,0.037,0.044,0,3,0.0
9103,1000030080161.0,Retail,0.024,0.035,0,14,0.0
9104,1000030079712.0,Retail,0.182,0.182,0,12,0.0
9105,1000000060910696.0,Retail,,,,524,1278036.0
9106,1000030080140.0,Retail,0.018,0.033,0,2554,0.0
9107,1000030080739.0,Retail,0.048,0.081,0,119,0.0
9108,1000030079758.0,Retail,0.016,0.018,0,52,0.0
9109,1000042800754.0,Retail,,,,60,146340.0
9110,1000030045585.0,Retail,0.053,0.161,0,446,0.0
9111,1000030081815.0,Retail,0.112,0.145,0,27,0.0
9112,5000005181575176.0,Retail,0.025,0.052,0,408,0.0
9113,1000030079931.0,Retail,,,,368,897552.0
9114,1000030081677.0,Retail,,,,72,175608.0
9115,1000030081056.0,Retail,0.034,0.055,0,234,0.0
9116,1000030081089.0,Retail,0.041,0.041,0,45,0.0
9117,1000030080708.0,Retail,0.066,0.072,0,1,0.0
9118,1000030081385.0,Retail,0.018,0.018,0,4,0.0
9119,1000002310084798.0,Retail,0.038,0.092,0,708,0.0
9120,5000005101959528.0,Retail,0.496,1.077,1,209,273163.0
9121,1000030080585.0,Retail,0.026,0.026,0,193,0.0
9122,5000005190736273.0,Retail,0.02,0.037,0,107,0.0
9123,5000005210606864.0,Retail,0.044,0.044,0,2,0.0
9124,1000030080794.0,Retail,0.041,0.122,0,1613,0.0
9125,5000005103341957.0,Retail,0.165,0.206,0,3,0.0
9126,5000005202749871.0,Retail,0.042,0.048,0,6,0.0
9127,1000030080970.0,Retail,0.041,0.043,0,61,0.0
9128,1000030080971.0,Retail,0.015,0.039,0,277,0.0
9129,1000030079726.0,Retail,0.237,0.617,1,80,65440.0
9130,1000030081011.0,Retail,0.049,0.126,0,921,0.0
9131,1000030081057.0,Retail,0.03,0.038,0,37,0.0
9132,1000030080861.0,Retail,0.054,0.083,0,79,0.0
9133,1000030080982.0,Retail,0.122,0.149,0,95,0.0
9134,1000030080704.0,Retail,0.053,0.086,0,199,0.0
9135,5000005239077482.0,Retail,0.018,0.041,0,4,0.0
9136,1000030079925.0,Retail,0.002,0.004,0,7,0.0
9137,1000030081097.0,Retail,0.045,0.082,0,91,0.0
9138,1000002310392423.0,Retail,0.021,0.028,0,12,0.0
9139,1000030079732.0,Retail,0.038,0.089,0,38,0.0
9140,1000030080165.0,Retail,0.054,0.085,0,20,0.0
9141,1000030081025.0,Retail,0.045,0.08,0,263,0.0
9142,1000002310210093.0,Retail,0.008,0.017,0,43,0.0
9143,1000030081033.0,Retail,0.041,0.075,0,363,0.0
9144,1000030128161.0,Retail,0.063,0.11,0,171,0.0
9145,1000030126578.0,Retail,0.198,0.244,0,76,0.0
9146,1000030128096.0,Retail,0.073,0.161,0,18,0.0
9147,1000030126395.0,Retail,0.02,0.024,0,77,0.0
9148,1000030128206.0,Retail,0.072,0.107,0,212,0.0
9149,5000005216895782.0,Retail,0.006,0.007,0,11,0.0
9150,5000005242652195.0,Retail,0.029,0.038,0,17,0.0
9151,1000030128052.0,Retail,0.066,0.124,0,117,0.0
9152,1000030128237.0,Retail,0.004,0.006,0,9,0.0
9153,1000030127496.0,Retail,0.014,0.029,0,28,0.0
9154,1000030126399.0,Retail,0.048,0.116,0,186,0.0
9155,1000030128219.0,Retail,0.088,0.167,0,4,0.0
9156,5000005175860376.0,Retail,0.035,0.122,0,174,0.0
9157,1000002310424145.0,Retail,0.002,0.002,0,33,0.0
9158,1000030128290.0,Retail,0.025,0.074,0,529,0.0
9159,1000030126400.0,Retail,0.104,0.246,0,87,0.0
9160,1000030128217.0,Retail,0.032,0.066,0,307,0.0
9161,1000030126388.0,Retail,0.022,0.054,0,592,0.0
9162,1000030127527.0,Retail,0.002,0.004,0,9,0.0
9163,1000030126408.0,Retail,0.009,0.017,0,55,0.0
9164,1000002310417780.0,Retail,0.019,0.042,0,21,0.0
9165,1000030127519.0,Retail,0.024,0.056,0,184,0.0
9166,1000030127539.0,Retail,0.002,0.002,0,7,0.0
9167,1000002310417708.0,Retail,0.058,0.065,0,3,0.0
9168,1000030128252.0,Retail,0.247,0.911,1,744,825096.0
9169,1000030128209.0,Retail,0.018,0.042,0,590,0.0
9170,1000030128163.0,Retail,0.034,0.086,0,1159,0.0
9171,1000030126404.0,Retail,0.188,0.314,1,11,7040.0
9172,5000005254737639.0,Retail,0.009,0.011,0,6,0.0
9173,1000030128064.0,Retail,0.012,0.014,0,4,0.0
9174,1000030127511.0,Retail,0.013,0.033,0,622,0.0
9175,1000030126397.0,Retail,0.022,0.024,0,73,0.0
9176,1000030128254.0,Retail,0.963,1.715,1,112,191744.0
9177,1000030128176.0,Retail,0.003,0.004,0,125,0.0
9178,1000030128171.0,Retail,0.007,0.014,0,335,0.0
9179,1000030128164.0,Retail,0.017,0.019,0,76,0.0
9180,1000030128086.0,Retail,0.132,0.303,1,17,10880.0
9181,1000030128225.0,Retail,0.032,0.088,0,565,0.0
9182,1000030128063.0,Retail,0.005,0.013,0,211,0.0
9183,1000030128241.0,Retail,0.02,0.021,0,1,0.0
9184,1000030128159.0,Retail,0.045,0.086,0,105,0.0
9185,1000030126406.0,Retail,0.131,0.131,0,12,0.0
9186,1000030128097.0,Retail,0.067,0.153,0,18,0.0
9187,1000030128248.0,Retail,0.027,0.059,0,1372,0.0
9188,1000030128296.0,Retail,0.006,0.01,0,406,0.0
9189,5000005239151045.0,Retail,0.05,0.133,0,1129,0.0
9190,1000030128269.0,Retail,0.004,0.006,0,42,0.0
9191,1000030126572.0,Retail,0.015,0.024,0,24,0.0
9192,1000030127645.0,Retail,0.038,0.053,0,835,0.0
9193,1000030127528.0,Retail,0.002,0.003,0,12,0.0
9194,1000030128262.0,Retail,0.083,0.072,0,1926,0.0
9195,1000030128264.0,Retail,0.703,1.144,1,180,235260.0
9196,1000030127518.0,Retail,0.055,0.13,0,92,0.0
9197,1000030127529.0,Retail,0.003,0.003,0,18,0.0
9198,1000030128268.0,Retail,0.119,0.231,0,1770,0.0
9199,1000030126494.0,Retail,0.05,0.12,0,21,0.0
9200,1000002310417610.0,Retail,0.139,0.208,0,25,0.0
9201,1000030127536.0,Retail,0.002,0.003,0,30,0.0
9202,1000030127589.0,Retail,0.18,0.326,1,315,201600.0
9203,1000030128190.0,Retail,0.007,0.008,0,69,0.0
9204,1000030128177.0,Retail,0.016,0.039,0,31,0.0
9205,1000030128244.0,Retail,0.059,0.199,0,667,0.0
9206,1000030128231.0,Retail,0.033,0.06,0,22,0.0
9207,1000030128004.0,Retail,0.206,0.368,1,7,4480.0
9208,1000030128072.0,Retail,0.109,0.214,0,306,0.0
9209,5000005210606916.0,Retail,0.038,0.109,0,78,0.0
9210,1000030128015.0,Retail,0.05,0.087,0,207,0.0
9211,1000030128005.0,Retail,0.122,0.269,0,118,0.0
9212,1000030128238.0,Retail,0.019,0.033,0,13,0.0
9213,1000030128061.0,Retail,0.009,0.012,0,20,0.0
9214,1000030127584.0,Retail,0.023,0.066,0,175,0.0
9215,1000030128082.0,Retail,0.022,0.04,0,88,0.0
9216,1000030127466.0,Retail,0.043,0.145,0,1539,0.0
9217,1000030128100.0,Retail,0.046,0.148,0,2732,0.0
9218,1000030128246.0,Retail,0.004,0.006,0,66,0.0
9219,1000030128085.0,Retail,0.127,0.3,1,18,11520.0
9220,1000030128216.0,Retail,0.029,0.056,0,3,0.0
9221,1000030126596.0,Retail,0.009,0.024,0,27,0.0
9222,1000030128202.0,Retail,0.041,0.097,0,381,0.0
9223,1000030128065.0,Retail,0.01,0.014,0,3,0.0
9224,1000030126412.0,Retail,0.062,0.154,0,98,0.0
9225,1000030126567.0,Retail,0.255,0.389,1,20,12800.0
9226,1000030126552.0,Retail,0.002,0.002,0,21,0.0
9227,1000030128158.0,Retail,0.025,0.08,0,440,0.0
9228,1000030128228.0,Retail,0.042,0.105,0,1372,0.0
9229,1000030126603.0,Retail,0.02,0.052,0,428,0.0
9230,1000030128168.0,Retail,0.017,0.027,0,351,0.0
9231,1000030127641.0,Retail,0.027,0.058,0,104,0.0
9232,1000030128223.0,Retail,0.026,0.041,0,233,0.0
9233,5000005185244440.0,Retail,0.024,0.047,0,15,0.0
9234,5000005239151609.0,Retail,0.068,0.19,0,7,0.0
9235,1000030126492.0,Retail,0.369,0.554,1,3,2454.0
9236,1000002310424168.0,Retail,0.013,0.017,0,38,0.0
9237,1000000060077430.0,Retail,0.003,0.004,0,4,0.0
9238,1000030127538.0,Retail,0.002,0.002,0,1,0.0
9239,1000030128300.0,Retail,0.016,0.038,0,2418,0.0
9240,1000030126392.0,Retail,0.014,0.027,0,61,0.0
9241,5000005185244439.0,Retail,0.078,0.174,0,53,0.0
9242,1000030081259.0,Retail,0.011,0.019,0,451,0.0
9243,1000030126582.0,Retail,0.2,0.289,0,86,0.0
9244,1000002310354206.0,Retail,0.021,0.043,0,60,0.0
9245,1000030128253.0,Retail,0.334,1.141,1,330,431310.0
9246,1000002310210143.0,Retail,0.041,0.074,0,39,0.0
9247,1000030127639.0,Retail,0.022,0.062,0,2255,0.0
9248,1000030127513.0,Retail,0.013,0.015,0,1911,0.0
9249,1000030128067.0,Retail,0.008,0.012,0,254,0.0
9250,1000030127540.0,Retail,0.006,0.007,0,2,0.0
9251,1000030128003.0,Retail,0.074,0.115,0,20,0.0
9252,1000030128234.0,Retail,0.053,0.155,0,562,0.0
9253,1000030127537.0,Retail,0.034,0.06,0,1,0.0
9254,1000030128242.0,Retail,0.017,0.02,0,2,0.0
9255,1000030126414.0,Retail,0.009,0.027,0,984,0.0
9256,1000030127590.0,Retail,0.012,0.024,0,120,0.0
9257,1000030128098.0,Retail,0.047,0.135,0,38,0.0
9258,5000005205279410.0,Retail,0.003,0.004,0,5,0.0
9259,1000030128289.0,Retail,,,,11,26829.0
9260,1000030128091.0,Retail,0.228,0.407,1,19,12160.0
9261,1000030128060.0,Retail,0.006,0.014,0,488,0.0
9262,1000002310210137.0,Retail,0.077,0.229,0,284,0.0
9263,1000030127515.0,Retail,0.087,0.208,0,83,0.0
9264,1000030126513.0,Retail,0.052,0.092,0,16,0.0
9265,1000030127512.0,Retail,0.029,0.064,0,1278,0.0
9266,1000030128232.0,Retail,0.051,0.089,0,10,0.0
9267,1000030126381.0,Retail,0.019,0.03,0,380,0.0
9268,1000030128236.0,Retail,0.048,0.126,0,19,0.0
9269,1000030126563.0,Retail,0.099,0.153,0,540,0.0
9270,1000030126410.0,Retail,0.057,0.13,0,150,0.0
9271,1000002310192770.0,Retail,0.021,0.054,0,258,0.0
9272,1000030128175.0,Retail,0.003,0.004,0,51,0.0
9273,1000030128058.0,Retail,0.006,0.008,0,79,0.0
9274,1000030128263.0,Retail,0.004,0.005,0,16,0.0
9275,5000005254737659.0,Retail,0.018,0.038,0,58,0.0
9276,1000030128221.0,Retail,0.028,0.054,0,386,0.0
9277,5000005242623596.0,Retail,0.01,0.016,0,148,0.0
9278,1000030127522.0,Retail,0.001,0.001,0,14,0.0
9279,1000030127533.0,Retail,0.014,0.027,0,19,0.0
9280,1000030128101.0,Retail,0.002,0.003,0,16,0.0
9281,1000002310425608.0,Retail,0.177,0.21,0,53,0.0
9282,1000030126581.0,Retail,0.36,0.457,1,124,79360.0
9283,1000002310432837.0,Retail,0.038,0.05,0,21,0.0
9284,1000002310424169.0,Retail,0.011,0.016,0,11,0.0
9285,1000030126499.0,Retail,0.157,0.733,1,94,76892.0
9286,5000005216895783.0,Retail,0.01,0.014,0,1179,0.0
9287,1000030127531.0,Retail,0.024,0.039,0,65,0.0
9288,5000005210606972.0,Retail,0.006,0.01,0,20,0.0
9289,1000030127652.0,Retail,0.017,0.05,0,1507,0.0
9290,1000030126561.0,Retail,0.111,0.189,0,155,0.0
9291,1000030126558.0,Retail,0.068,0.095,0,131,0.0
9292,1000043032670.0,Retail,0.003,0.006,0,21,0.0
9293,1000030126514.0,Retail,0.087,0.121,0,1363,0.0
9294,1000030128095.0,Retail,0.028,0.073,0,19,0.0
9295,1000030128294.0,Retail,0.035,0.069,0,774,0.0
9296,1000030127494.0,Retail,0.015,0.032,0,294,0.0
9297,1000030128284.0,Retail,,,,12,29268.0
9298,1000030128062.0,Retail,0.009,0.013,0,58,0.0
9299,1000030128200.0,Retail,0.011,0.015,0,310,0.0
9300,1000030128094.0,Retail,0.006,0.009,0,18,0.0
9301,1000030126568.0,Retail,0.114,0.319,1,119,76160.0
9302,1000000060060703.0,Retail,,,,11,26829.0
9303,1000030128239.0,Retail,0.025,0.03,0,3,0.0
9304,5000005205280897.0,Retail,0.009,0.017,0,13,0.0
9305,1000030128070.0,Retail,0.014,0.032,0,90,0.0
9306,1000030128172.0,Retail,0.012,0.017,0,80,0.0
9307,1000030127588.0,Retail,0.277,0.363,1,19,12160.0
9308,1000030128059.0,Retail,0.004,0.006,0,225,0.0
9309,1000030127516.0,Retail,0.115,0.253,0,83,0.0
9310,1000030128160.0,Retail,0.071,0.147,0,24,0.0
9311,1000030128079.0,Retail,0.041,0.122,0,637,0.0
9312,1000030126396.0,Retail,0.025,0.025,0,34,0.0
9313,1000030128019.0,Retail,0.018,0.057,0,590,0.0
9314,5000005202723706.0,Retail,0.178,0.215,0,20,0.0
9315,1000002310354210.0,Retail,0.019,0.037,0,4,0.0
9316,1000030128080.0,Retail,0.173,0.487,1,629,402560.0
9317,1000000060060887.0,Retail,0.036,0.042,0,35,0.0
9318,1000030081273.0,Retail,0.025,0.041,0,48,0.0
9319,1000002310432836.0,Retail,0.062,0.072,0,3,0.0
9320,1000030126569.0,Retail,0.166,0.316,1,21,13440.0
9321,1000030128245.0,Retail,0.036,0.097,0,18,0.0
9322,1000030127647.0,Retail,0.058,0.181,0,932,0.0
9323,1000030128089.0,Retail,0.178,0.396,1,6,3840.0
9324,1000002310424157.0,Retail,0.012,0.014,0,4,0.0
9325,1000030127532.0,Retail,0.018,0.027,0,18,0.0
9326,1000030128201.0,Retail,0.02,0.053,0,25,0.0
9327,5000005202723509.0,Retail,0.066,0.188,0,12,0.0
9328,1000030128266.0,Retail,0.027,0.071,0,28,0.0
9329,1000030127499.0,Retail,0.002,0.002,0,8,0.0
9330,1000030128076.0,Retail,0.036,0.048,0,7,0.0
9331,1000030128250.0,Retail,0.289,0.418,1,177,113280.0
9332,1000030128007.0,Retail,0.05,0.104,0,74,0.0
9333,1000030127571.0,Retail,,,,47,114633.0
9334,5000005185244438.0,Retail,0.044,0.107,0,544,0.0
9335,1000030126580.0,Retail,0.2,0.392,1,294,188160.0
9336,1000030128053.0,Retail,0.155,0.455,1,603,385920.0
9337,1000030081288.0,Retail,0.01,0.023,0,98,0.0
9338,1000030128178.0,Retail,0.015,0.032,0,118,0.0
9339,1000030128207.0,Retail,0.046,0.038,0,581,0.0
9340,1000030127585.0,Retail,0.084,0.143,0,61,0.0
9341,1000030128016.0,Retail,0.018,0.02,0,675,0.0
9342,1000030081217.0,Retail,0.057,0.167,0,1473,0.0
9343,1000030128222.0,Retail,0.019,0.035,0,45,0.0
9344,1000030128243.0,Retail,0.008,0.012,0,2,0.0
9345,1000002310389492.0,Retail,0.078,0.181,0,152,0.0
9346,1000030128012.0,Public Buildings,0.028,0.08,0,1109,0.0
9347,1000030128287.0,Retail,0.01,0.022,0,24,0.0
9348,1000002310354208.0,Retail,0.025,0.047,0,120,0.0
9349,1000030126398.0,Retail,0.016,0.02,0,187,0.0
9350,1000030127508.0,Retail,0.016,0.043,0,1219,0.0
9351,1000030128198.0,Retail,0.034,0.078,0,564,0.0
9352,1000002310354207.0,Retail,0.026,0.048,0,58,0.0
9353,1000002310072941.0,Retail,0.444,1.644,1,576,986112.0
9354,1000030080507.0,Retail,0.033,0.074,0,364,0.0
9355,1000002310448223.0,Retail,0.04,0.089,0,56,0.0
9356,1000030128165.0,Retail,0.007,0.016,0,90,0.0
9357,1000030127524.0,Retail,0.005,0.008,0,11,0.0
9358,1000030127649.0,Retail,0.028,0.038,0,92,0.0
9359,1000030081280.0,Retail,0.043,0.065,0,453,0.0
9360,1000030128224.0,Retail,0.032,0.072,0,248,0.0
9361,1000030127497.0,Retail,0.045,0.101,0,38,0.0
9362,1000030128279.0,Retail,0.058,0.111,0,33,0.0
9363,1000030128288.0,Retail,0.015,0.012,0,892,0.0
9364,1000030127473.0,Retail,0.002,0.004,0,28,0.0
9365,5000005205279627.0,Retail,0.071,0.204,0,257,0.0
9366,5000005205279810.0,Retail,0.047,0.062,0,58,0.0
9367,1000002310072936.0,Retail,0.065,0.168,0,100,0.0
9368,5000005113120128.0,Retail,0.007,0.017,0,101,0.0
9369,5000005205280725.0,Retail,0.002,0.002,0,31,0.0
9370,1000030128093.0,Retail,0.059,0.134,0,19,0.0
9371,1000030126409.0,Retail,0.085,0.13,0,334,0.0
9372,5000005242652197.0,Retail,0.029,0.053,0,1155,0.0
9373,1000002310228837.0,Retail,0.033,0.073,0,363,0.0
9374,1000030126560.0,Retail,0.138,0.202,0,174,0.0
9375,5000005202723591.0,Retail,0.014,0.019,0,6,0.0
9376,5000005205280686.0,Retail,0.081,0.15,0,43,0.0
9377,1000030126571.0,Retail,0.008,0.014,0,7,0.0
9378,5000005216895787.0,Retail,0.008,0.011,0,12,0.0
9379,1000030128189.0,Retail,0.018,0.041,0,230,0.0
9380,1000030128214.0,Retail,0.073,0.092,0,11,0.0
9381,1000002310424167.0,Retail,0.007,0.013,0,23,0.0
9382,1000030126576.0,Retail,0.097,0.222,0,133,0.0
9383,1000002310072928.0,Retail,0.217,0.217,0,12,0.0
9384,1000030128291.0,Retail,0.02,0.052,0,12,0.0
9385,1000002310415227.0,Retail,0.252,0.558,1,19,15542.0
9386,1000030126497.0,Retail,0.091,0.297,0,812,0.0
9387,5000005205279642.0,Retail,0.003,0.004,0,5,0.0
9388,1000002310072934.0,Retail,0.022,0.05,0,159,0.0
9389,1000030128156.0,Retail,0.082,0.32,0,205,0.0
9390,1000002310072940.0,Retail,0.094,0.283,0,375,0.0
9391,5000005113302948.0,Retail,0.01,0.019,0,101,0.0
9392,1000030126562.0,Retail,0.093,0.177,0,263,0.0
9393,1000030127530.0,Retail,0.053,0.156,0,18,0.0
9394,1000030128035.0,Retail,0.025,0.064,0,215,0.0
9395,1000002310210142.0,Retail,0.053,0.095,0,53,0.0
9396,1000030126600.0,Retail,0.015,0.018,0,119,0.0
9397,1000030128157.0,Retail,,,,75,182925.0
9398,1000030128278.0,Retail,0.082,0.321,0,966,0.0
9399,1000030126566.0,Retail,0.011,0.028,0,65,0.0
9400,1000030127650.0,Retail,0.005,0.006,0,8,0.0
9401,1000030128051.0,Retail,0.075,0.17,0,137,0.0
9402,1000030126577.0,Retail,0.004,0.006,0,23,0.0
9403,1000030126382.0,Retail,0.036,0.13,0,66,0.0
9404,1000030128090.0,Retail,0.249,0.424,1,6,3840.0
9405,1000030128251.0,Retail,0.265,0.666,1,246,201228.0
9406,1000030128255.0,Retail,0.25,0.883,1,1725,1913025.0
9407,1000030126391.0,Retail,0.007,0.007,0,30,0.0
9408,1000030127644.0,Retail,0.018,0.031,0,104,0.0
9409,1000030128205.0,Retail,0.028,0.028,0,6,0.0
9410,1000030128018.0,Retail,0.013,0.02,0,44,0.0
9411,1000030126407.0,Retail,0.285,0.515,1,17,13906.0
9412,1000030126565.0,Retail,0.02,0.049,0,68,0.0
9413,5000005238945849.0,Retail,0.016,0.026,0,131,0.0
9414,1000030128081.0,Retail,0.099,0.141,0,34,0.0
9415,5000005202723263.0,Retail,,,,319,778041.0
9416,5000005247065062.0,Retail,0.108,0.205,0,4,0.0
9417,1000030126556.0,Retail,0.007,0.017,0,6,0.0
9418,1000030127514.0,Retail,0.074,0.182,0,63,0.0
9419,1000030128301.0,Retail,0.006,0.008,0,88,0.0
9420,5000005205279635.0,Retail,0.005,0.006,0,22,0.0
9421,1000030126383.0,Retail,0.1,0.233,0,13,0.0
9422,5000005254737655.0,Retail,0.016,0.04,0,116,0.0
9423,1000030126411.0,Retail,0.134,0.367,1,502,321280.0
9424,1000030081263.0,Retail,0.008,0.009,0,65,0.0
9425,1000002310415226.0,Retail,0.034,0.034,0,18,0.0
9426,1000030128230.0,Retail,0.003,0.004,0,398,0.0
9427,1000030128068.0,Retail,0.018,0.018,0,284,0.0
9428,1000030126496.0,Retail,0.068,0.199,0,83,0.0
9429,1000030126512.0,Retail,0.03,0.064,0,38,0.0
9430,1000030127586.0,Retail,0.091,0.172,0,146,0.0
9431,1000030081266.0,Retail,,,,7,17073.0
9432,1000030128229.0,Retail,0.015,0.036,0,299,0.0
9433,1000030126570.0,Retail,0.033,0.064,0,43,0.0
9434,1000030128006.0,Retail,0.071,0.117,0,83,0.0
9435,1000002310354209.0,Retail,0.005,0.005,0,4,0.0
9436,1000030128220.0,Retail,0.009,0.023,0,304,0.0
9437,1000030127526.0,Retail,0.127,0.27,0,153,0.0
9438,1000030128203.0,Retail,0.232,0.429,1,44,28160.0
9439,1000030128280.0,Retail,0.091,0.267,0,148,0.0
9440,1000030126564.0,Retail,0.103,0.297,0,87,0.0
9441,5000005205280148.0,Retail,0.146,0.227,0,14,0.0
9442,5000005254737640.0,Retail,0.02,0.044,0,327,0.0
9443,1000030126393.0,Retail,0.051,0.111,0,156,0.0
9444,1000030126389.0,Retail,0.014,0.024,0,160,0.0
9445,1000030128099.0,Retail,0.31,0.645,1,83,67894.0
9446,1000030127563.0,Retail,0.002,0.003,0,65,0.0
9447,5000005254737650.0,Retail,0.007,0.01,0,11,0.0
9448,1000030127523.0,Retail,0.018,0.051,0,329,0.0
9449,1000030126495.0,Retail,0.147,0.593,1,503,411454.0
9450,1000030128077.0,Retail,0.088,0.143,0,34,0.0
9451,1000030127651.0,Retail,0.036,0.082,0,396,0.0
9452,1000030128194.0,Retail,0.007,0.008,0,51,0.0
9453,1000030128088.0,Retail,0.237,0.417,1,16,10240.0
9454,1000030128277.0,Retail,0.106,0.251,0,9,0.0
9455,1000002310425605.0,Retail,0.144,0.271,0,346,0.0
9456,1000030128174.0,Retail,0.028,0.049,0,58,0.0
9457,1000030126403.0,Retail,0.154,0.285,0,86,0.0
9458,1000030128193.0,Retail,0.008,0.008,0,11,0.0
9459,5000005113302947.0,Retail,0.01,0.012,0,24,0.0
9460,1000030128249.0,Retail,0.044,0.098,0,34,0.0
9461,1000030126551.0,Retail,0.063,0.143,0,689,0.0
9462,1000030128218.0,Retail,0.045,0.094,0,138,0.0
9463,5000005242652198.0,Retail,0.024,0.066,0,170,0.0
9464,1000030126491.0,Retail,0.163,0.492,1,227,145280.0
9465,1000030126378.0,Retail,0.005,0.008,0,59,0.0
9466,1000030126394.0,Retail,0.069,0.144,0,476,0.0
9467,1000030126559.0,Retail,0.05,0.063,0,14,0.0
9468,1000030128215.0,Retail,0.041,0.101,0,605,0.0
9469,1000030126390.0,Retail,0.009,0.016,0,68,0.0
9470,5000005254737653.0,Retail,0.012,0.021,0,48,0.0
9471,1000030128066.0,Retail,0.001,0.001,0,30,0.0
9472,1000030126555.0,Retail,0.038,0.142,0,76,0.0
9473,1000030126377.0,Retail,0.053,0.152,0,20,0.0
9474,1000030128162.0,Retail,0.084,0.132,0,512,0.0
9475,1000030128213.0,Retail,0.03,0.062,0,851,0.0
9476,1000002310417711.0,Retail,0.064,0.08,0,19,0.0
9477,1000030127517.0,Retail,0.116,0.264,0,59,0.0
9478,1000030128199.0,Retail,0.005,0.007,0,32,0.0
9479,1000030127525.0,Retail,0.016,0.041,0,188,0.0
9480,1000030127587.0,Retail,0.113,0.19,0,163,0.0
9481,1000030127498.0,Retail,0.002,0.003,0,13,0.0
9482,1000030126362.0,Retail,0.121,0.347,1,113,72320.0
9483,1000030128084.0,Retail,0.189,0.337,1,19,12160.0
9484,1000030126498.0,Retail,0.171,0.736,1,322,263396.0
9485,1000030127468.0,Retail,0.044,0.148,0,254,0.0
9486,1000030128011.0,Retail,0.077,0.308,0,859,0.0
9487,1000030128092.0,Retail,0.152,0.263,0,17,0.0
9488,1000030127642.0,Retail,0.014,0.028,0,111,0.0
9489,5000005205279481.0,Retail,0.003,0.003,0,40,0.0
9490,1000030128166.0,Retail,0.016,0.018,0,19,0.0
9491,1000030128179.0,Retail,0.016,0.019,0,20,0.0
9492,1000030128087.0,Retail,0.183,0.396,1,18,11520.0
9493,1000030126413.0,Retail,0.026,0.031,0,93,0.0
9494,5000005210606829.0,Retail,0.094,0.139,0,9,0.0
9495,1000030127648.0,Retail,0.053,0.134,0,18,0.0
9496,1000030128054.0,Retail,0.191,0.464,1,209,133760.0
9497,1000030126380.0,Retail,0.098,0.248,0,573,0.0
9498,1000030127591.0,Retail,0.014,0.022,0,39,0.0
9499,1000030128240.0,Retail,0.022,0.024,0,2,0.0
9500,1000030126405.0,Retail,0.209,0.398,1,251,160640.0
9501,1000030081270.0,Retail,0.039,0.058,0,161,0.0
9502,5000005205280004.0,Retail,0.02,0.032,0,6,0.0
9503,1000030081255.0,Retail,0.019,0.022,0,50,0.0
9504,1000042800784.0,Retail,,,,28,68292.0
9505,5000005254737635.0,Retail,0.012,0.028,0,15,0.0
9506,1000030081229.0,Retail,0.029,0.044,0,1926,0.0
9507,1000030081224.0,Retail,0.108,0.159,0,3,0.0
9508,1000030081194.0,Retail,0.004,0.004,0,9,0.0
9509,1000030081204.0,Retail,0.019,0.055,0,489,0.0
9510,1000030081200.0,Retail,0.016,0.021,0,3,0.0
9511,5000005202723552.0,Retail,0.02,0.025,0,5,0.0
9512,1000030081195.0,Retail,0.036,0.112,0,353,0.0
9513,5000005205280774.0,Retail,0.086,0.165,0,6,0.0
9514,1000030081235.0,Retail,0.018,0.018,0,3,0.0
9515,1000030081248.0,Retail,0.013,0.014,0,44,0.0
9516,1000030081222.0,Retail,0.003,0.004,0,94,0.0
9517,1000030081253.0,Retail,0.012,0.013,0,8,0.0
9518,1000030081257.0,Retail,,,,74,180486.0
9519,1000030081220.0,Retail,0.04,0.043,0,85,0.0
9520,1000030081218.0,Retail,0.069,0.09,0,83,0.0
9521,1000030081236.0,Retail,0.029,0.052,0,72,0.0
9522,1000030081234.0,Retail,0.01,0.014,0,63,0.0
9523,1000030081184.0,Retail,0.007,0.013,0,301,0.0
9524,5000005202723522.0,Retail,0.16,0.236,0,119,0.0
9525,1000030081269.0,Retail,0.02,0.047,0,515,0.0
9526,1000030081250.0,Retail,0.014,0.015,0,78,0.0
9527,1000030081199.0,Retail,0.042,0.108,0,78,0.0
9528,1000030081244.0,Retail,0.021,0.025,0,87,0.0
9529,1000030081238.0,Retail,0.017,0.029,0,63,0.0
9530,1000030081226.0,Retail,0.033,0.033,0,1,0.0
9531,1000030081182.0,Retail,0.007,0.009,0,554,0.0
9532,5000005202723453.0,Retail,0.026,0.064,0,19,0.0
9533,1000030081198.0,Retail,0.072,0.182,0,64,0.0
9534,1000030081233.0,Retail,0.017,0.019,0,202,0.0
9535,5000005254737636.0,Retail,0.007,0.012,0,29,0.0
9536,5000005238843621.0,Retail,0.03,0.061,0,20,0.0
9537,5000005254737642.0,Retail,0.012,0.022,0,85,0.0
9538,1000030081219.0,Retail,0.053,0.061,0,81,0.0
9539,1000030081216.0,Retail,0.038,0.125,0,172,0.0
9540,1000030081247.0,Retail,0.041,0.041,0,14,0.0
9541,1000030081243.0,Retail,0.027,0.053,0,345,0.0
9542,1000030081197.0,Retail,0.017,0.035,0,52,0.0
9543,1000030081277.0,Retail,0.061,0.072,0,96,0.0
9544,1000030081206.0,Retail,0.054,0.084,0,249,0.0
9545,5000005254737651.0,Retail,0.011,0.028,0,9,0.0
9546,5000005205279516.0,Retail,0.004,0.007,0,6,0.0
9547,1000030081391.0,Retail,0.088,0.2,0,222,0.0
9548,5000005205280859.0,Retail,0.02,0.022,0,6,0.0
9549,1000030081225.0,Retail,0.054,0.07,0,1,0.0
9550,5000005254737644.0,Retail,0.016,0.024,0,145,0.0
9551,1000030081190.0,Retail,0.014,0.023,0,185,0.0
9552,1000030081262.0,Retail,0.009,0.014,0,61,0.0
9553,1000030081203.0,Retail,0.016,0.026,0,224,0.0
9554,1000030081181.0,Retail,0.026,0.075,0,867,0.0
9555,1000030081278.0,Retail,0.061,0.072,0,46,0.0
9556,1000030081271.0,Retail,0.07,0.137,0,113,0.0
9557,1000030081193.0,Retail,0.023,0.088,0,384,0.0
9558,1000030081205.0,Retail,0.083,0.124,0,169,0.0
9559,5000005254737656.0,Retail,0.008,0.02,0,151,0.0
9560,1000030081221.0,Retail,0.041,0.106,0,676,0.0
9561,1000030081256.0,Retail,,,,5,12195.0
9562,1000030081258.0,Retail,0.01,0.011,0,22,0.0
9563,1000030081246.0,Retail,0.041,0.041,0,32,0.0
9564,1000030081183.0,Retail,0.01,0.011,0,409,0.0
9565,1000030081251.0,Retail,0.018,0.03,0,308,0.0
9566,1000030081237.0,Retail,0.029,0.051,0,68,0.0
9567,1000030081228.0,Retail,0.063,0.136,0,50,0.0
9568,1000030080508.0,Retail,0.068,0.136,0,104,0.0
9569,1000030081196.0,Retail,0.013,0.021,0,59,0.0
9570,1000030081227.0,Retail,0.026,0.032,0,3,0.0
9571,1000030081254.0,Retail,0.018,0.022,0,86,0.0
9572,1000030081245.0,Retail,0.041,0.041,0,46,0.0
9573,1000030081279.0,Retail,0.064,0.074,0,102,0.0
9574,1000030081249.0,Retail,,,,30,73170.0
9575,1000030081261.0,Retail,0.015,0.02,0,148,0.0
9576,1000030081283.0,Retail,0.084,0.176,0,224,0.0
9577,1000030081191.0,Retail,0.065,0.123,0,208,0.0
9578,1000030081223.0,Retail,0.003,0.004,0,98,0.0
9579,5000005205279735.0,Retail,0.019,0.025,0,6,0.0
9580,5000005210606973.0,Retail,0.047,0.056,0,20,0.0
9581,1000030126365.0,Retail,0.087,0.202,0,300,0.0
9582,1000030126367.0,Retail,0.017,0.034,0,9,0.0
9583,1000030126385.0,Retail,0.11,0.147,0,78,0.0
9584,1000030126366.0,Retail,0.071,0.246,0,163,0.0
9585,1000030126359.0,Retail,0.101,0.101,0,25,0.0
9586,1000030126368.0,Retail,0.025,0.055,0,96,0.0
9587,1000030126387.0,Retail,0.182,0.206,0,58,0.0
9588,1000030126361.0,Retail,0.101,0.101,0,9,0.0
9589,1000030126384.0,Retail,0.197,0.229,0,81,0.0
9590,5000005210605717.0,Retail,0.221,0.393,1,21,13440.0
9591,5000005210606858.0,Retail,0.05,0.058,0,21,0.0
9592,1000002310415321.0,Retail,0.002,0.002,0,2,0.0
9593,1000030080210.0,Retail,0.201,0.394,1,6,3840.0
9594,1000030080936.0,Retail,0.022,0.045,0,380,0.0
9595,1000002310415322.0,Retail,0.002,0.002,0,4,0.0
9596,5000005205280769.0,Retail,0.01,0.016,0,10,0.0
9597,5000005205280877.0,Retail,0.042,0.067,0,5,0.0
9598,5000005205280614.0,Retail,0.007,0.01,0,10,0.0
9599,5000005205280749.0,Retail,0.033,0.041,0,6,0.0
9600,5000005205279816.0,Retail,0.012,0.013,0,10,0.0
9601,5000005205280244.0,Retail,0.026,0.029,0,5,0.0
9602,5000005205280054.0,Retail,0.005,0.008,0,9,0.0
9603,5000005205280783.0,Retail,0.018,0.031,0,9,0.0
9604,5000005205279878.0,Retail,0.032,0.036,0,11,0.0
9605,1000030080934.0,Retail,0.002,0.003,0,11,0.0
9606,1000030080656.0,Retail,0.028,0.047,0,15,0.0
9607,1000030080657.0,Retail,0.04,0.078,0,14,0.0
9608,1000030080687.0,Retail,0.002,0.002,0,2,0.0
9609,1000030080654.0,Retail,0.028,0.045,0,13,0.0
9610,1000030080655.0,Retail,0.036,0.05,0,14,0.0
9611,1000002310366001.0,Retail,0.01,0.015,0,49,0.0
9612,1000030080688.0,Retail,0.024,0.058,0,90,0.0
9613,1000002310366082.0,Retail,0.016,0.024,0,12,0.0
9614,5000005238986916.0,Retail,0.057,0.089,0,11,0.0
9615,5000005202749881.0,Retail,0.006,0.01,0,4,0.0
9616,1000030082406.0,Retail,0.078,0.204,0,28,0.0
9617,1000030082416.0,Retail,0.029,0.101,0,99,0.0
9618,5000005210425483.0,Retail,0.003,0.004,0,4,0.0
9619,1000002310366086.0,Retail,0.023,0.036,0,25,0.0
9620,1000030082407.0,Retail,0.077,0.182,0,25,0.0
9621,1000030082145.0,Retail,0.002,0.002,0,46,0.0
9622,1000030082421.0,Retail,0.015,0.039,0,72,0.0
