UID,area,Type
5.00E+15,11,Public Buildings
1.00E+15,82,Public Buildings
1.00E+15,22,Public Buildings
1.00E+15,5,Public Buildings
5.00E+15,4,Public Buildings
5.00E+15,36,Public Buildings
5.00E+15,35,Public Buildings
5.00E+15,17,Public Buildings
5.00E+15,12,Public Buildings
5.00E+15,64,Public Buildings
5.00E+15,24,Public Buildings
5.00E+15,69,Public Buildings
5.00E+15,3671,Public Buildings
1.00E+15,101,Public Buildings
5.00E+15,12,Public Buildings
5.00E+15,22,Public Buildings
5.00E+15,27,Public Buildings
1.00E+15,6,Public Buildings
1.00E+15,7,Public Buildings
1.00E+12,6,Public Buildings
5.00E+15,10,Public Buildings
1.00E+12,25,Public Buildings
1.00E+12,2396,Public Buildings
1.00E+15,11,Public Buildings
1.00E+15,96,Public Buildings
1.00E+12,2,Offices
1.00E+12,3,Offices
1.00E+12,22453,Offices
1.00E+12,92,Offices
5.00E+15,68,Offices
5.00E+15,9,Offices
5.00E+15,13,Offices
5.00E+15,25,Offices
5.00E+15,10,Offices
1.00E+12,101,Offices
1.00E+12,123,Offices
5.00E+15,40,Offices
1.00E+12,1,Offices
5.00E+15,4,Offices
5.00E+15,14,Offices
5.00E+15,21,Offices
5.00E+15,108,Offices
5.00E+15,236,Offices
5.00E+15,11,Offices
5.00E+15,10,Offices
1.00E+12,56,Offices
1.00E+12,30,Offices
5.00E+15,89,Offices
5.00E+15,23,Offices
1.00E+12,12,Offices
1.00E+12,48,Offices
1.00E+12,78,Offices
1.00E+12,1097,Offices
1.00E+12,25,Offices
1.00E+12,80,Offices
5.00E+15,183,Offices
5.00E+15,11,Offices
5.00E+15,9,Offices
1.00E+12,70,Offices
5.00E+15,7,Offices
1.00E+12,14,Offices
5.00E+15,32,Offices
5.00E+15,137,Offices
1.00E+12,87,Offices
1.00E+12,128,Offices
1.00E+12,19,Offices
1.00E+12,3315,Public Buildings
1.00E+12,211,Public Buildings
5.00E+15,27,Public Buildings
1.00E+12,12,Public Buildings
1.00E+12,14,Public Buildings
5.00E+15,80,Public Buildings
1.00E+12,22,Public Buildings
5.00E+15,14,Public Buildings
1.00E+12,5,Public Buildings
1.00E+12,108,Public Buildings
5.00E+15,16,Public Buildings
1.00E+12,937,Public Buildings
1.00E+12,18,Public Buildings
1.00E+12,85,Public Buildings
5.00E+15,176,Public Buildings
5.00E+15,7,Public Buildings
1.00E+12,1,Public Buildings
1.00E+12,150,Public Buildings
5.00E+15,12,Public Buildings
1.00E+12,15,Public Buildings
5.00E+15,5,Public Buildings
1.00E+12,3,Public Buildings
1.00E+12,14,Public Buildings
1.00E+12,102,Public Buildings
5.00E+15,33,Public Buildings
1.00E+12,1126,Public Buildings
1.00E+12,1,Public Buildings
5.00E+15,27,Public Buildings
5.00E+15,19,Public Buildings
1.00E+12,3211,Public Buildings
1.00E+15,2,Public Buildings
5.00E+15,364,Public Buildings
1.00E+12,216,Public Buildings
1.00E+12,124,Public Buildings
5.00E+15,374,Public Buildings
1.00E+15,2,Public Buildings
1.00E+12,143,Public Buildings
1.00E+12,18,Public Buildings
5.00E+15,16,Public Buildings
1.00E+12,314,Public Buildings
1.00E+12,74,Public Buildings
1.00E+12,744,Public Buildings
5.00E+15,18,Public Buildings
5.00E+15,831,Public Buildings
1.00E+15,7,Public Buildings
1.00E+12,21,Public Buildings
5.00E+15,11,Public Buildings
1.00E+12,174,Public Buildings
1.00E+12,31,Public Buildings
1.00E+15,6,Public Buildings
1.00E+12,561,Public Buildings
1.00E+12,911,Public Buildings
5.00E+15,26,Public Buildings
1.00E+15,2,Public Buildings
1.00E+12,147,Public Buildings
1.00E+12,214,Public Buildings
1.00E+15,2115,Public Buildings
5.00E+15,32,Public Buildings
1.00E+12,367,Public Buildings
1.00E+12,1029,Public Buildings
5.00E+15,10,Public Buildings
1.00E+15,4,Public Buildings
1.00E+12,15,Public Buildings
1.00E+15,2,Public Buildings
5.00E+15,9,Public Buildings
5.00E+15,46,Public Buildings
1.00E+12,2970,Public Buildings
5.00E+15,17,Public Buildings
5.00E+15,20,Public Buildings
1.00E+12,1387,Public Buildings
5.00E+15,23,Public Buildings
5.00E+15,374,Public Buildings
1.00E+12,33,Public Buildings
5.00E+15,831,Public Buildings
5.00E+15,118,Public Buildings
1.00E+12,2,Public Buildings
1.00E+12,5,Public Buildings
5.00E+15,43,Public Buildings
1.00E+12,3341,Public Buildings
5.00E+15,9,Public Buildings
5.00E+15,43,Public Buildings
1.00E+15,1135,Public Buildings
1.00E+15,2,Public Buildings
1.00E+15,7,Public Buildings
5.00E+15,237,Public Buildings
1.00E+12,12,Public Buildings
1.00E+12,51,Public Buildings
1.00E+12,4,Public Buildings
1.00E+12,1246,Public Buildings
1.00E+12,5,Public Buildings
1.00E+12,12,Public Buildings
1.00E+12,3,Public Buildings
5.00E+15,780,Offices
5.00E+15,129,Public Buildings
1.00E+15,7,Public Buildings
1.00E+12,30,Public Buildings
5.00E+15,18,Public Buildings
1.00E+12,464,Public Buildings
5.00E+15,700,Public Buildings
5.00E+15,13,Public Buildings
1.00E+12,632,Public Buildings
5.00E+15,130,Public Buildings
1.00E+15,15,Public Buildings
1.00E+12,743,Public Buildings
5.00E+15,14,Public Buildings
1.00E+12,1147,Public Buildings
1.00E+12,4408,Public Buildings
5.00E+15,9,Public Buildings
5.00E+15,12,Public Buildings
5.00E+15,48,Offices
1.00E+12,627,Public Buildings
5.00E+15,123,Public Buildings
1.00E+12,8,Public Buildings
5.00E+15,44,Public Buildings
1.00E+12,4904,Public Buildings
5.00E+15,104,Offices
1.00E+12,49,Public Buildings
1.00E+12,295,Public Buildings
1.00E+12,228,Public Buildings
1.00E+15,8,Public Buildings
1.00E+12,1393,Public Buildings
5.00E+15,13,Public Buildings
1.00E+12,134,Public Buildings
5.00E+15,5,Offices
5.00E+15,8,Public Buildings
1.00E+12,6,Public Buildings
1.00E+12,975,Public Buildings
1.00E+12,287,Public Buildings
1.00E+12,110,Public Buildings
1.00E+12,12,Public Buildings
5.00E+15,98,Public Buildings
1.00E+12,576,Public Buildings
5.00E+15,18,Public Buildings
5.00E+15,9,Public Buildings
5.00E+15,6,Public Buildings
1.00E+12,5,Public Buildings
1.00E+12,1904,Public Buildings
5.00E+15,9,Public Buildings
1.00E+12,97,Public Buildings
1.00E+12,159,Public Buildings
1.00E+15,3,Public Buildings
1.00E+12,12,Public Buildings
1.00E+12,393,Public Buildings
5.00E+15,3,Public Buildings
1.00E+12,252,Public Buildings
1.00E+12,54,Public Buildings
5.00E+15,7,Public Buildings
5.00E+15,40,Public Buildings
5.00E+15,383,Public Buildings
1.00E+12,6,Public Buildings
1.00E+12,6,Public Buildings
1.00E+12,313,Public Buildings
1.00E+12,222,Public Buildings
1.00E+12,325,Public Buildings
5.00E+15,6,Public Buildings
1.00E+12,79,Public Buildings
5.00E+15,6,Public Buildings
1.00E+12,8,Public Buildings
1.00E+15,92,Public Buildings
1.00E+12,18,Public Buildings
5.00E+15,11,Public Buildings
1.00E+12,345,Public Buildings
1.00E+12,349,Offices
5.00E+15,16,Public Buildings
5.00E+15,31,Offices
1.00E+12,24,Public Buildings
5.00E+15,12,Public Buildings
1.00E+12,708,Public Buildings
1.00E+15,22,Public Buildings
1.00E+15,3,Public Buildings
1.00E+12,3188,Public Buildings
5.00E+15,12,Public Buildings
1.00E+12,195,Public Buildings
1.00E+12,17,Public Buildings
1.00E+12,2259,Public Buildings
1.00E+12,23,Public Buildings
5.00E+15,7,Public Buildings
1.00E+12,103,Public Buildings
1.00E+12,29,Public Buildings
1.00E+12,14,Public Buildings
1.00E+12,9,Public Buildings
5.00E+15,14,Public Buildings
1.00E+12,6,Public Buildings
1.00E+12,2281,Offices
1.00E+15,1261,Offices
5.00E+15,974,Public Buildings
5.00E+15,31,Offices
5.00E+15,986,Public Buildings
5.00E+15,52,Public Buildings
1.00E+12,137,Public Buildings
5.00E+15,22,Public Buildings
1.00E+12,324,Public Buildings
1.00E+12,19,Public Buildings
1.00E+12,26,Public Buildings
1.00E+12,9,Public Buildings
1.00E+12,7,Public Buildings
1.00E+12,167,Public Buildings
1.00E+12,3,Public Buildings
1.00E+12,2331,Public Buildings
1.00E+12,50,Public Buildings
1.00E+12,1869,Public Buildings
1.00E+12,10,Public Buildings
1.00E+12,8,Public Buildings
5.00E+15,9,Public Buildings
1.00E+12,113,Public Buildings
1.00E+12,15,Public Buildings
1.00E+12,1761,Public Buildings
1.00E+12,17,Public Buildings
5.00E+15,921,Offices
1.00E+12,11,Public Buildings
1.00E+12,962,Public Buildings
1.00E+15,15,Public Buildings
1.00E+12,137,Public Buildings
1.00E+12,21,Public Buildings
5.00E+15,90,Offices
5.00E+15,227,Offices
5.00E+15,79,Offices
5.00E+15,759,Offices
1.00E+12,175,Offices
5.00E+15,1021,Offices
5.00E+15,8,Offices
5.00E+15,1145,Offices
5.00E+15,330,Offices
5.00E+15,2809,Offices
1,3161,Offices
2,1537,Offices
1.00E+15,47,Offices
5.00E+15,59,Offices
1.00E+15,16,Offices
1.00E+12,3343,Offices
5.00E+15,44,Offices
1.00E+12,192,Offices
1.00E+15,85,Offices
1.00E+12,10,Offices
1.00E+12,3605,Offices
1.00E+12,3996,Offices
1.00E+12,2454,Offices
5.00E+15,4,Offices
5.00E+15,10,Offices
5.00E+15,43,Offices
5.00E+15,6,Offices
1.00E+12,57,Offices
5.00E+15,360,Offices
1.00E+12,9,Offices
1.00E+15,68,Offices
1.00E+15,73,Offices
1.00E+12,16,Offices
1.00E+15,5875,Offices
1.00E+15,58,Offices
1.00E+15,72,Offices
5.00E+15,20,Offices
5.00E+15,28,Offices
1.00E+12,1433,Offices
1.00E+12,80,Offices
1.00E+12,35,Offices
5.00E+15,11,Offices
1.00E+12,75,Offices
1.00E+12,728,Offices
1.00E+12,77,Offices
1.00E+12,229,Offices
1.00E+12,721,Offices
1.00E+12,133,Offices
5.00E+15,21,Offices
1.00E+12,4570,Offices
1.00E+12,76,Offices
1.00E+12,22,Offices
1.00E+12,144,Offices
1.00E+12,21,Offices
1.00E+12,886,Offices
1.00E+15,84,Offices
1.00E+12,55,Offices
1.00E+12,90,Offices
1.00E+15,511,Offices
1.00E+12,2991,Offices
1.00E+12,331,Offices
5.00E+15,290,Offices
1.00E+12,13,Offices
1.00E+15,148,Offices
1.00E+12,4262,Offices
1.00E+15,877,Offices
1.00E+12,15,Offices
5.00E+15,8,Offices
1.00E+15,15,Offices
1.00E+15,5,Offices
1.00E+12,16,Offices
1.00E+15,5,Offices
1.00E+12,4,Offices
1.00E+15,119,Offices
1.00E+15,26,Offices
5.00E+15,5,Offices
1.00E+12,17,Offices
1.00E+12,12,Offices
1.00E+12,12,Offices
1.00E+12,12,Offices
5.00E+15,10,Offices
1.00E+15,67,Offices
1.00E+15,4,Offices
1.00E+12,2,Offices
1.00E+12,69,Offices
1.00E+12,5,Offices
5.00E+15,14,Offices
1.00E+15,2085,Offices
1.00E+15,15,Offices
1.00E+15,5,Offices
1.00E+12,5,Offices
1.00E+12,5,Offices
5.00E+15,15,Offices
1.00E+12,8,Offices
1.00E+12,5,Offices
1.00E+15,358,Offices
1.00E+15,217,Offices
1.00E+15,8,Offices
1.00E+15,4,Offices
1.00E+15,4,Offices
1.00E+12,5,Offices
1.00E+15,1070,Offices
1.00E+12,14,Offices
1.00E+15,28,Offices
5.00E+15,14,Offices
1.00E+12,22,Offices
1.00E+12,739,Offices
1.00E+12,31,Offices
5.00E+15,20,Offices
1.00E+12,241,Offices
1.00E+12,35,Offices
1.00E+12,404,Offices
1.00E+12,15,Offices
1.00E+12,82,Offices
5.00E+15,24,Offices
1.00E+12,54,Offices
1.00E+12,3336,Offices
1.00E+12,18,Offices
1.00E+12,54,Offices
1.00E+12,960,Offices
5.00E+15,1045,Offices
1.00E+12,13,Offices
5.00E+15,17,Offices
1.00E+12,12,Offices
1.00E+12,85,Offices
1.00E+12,196,Offices
1.00E+12,33,Offices
1.00E+12,13,Offices
1.00E+15,85,Offices
5.00E+15,52,Offices
5.00E+15,14,Offices
1.00E+12,15,Offices
1.00E+12,58,Offices
5.00E+15,20,Offices
1.00E+12,386,Offices
1.00E+12,69,Offices
1.00E+12,117,Offices
1.00E+12,117,Offices
1.00E+12,31,Offices
1.00E+12,88,Offices
1.00E+12,13,Offices
5.00E+15,48,Offices
1.00E+12,333,Offices
5.00E+15,15,Offices
1.00E+12,505,Offices
1.00E+12,240,Offices
1.00E+12,125,Offices
5.00E+15,14,Offices
1.00E+12,101,Offices
5.00E+15,24,Offices
1.00E+12,2300,Offices
1.00E+12,78,Offices
5.00E+15,5,Offices
5.00E+15,31,Offices
1.00E+15,14,Offices
1.00E+12,53,Offices
5.00E+15,22,Offices
1.00E+12,75,Offices
1.00E+12,17,Offices
1.00E+12,2,Offices
5.00E+15,221,Offices
1.00E+12,103,Offices
5.00E+15,8,Offices
1.00E+12,524,Offices
1.00E+12,116,Offices
5.00E+15,48,Offices
1.00E+12,3,Offices
5.00E+15,123,Offices
1.00E+12,182,Offices
5.00E+15,66,Offices
1.00E+12,213,Offices
5.00E+15,13,Offices
1.00E+12,20,Offices
1.00E+15,30,Offices
1.00E+12,12,Offices
1.00E+12,894,Offices
1.00E+12,64,Offices
1.00E+12,58,Offices
1.00E+12,17,Offices
5.00E+15,39,Offices
1.00E+12,66,Offices
1.00E+12,76,Offices
1.00E+12,361,Offices
5.00E+15,202,Offices
1.00E+12,11,Offices
5.00E+15,100,Offices
1.00E+12,7,Offices
1.00E+12,66,Offices
1.00E+12,40,Offices
1.00E+12,3,Offices
5.00E+15,22,Offices
1.00E+12,229,Offices
5.00E+15,22,Offices
1.00E+12,17,Offices
5.00E+15,25,Offices
5.00E+15,9,Offices
1.00E+12,90,Offices
1.00E+12,939,Offices
5.00E+15,21,Offices
1.00E+12,33,Offices
5.00E+15,1132,Offices
1.00E+12,51,Offices
1.00E+12,17,Offices
1.00E+12,14,Offices
1.00E+12,457,Offices
1.00E+12,19,Offices
1.00E+12,924,Offices
1.00E+12,262,Offices
5.00E+15,16,Offices
5.00E+15,12,Offices
5.00E+15,22,Offices
5.00E+15,12,Offices
1.00E+12,122,Offices
1.00E+15,50,Offices
1.00E+12,109,Offices
1.00E+12,17,Offices
5.00E+15,144,Offices
5.00E+15,11,Offices
5.00E+15,10,Offices
1.00E+12,89,Offices
1.00E+12,19,Offices
5.00E+15,1748,Offices
1.00E+12,17,Offices
5.00E+15,5,Offices
1.00E+15,1331,Offices
5.00E+15,44,Offices
5.00E+15,3,Offices
1.00E+12,20,Offices
1.00E+12,19,Offices
1.00E+12,42,Offices
1.00E+12,89,Offices
1.00E+12,86,Offices
1.00E+12,4,Offices
1.00E+12,50,Offices
1.00E+15,1942,Offices
1.00E+12,107,Offices
1.00E+12,32,Offices
1.00E+12,458,Offices
1.00E+12,752,Offices
1.00E+12,82,Offices
5.00E+15,6,Offices
1.00E+12,128,Offices
1.00E+12,66,Offices
1.00E+12,43,Offices
5.00E+15,87,Offices
1.00E+12,39,Offices
1.00E+12,72,Offices
5.00E+15,19,Offices
1.00E+12,417,Offices
1.00E+12,478,Offices
1.00E+12,121,Offices
5.00E+15,13,Offices
1.00E+12,62,Offices
5.00E+15,22,Offices
1.00E+15,562,Offices
1.00E+12,17,Offices
1.00E+12,31,Offices
1.00E+15,31,Offices
5.00E+15,3,Offices
5.00E+15,8,Offices
1.00E+12,4,Offices
1.00E+12,10,Offices
5.00E+15,4,Offices
5.00E+15,10,Offices
1.00E+12,7,Offices
5.00E+15,230,Offices
1.00E+12,467,Offices
5.00E+15,22,Offices
5.00E+15,4,Offices
5.00E+15,22,Offices
1.00E+12,21,Offices
1.00E+12,90,Offices
5.00E+15,22,Offices
1.00E+12,86,Offices
1.00E+12,75,Offices
1.00E+12,17,Offices
1.00E+12,77,Offices
1.00E+12,17,Offices
5.00E+15,15,Offices
1.00E+12,59,Offices
1.00E+12,156,Offices
5.00E+15,33,Offices
1.00E+12,393,Offices
1.00E+12,189,Offices
1.00E+12,16,Offices
5.00E+15,15,Offices
5.00E+15,17,Offices
1.00E+12,35,Offices
1.00E+12,81,Offices
5.00E+15,39,Offices
1.00E+12,176,Offices
1.00E+12,6,Offices
5.00E+15,34,Offices
5.00E+15,63,Offices
1.00E+12,782,Offices
1.00E+15,28,Offices
5.00E+15,18,Offices
1.00E+12,89,Offices
1.00E+12,67,Offices
1.00E+12,17,Offices
1.00E+15,93,Offices
1.00E+12,234,Offices
5.00E+15,213,Offices
1.00E+12,61,Offices
5.00E+15,36,Offices
1.00E+12,87,Offices
1.00E+15,127,Offices
1.00E+15,45,Offices
1.00E+12,4073,Offices
1.00E+12,2371,Offices
1.00E+12,67,Offices
1.00E+12,561,Offices
1.00E+12,835,Offices
1.00E+12,62,Offices
5.00E+15,48,Offices
5.00E+15,4,Offices
5.00E+15,27,Offices
5.00E+15,22,Offices
5.00E+15,22,Offices
1.00E+12,51,Offices
1.00E+12,21,Offices
1.00E+12,86,Offices
1.00E+12,33,Offices
5.00E+15,14,Offices
1.00E+15,55,Offices
1.00E+12,28,Offices
1.00E+12,1278,Offices
1.00E+12,28,Offices
1.00E+12,12,Offices
1.00E+12,129,Offices
1.00E+12,56,Offices
5.00E+15,240,Offices
1.00E+15,60,Offices
1.00E+15,76,Offices
1.00E+12,18,Offices
1.00E+12,103,Offices
1.00E+12,91,Offices
1.00E+12,70,Offices
5.00E+15,4,Offices
1.00E+12,14,Offices
5.00E+15,9,Offices
1.00E+15,453,Offices
1.00E+15,25,Offices
1.00E+12,809,Offices
1.00E+12,1123,Offices
5.00E+15,122,Offices
5.00E+15,14,Offices
1.00E+12,36,Offices
1.00E+12,77,Offices
1.00E+12,58,Offices
5.00E+15,8,Offices
1.00E+12,222,Offices
1.00E+12,26,Offices
1.00E+12,72,Offices
5.00E+15,17,Offices
5.00E+15,25,Offices
1.00E+12,79,Offices
1.00E+12,4,Offices
1.00E+12,66,Offices
1.00E+12,3,Offices
1.00E+15,76,Offices
5.00E+15,1361,Offices
5.00E+15,49,Offices
1.00E+12,53,Offices
1.00E+12,68,Offices
1.00E+12,1016,Offices
1.00E+15,12,Offices
5.00E+15,41,Offices
1.00E+12,85,Offices
1.00E+12,71,Offices
1.00E+12,8,Offices
1.00E+12,707,Offices
1.00E+12,134,Offices
5.00E+15,63,Offices
1.00E+12,171,Offices
5.00E+15,11,Offices
1.00E+12,1882,Offices
5.00E+15,5,Offices
1.00E+12,440,Offices
1.00E+12,25,Offices
1.00E+12,17,Offices
1.00E+12,74,Offices
5.00E+15,81,Offices
1.00E+12,386,Offices
5.00E+15,78,Offices
5.00E+15,192,Offices
5.00E+15,78,Offices
5.00E+15,42,Offices
1.00E+12,83,Offices
1.00E+12,4305,Offices
5.00E+15,15,Offices
5.00E+15,1482,Offices
1.00E+12,7,Offices
1.00E+12,141,Offices
1.00E+12,830,Offices
5.00E+15,103,Offices
1.00E+12,20,Offices
1.00E+12,74,Offices
5.00E+15,11,Offices
5.00E+15,4,Offices
1.00E+12,8,Offices
5.00E+15,28,Offices
1.00E+12,4,Offices
1.00E+12,983,Offices
1.00E+12,2,Offices
1.00E+12,5,Offices
1.00E+12,3,Offices
1.00E+12,67,Offices
1.00E+12,53,Offices
5.00E+15,422,Offices
1.00E+15,6,Offices
5.00E+15,31,Offices
5.00E+15,26,Offices
5.00E+15,19,Offices
5.00E+15,386,Offices
1.00E+12,4,Offices
5.00E+15,15,Offices
1.00E+12,3104,Offices
5.00E+15,4,Offices
5.00E+15,146,Offices
1.00E+12,425,Offices
1.00E+12,487,Offices
1.00E+12,16,Offices
5.00E+15,45,Offices
1.00E+15,2,Offices
1.00E+12,77,Offices
1.00E+12,2836,Offices
1.00E+12,928,Offices
5.00E+15,142,Offices
1.00E+12,3,Offices
1.00E+15,10,Offices
1.00E+12,25,Offices
5.00E+15,2789,Offices
5.00E+15,6,Offices
1.00E+12,269,Offices
1.00E+12,4,Offices
1.00E+12,404,Offices
5.00E+15,1378,Offices
1.00E+12,108,Offices
1.00E+12,81,Offices
1.00E+12,19,Offices
5.00E+15,1436,Offices
1.00E+12,17,Offices
1.00E+12,8,Offices
5.00E+15,1677,Offices
1.00E+12,96,Offices
1.00E+12,49,Offices
1.00E+12,1128,Offices
5.00E+15,100,Offices
1.00E+12,2510,Public Buildings
5.00E+15,5,Public Buildings
1.00E+12,41,Public Buildings
1.00E+12,1407,Public Buildings
1.00E+12,10,Public Buildings
1.00E+12,1911,Public Buildings
1.00E+15,928,Public Buildings
1.00E+12,34,Public Buildings
5.00E+15,138,Public Buildings
1.00E+15,34,Public Buildings
1.00E+15,1392,Public Buildings
1.00E+12,45,Public Buildings
1.00E+15,17,Public Buildings
1.00E+15,8,Public Buildings
1.00E+15,2684,Public Buildings
1.00E+12,123,Public Buildings
5.00E+15,9,Public Buildings
1.00E+12,9,Public Buildings
5.00E+15,7,Public Buildings
1.00E+12,563,Public Buildings
1.00E+12,2836,Public Buildings
1.00E+12,128,Public Buildings
1.00E+12,31,Public Buildings
1.00E+15,18,Public Buildings
5.00E+15,9,Public Buildings
1.00E+12,111,Public Buildings
5.00E+15,6,Public Buildings
1.00E+12,9,Public Buildings
1.00E+15,486,Public Buildings
1.00E+12,1073,Public Buildings
1.00E+12,77,Public Buildings
1.00E+15,15,Public Buildings
5.00E+15,6,Public Buildings
1.00E+12,10,Public Buildings
1.00E+12,8,Public Buildings
1.00E+15,9,Public Buildings
5.00E+15,27,Public Buildings
1.00E+12,44,Public Buildings
1.00E+12,60,Public Buildings
1.00E+12,45,Public Buildings
1.00E+12,1188,Public Buildings
1.00E+12,62,Public Buildings
1.00E+12,2,Public Buildings
1.00E+12,219,Public Buildings
1.00E+12,64,Public Buildings
1.00E+12,21,Public Buildings
1.00E+12,8,Public Buildings
1.00E+12,372,Public Buildings
1.00E+12,149,Public Buildings
5.00E+15,21,Public Buildings
5.00E+15,23,Public Buildings
5.00E+15,26,Public Buildings
1.00E+12,20,Public Buildings
1.00E+12,45,Public Buildings
5.00E+15,17,Public Buildings
1.00E+12,786,Public Buildings
1.00E+12,69,Public Buildings
1.00E+12,29,Public Buildings
1.00E+12,70,Public Buildings
1.00E+12,1182,Public Buildings
1.00E+15,15,Public Buildings
1.00E+12,43,Public Buildings
1.00E+12,552,Public Buildings
1.00E+12,2594,Public Buildings
1.00E+12,61,Public Buildings
1.00E+12,17192,Public Buildings
1.00E+12,69,Public Buildings
5.00E+15,17,Public Buildings
5.00E+15,17,Public Buildings
1.00E+12,6,Public Buildings
5.00E+15,25,Public Buildings
1.00E+12,25,Public Buildings
1.00E+12,25957,Public Buildings
1.00E+12,18,Public Buildings
5.00E+15,12,Public Buildings
1.00E+12,381,Public Buildings
1.00E+12,9,Public Buildings
1.00E+12,169,Public Buildings
5.00E+15,386,Public Buildings
5.00E+15,19,Public Buildings
5.00E+15,20,Public Buildings
1.00E+12,151,Public Buildings
5.00E+15,9,Public Buildings
1.00E+15,17,Public Buildings
1.00E+12,96,Public Buildings
1.00E+12,100,Public Buildings
1.00E+12,2527,Public Buildings
5.00E+15,17,Public Buildings
1.00E+12,69,Public Buildings
1.00E+12,39,Public Buildings
1.00E+12,1602,Public Buildings
1.00E+12,63,Public Buildings
1.00E+12,166,Public Buildings
1.00E+12,6886,Public Buildings
1.00E+15,38,Public Buildings
1.00E+12,69,Public Buildings
1.00E+12,87,Public Buildings
1.00E+12,19,Public Buildings
1.00E+12,35,Public Buildings
1.00E+12,28,Public Buildings
1.00E+12,95,Public Buildings
5.00E+15,13,Public Buildings
1.00E+12,20,Public Buildings
5.00E+15,17,Public Buildings
5.00E+15,6,Public Buildings
5.00E+15,7,Public Buildings
1.00E+12,11,Public Buildings
1.00E+12,20,Public Buildings
1.00E+12,41,Public Buildings
1.00E+12,21,Public Buildings
5.00E+15,13,Public Buildings
5.00E+15,697,Public Buildings
5.00E+15,689,Public Buildings
1.00E+15,1621,Public Buildings
5.00E+15,21,Public Buildings
1.00E+12,36,Public Buildings
1.00E+15,42,Public Buildings
5.00E+15,111,Public Buildings
1.00E+12,44,Public Buildings
5.00E+15,109,Public Buildings
5.00E+15,13,Public Buildings
5.00E+15,10,Public Buildings
5.00E+15,12,Public Buildings
1.00E+12,662,Public Buildings
1.00E+15,91,Public Buildings
1.00E+15,19,Public Buildings
5.00E+15,6,Public Buildings
5.00E+15,137,Public Buildings
1.00E+15,2914,Public Buildings
1.00E+12,286,Public Buildings
5.00E+15,42,Public Buildings
1.00E+12,5387,Public Buildings
5.00E+15,763,Public Buildings
1.00E+15,6,Public Buildings
1.00E+15,34,Public Buildings
5.00E+15,23,Public Buildings
5.00E+15,32,Public Buildings
1.00E+12,17,Public Buildings
5.00E+15,673,Public Buildings
1.00E+12,16,Public Buildings
1.00E+12,90,Public Buildings
5.00E+15,38,Public Buildings
1.00E+12,744,Public Buildings
1.00E+12,21,Public Buildings
1.00E+15,37,Public Buildings
5.00E+15,24,Public Buildings
1.00E+12,888,Public Buildings
5.00E+15,375,Public Buildings
5.00E+15,10,Public Buildings
1.00E+12,21,Public Buildings
1.00E+12,31,Public Buildings
1.00E+12,167,Public Buildings
5.00E+15,87,Public Buildings
5.00E+15,13,Public Buildings
5.00E+15,23,Public Buildings
5.00E+15,26,Public Buildings
1.00E+15,81,Public Buildings
5.00E+15,4,Public Buildings
1.00E+15,249,Public Buildings
1.00E+15,1646,Public Buildings
1.00E+12,5,Public Buildings
5.00E+15,24,Public Buildings
1.00E+12,35,Public Buildings
1.00E+12,156,Public Buildings
1.00E+15,13419,Public Buildings
1.00E+15,29,Public Buildings
1.00E+15,828,Public Buildings
1.00E+12,46,Public Buildings
1.00E+15,1241,Public Buildings
5.00E+15,13,Public Buildings
1.00E+12,15,Public Buildings
1.00E+15,326,Public Buildings
5.00E+15,4,Public Buildings
1.00E+12,96,Public Buildings
5.00E+15,13,Public Buildings
5.00E+15,70,Public Buildings
1.00E+15,26536,Public Buildings
5.00E+15,61,Public Buildings
1.00E+12,2472,Public Buildings
5.00E+15,91,Public Buildings
5.00E+15,5,Public Buildings
5.00E+15,15,Public Buildings
1.00E+15,13,Public Buildings
1.00E+12,511,Public Buildings
5.00E+15,24,Public Buildings
1.00E+15,20,Public Buildings
1.00E+12,992,Public Buildings
5.00E+15,20,Public Buildings
1.00E+12,102,Residential
1.00E+12,52,Residential
1.00E+12,95,Residential
1.00E+12,82,Residential
1.00E+12,69,Residential
1.00E+12,46,Residential
1.00E+12,492,Residential
1.00E+12,54,Residential
1.00E+12,59,Residential
1.00E+12,79,Residential
1.00E+12,46,Residential
1.00E+12,65,Residential
1.00E+12,50,Residential
1.00E+12,69,Residential
1.00E+12,1,Residential
1.00E+12,56,Residential
1.00E+12,93,Residential
1.00E+12,57,Residential
1.00E+12,70,Residential
1.00E+12,74,Residential
1.00E+12,87,Residential
1.00E+12,70,Residential
1.00E+12,78,Residential
1.00E+12,90,Residential
1.00E+12,60,Residential
1.00E+12,79,Residential
1.00E+12,125,Residential
1.00E+12,86,Residential
1.00E+12,64,Residential
1.00E+12,65,Residential
1.00E+12,90,Residential
1.00E+12,82,Residential
1.00E+12,52,Residential
1.00E+12,83,Residential
1.00E+12,14,Residential
1.00E+12,85,Residential
1.00E+12,47,Residential
1.00E+12,63,Residential
1.00E+12,29,Residential
1.00E+12,43,Residential
1.00E+12,62,Residential
1.00E+12,78,Residential
1.00E+12,87,Residential
1.00E+12,92,Residential
1.00E+12,53,Residential
1.00E+12,41,Residential
5.00E+15,9,Residential
1.00E+12,97,Residential
1.00E+12,85,Residential
1.00E+12,87,Residential
1.00E+12,94,Residential
1.00E+12,85,Residential
1.00E+12,47,Residential
5.00E+15,15,Residential
1.00E+12,100,Residential
1.00E+12,67,Residential
1.00E+12,90,Residential
1.00E+12,56,Residential
1.00E+12,96,Residential
5.00E+15,15,Residential
1.00E+12,25,Residential
1.00E+12,96,Residential
1.00E+12,127,Residential
1.00E+12,58,Residential
1.00E+12,96,Residential
1.00E+12,65,Residential
1.00E+12,73,Residential
1.00E+12,79,Residential
1.00E+12,9,Residential
1.00E+12,109,Residential
1.00E+12,58,Residential
1.00E+12,87,Residential
1.00E+12,50,Residential
5.00E+15,6,Residential
1.00E+12,88,Residential
1.00E+12,97,Residential
1.00E+12,78,Residential
1.00E+12,90,Residential
1.00E+12,96,Residential
5.00E+15,22,Residential
1.00E+12,71,Residential
1.00E+12,81,Residential
1.00E+12,16,Residential
1.00E+12,106,Residential
1.00E+12,87,Residential
1.00E+12,60,Residential
1.00E+12,68,Residential
1.00E+12,86,Residential
1.00E+12,62,Residential
1.00E+12,74,Residential
1.00E+12,82,Residential
1.00E+12,83,Residential
1.00E+12,73,Residential
1.00E+12,91,Residential
1.00E+12,65,Residential
1.00E+12,86,Residential
1.00E+12,49,Residential
1.00E+12,56,Residential
1.00E+12,100,Residential
1.00E+12,86,Residential
1.00E+12,87,Residential
1.00E+12,9,Residential
1.00E+12,17,Residential
1.00E+12,50,Residential
1.00E+12,67,Residential
5.00E+15,12,Residential
1.00E+12,45,Residential
1.00E+12,86,Residential
1.00E+12,69,Residential
1.00E+12,51,Residential
5.00E+15,20,Residential
1.00E+12,120,Residential
5.00E+15,4,Residential
1.00E+12,70,Residential
1.00E+12,85,Residential
1.00E+12,89,Residential
1.00E+12,53,Residential
1.00E+12,76,Residential
1.00E+12,29,Residential
1.00E+12,74,Residential
1.00E+12,77,Residential
1.00E+12,1,Residential
1.00E+12,9,Residential
1.00E+12,73,Residential
1.00E+12,44,Residential
1.00E+12,125,Residential
1.00E+12,92,Residential
1.00E+12,107,Residential
1.00E+12,71,Residential
5.00E+15,16,Residential
1.00E+12,81,Residential
1.00E+12,70,Residential
5.00E+15,17,Residential
1.00E+12,83,Residential
1.00E+12,98,Residential
1.00E+12,72,Residential
1.00E+12,97,Residential
1.00E+12,77,Residential
1.00E+12,75,Residential
1.00E+12,62,Residential
1.00E+12,81,Residential
1.00E+12,79,Residential
1.00E+12,24,Residential
5.00E+15,16,Residential
1.00E+12,63,Residential
5.00E+15,19,Residential
1.00E+12,82,Residential
1.00E+12,46,Residential
1.00E+12,14,Residential
1.00E+12,44,Residential
1.00E+12,103,Residential
1.00E+12,86,Residential
1.00E+12,88,Residential
1.00E+12,76,Residential
1.00E+12,10,Residential
5.00E+15,6,Residential
5.00E+15,17,Residential
1.00E+12,64,Residential
1.00E+12,93,Residential
1.00E+12,80,Residential
5.00E+15,10,Residential
1.00E+12,44,Residential
5.00E+15,31,Residential
1.00E+12,82,Residential
1.00E+12,86,Residential
1.00E+12,70,Residential
1.00E+12,4,Residential
1.00E+12,15,Residential
1.00E+12,60,Residential
1.00E+12,64,Residential
1.00E+12,76,Residential
1.00E+12,77,Residential
1.00E+12,18,Residential
1.00E+12,46,Residential
1.00E+12,52,Residential
1.00E+12,116,Residential
1.00E+12,61,Residential
1.00E+12,97,Residential
1.00E+12,91,Residential
5.00E+15,18,Residential
1.00E+12,49,Residential
5.00E+15,9,Residential
1.00E+12,86,Residential
1.00E+12,86,Residential
1.00E+12,77,Residential
1.00E+12,26,Residential
1.00E+12,13,Residential
1.00E+12,49,Residential
1.00E+12,91,Residential
1.00E+12,88,Residential
1.00E+12,94,Residential
1.00E+12,87,Residential
1.00E+12,83,Residential
1.00E+12,49,Residential
1.00E+12,91,Residential
5.00E+15,10,Residential
1.00E+12,59,Residential
1.00E+12,70,Residential
1.00E+12,14,Residential
5.00E+15,13,Residential
1.00E+12,140,Residential
1.00E+12,60,Residential
1.00E+12,106,Residential
1.00E+12,120,Residential
1.00E+12,48,Residential
1.00E+12,82,Residential
1.00E+12,47,Residential
5.00E+15,6,Residential
1.00E+12,87,Residential
1.00E+12,84,Residential
5.00E+15,17,Residential
1.00E+12,65,Residential
1.00E+12,95,Residential
5.00E+15,21,Residential
1.00E+15,6,Residential
1.00E+12,67,Residential
1.00E+12,87,Residential
1.00E+12,11,Residential
1.00E+12,80,Residential
1.00E+12,63,Residential
1.00E+12,45,Residential
1.00E+12,73,Residential
1.00E+12,88,Residential
1.00E+12,46,Residential
1.00E+12,86,Residential
1.00E+12,118,Residential
5.00E+15,39,Residential
1.00E+12,75,Residential
1.00E+12,71,Residential
1.00E+12,66,Residential
1.00E+12,92,Residential
1.00E+12,77,Residential
1.00E+12,95,Residential
1.00E+12,77,Residential
5.00E+15,36,Residential
1.00E+12,64,Residential
1.00E+12,92,Residential
1.00E+12,47,Residential
1.00E+12,3,Residential
1.00E+15,73,Residential
5.00E+15,23,Residential
5.00E+15,16,Residential
1.00E+15,94,Residential
1.00E+12,66,Residential
1.00E+12,74,Residential
1.00E+12,11,Residential
1.00E+12,98,Residential
1.00E+12,97,Residential
1.00E+12,77,Residential
1.00E+12,88,Residential
5.00E+15,25,Residential
1.00E+12,97,Residential
1.00E+12,63,Residential
1.00E+12,49,Residential
1.00E+12,4,Residential
1.00E+12,62,Residential
1.00E+12,74,Residential
1.00E+15,59,Residential
1.00E+12,101,Residential
1.00E+12,61,Residential
1.00E+12,19,Residential
1.00E+12,56,Residential
1.00E+12,14,Residential
1.00E+12,85,Residential
1.00E+15,50,Residential
1.00E+12,87,Residential
1.00E+12,6,Residential
1.00E+12,52,Residential
1.00E+12,43,Residential
1.00E+12,87,Residential
1.00E+12,20,Residential
1.00E+12,15,Residential
1.00E+12,65,Residential
1.00E+12,60,Residential
1.00E+12,81,Residential
1.00E+12,63,Residential
1.00E+12,95,Residential
1.00E+12,107,Residential
1.00E+12,84,Residential
1.00E+12,68,Residential
1.00E+12,71,Residential
1.00E+12,66,Residential
1.00E+12,90,Residential
1.00E+12,6,Residential
5.00E+15,20,Residential
1.00E+12,66,Residential
1.00E+12,86,Residential
1.00E+12,81,Residential
1.00E+12,59,Residential
1.00E+12,95,Residential
1.00E+12,144,Residential
1.00E+12,93,Residential
1.00E+12,46,Residential
1.00E+12,57,Residential
1.00E+12,95,Residential
1.00E+12,81,Residential
5.00E+15,25,Residential
5.00E+15,21,Residential
1.00E+12,98,Residential
1.00E+12,74,Residential
5.00E+15,18,Residential
1.00E+12,80,Residential
1.00E+12,90,Residential
1.00E+12,16,Residential
1.00E+12,52,Residential
1.00E+12,17,Residential
1.00E+12,16,Residential
1.00E+12,100,Residential
1.00E+12,49,Residential
1.00E+12,112,Residential
1.00E+12,53,Residential
1.00E+12,61,Residential
1.00E+12,48,Residential
1.00E+15,70,Residential
1.00E+12,66,Residential
1.00E+12,51,Residential
1.00E+12,93,Residential
1.00E+12,64,Residential
1.00E+12,47,Residential
1.00E+12,47,Residential
1.00E+12,52,Residential
1.00E+12,79,Residential
1.00E+12,90,Residential
1.00E+15,57,Residential
1.00E+12,28,Residential
1.00E+12,77,Residential
1.00E+12,125,Residential
1.00E+12,86,Residential
1.00E+12,5,Residential
1.00E+12,103,Residential
1.00E+12,119,Residential
1.00E+12,77,Residential
1.00E+12,83,Residential
1.00E+12,4,Residential
5.00E+15,7,Residential
1.00E+12,18,Residential
1.00E+12,52,Residential
1.00E+12,3,Residential
1.00E+12,83,Residential
1.00E+12,70,Residential
5.00E+15,11,Residential
1.00E+12,70,Residential
1.00E+12,61,Residential
5.00E+15,9,Residential
1.00E+12,62,Residential
1.00E+12,85,Residential
1.00E+12,58,Residential
1.00E+12,11,Residential
1.00E+12,46,Residential
5.00E+15,22,Residential
1.00E+12,16,Residential
1.00E+12,56,Residential
1.00E+12,84,Residential
1.00E+12,43,Residential
1.00E+12,7,Residential
5.00E+15,14,Residential
1.00E+12,85,Residential
1.00E+12,97,Residential
1.00E+12,71,Residential
1.00E+12,71,Residential
1.00E+12,86,Residential
1.00E+12,108,Residential
1.00E+12,76,Residential
1.00E+12,71,Residential
1.00E+12,57,Residential
5.00E+15,9,Residential
1.00E+12,55,Residential
5.00E+15,13,Residential
1.00E+12,105,Residential
1.00E+12,91,Residential
1.00E+12,76,Residential
1.00E+12,59,Residential
1.00E+12,5,Residential
1.00E+12,87,Residential
1.00E+12,51,Residential
1.00E+12,65,Residential
1.00E+12,64,Residential
1.00E+15,62,Residential
1.00E+12,75,Residential
1.00E+12,46,Residential
1.00E+12,82,Residential
1.00E+12,68,Residential
1.00E+12,87,Residential
5.00E+15,21,Residential
1.00E+12,69,Residential
1.00E+12,80,Residential
1.00E+12,84,Residential
1.00E+12,90,Residential
5.00E+15,22,Residential
5.00E+15,16,Residential
1.00E+12,88,Residential
1.00E+12,63,Residential
1.00E+12,86,Residential
1.00E+12,65,Residential
1.00E+12,13,Residential
1.00E+12,104,Residential
1.00E+12,64,Residential
1.00E+12,55,Residential
1.00E+12,77,Residential
1.00E+12,7,Residential
1.00E+12,41,Residential
1.00E+12,89,Residential
1.00E+12,11,Residential
1.00E+12,66,Residential
1.00E+12,87,Residential
1.00E+12,81,Residential
1.00E+12,14,Residential
1.00E+12,67,Residential
1.00E+12,15,Residential
1.00E+12,75,Residential
1.00E+12,65,Residential
1.00E+12,42,Residential
5.00E+15,25,Residential
1.00E+12,86,Residential
1.00E+12,56,Residential
1.00E+12,48,Residential
1.00E+12,61,Residential
1.00E+12,94,Residential
1.00E+12,82,Residential
1.00E+12,90,Residential
5.00E+15,21,Residential
5.00E+15,16,Residential
1.00E+12,77,Residential
1.00E+12,64,Residential
1.00E+12,135,Residential
1.00E+12,15,Residential
5.00E+15,13,Residential
5.00E+15,11,Residential
1.00E+12,55,Residential
1.00E+12,78,Residential
1.00E+12,65,Residential
1.00E+12,56,Residential
1.00E+12,108,Residential
1.00E+12,74,Residential
1.00E+12,90,Residential
1.00E+12,10,Residential
1.00E+15,66,Residential
5.00E+15,15,Residential
1.00E+12,79,Residential
1.00E+12,99,Residential
1.00E+12,89,Residential
1.00E+12,76,Residential
5.00E+15,24,Residential
1.00E+12,12,Residential
1.00E+12,12,Residential
1.00E+12,89,Residential
5.00E+15,10,Residential
1.00E+12,85,Residential
1.00E+12,86,Residential
1.00E+12,7,Residential
1.00E+12,89,Residential
1.00E+12,17,Residential
1.00E+12,82,Residential
1.00E+12,12,Residential
1.00E+15,70,Residential
1.00E+12,22,Residential
1.00E+12,62,Residential
1.00E+12,92,Residential
1.00E+12,56,Residential
1.00E+12,61,Residential
1.00E+12,97,Residential
1.00E+12,75,Residential
1.00E+12,96,Residential
1.00E+12,68,Residential
1.00E+12,19,Residential
1.00E+12,146,Residential
1.00E+12,74,Residential
1.00E+12,82,Residential
1.00E+12,86,Residential
5.00E+15,17,Residential
1.00E+12,87,Residential
1.00E+12,70,Residential
1.00E+12,65,Residential
1.00E+12,76,Residential
1.00E+12,17,Residential
1.00E+12,94,Residential
1.00E+12,42,Residential
5.00E+15,14,Residential
1.00E+12,58,Residential
1.00E+12,76,Residential
5.00E+15,20,Residential
1.00E+12,117,Residential
5.00E+15,15,Residential
5.00E+15,9,Residential
1.00E+12,107,Residential
1.00E+12,42,Residential
1.00E+12,66,Residential
1.00E+12,63,Residential
1.00E+12,51,Residential
1.00E+12,67,Residential
1.00E+12,94,Residential
1.00E+12,15,Residential
1.00E+12,83,Residential
1.00E+12,84,Residential
1.00E+12,7,Residential
1.00E+12,87,Residential
1.00E+12,72,Residential
5.00E+15,21,Residential
1.00E+12,96,Residential
1.00E+12,93,Residential
1.00E+12,18,Residential
1.00E+12,69,Residential
1.00E+12,54,Residential
1.00E+12,103,Residential
1.00E+12,61,Residential
1.00E+12,48,Residential
1.00E+12,57,Residential
1.00E+12,48,Residential
1.00E+12,13,Residential
5.00E+15,120,Residential
1.00E+12,57,Residential
1.00E+12,83,Residential
1.00E+12,22,Residential
5.00E+15,10,Residential
1.00E+12,107,Residential
1.00E+12,114,Residential
1.00E+12,5,Residential
5.00E+15,19,Residential
1.00E+12,68,Residential
1.00E+12,26,Residential
1.00E+12,115,Residential
1.00E+12,12,Residential
5.00E+15,9,Residential
5.00E+15,14,Residential
1.00E+12,44,Residential
5.00E+15,26,Residential
1.00E+12,71,Residential
1.00E+12,86,Residential
1.00E+12,101,Residential
1.00E+12,69,Residential
1.00E+12,11,Residential
5.00E+15,12,Residential
1.00E+12,82,Residential
1.00E+12,80,Residential
5.00E+15,19,Residential
1.00E+12,88,Residential
1.00E+12,86,Residential
1.00E+12,72,Residential
5.00E+15,15,Residential
1.00E+12,30,Residential
1.00E+12,92,Residential
1.00E+12,87,Residential
1.00E+12,84,Residential
1.00E+12,97,Residential
1.00E+12,86,Residential
1.00E+12,85,Residential
1.00E+12,59,Residential
1.00E+12,39,Residential
5.00E+15,10,Residential
1.00E+12,50,Residential
1.00E+12,51,Residential
1.00E+12,86,Residential
1.00E+12,82,Residential
1.00E+12,87,Residential
1.00E+12,51,Residential
1.00E+12,12,Residential
1.00E+12,112,Residential
1.00E+12,71,Residential
1.00E+12,62,Residential
1.00E+12,84,Residential
1.00E+15,92,Residential
1.00E+12,67,Residential
1.00E+12,39,Residential
1.00E+12,62,Residential
1.00E+12,60,Residential
1.00E+12,20,Residential
1.00E+12,12,Residential
1.00E+12,89,Residential
1.00E+12,60,Residential
1.00E+12,107,Residential
5.00E+15,22,Residential
1.00E+12,86,Residential
5.00E+15,6,Residential
1.00E+12,98,Residential
1.00E+12,113,Residential
1.00E+12,82,Residential
1.00E+12,49,Residential
1.00E+12,14,Residential
1.00E+12,66,Residential
1.00E+12,69,Residential
1.00E+12,84,Residential
1.00E+12,64,Residential
1.00E+12,14,Residential
1.00E+12,100,Residential
1.00E+12,82,Residential
1.00E+12,12,Residential
1.00E+12,108,Residential
1.00E+12,80,Residential
1.00E+12,18,Residential
1.00E+12,82,Residential
1.00E+12,14,Residential
1.00E+12,10,Residential
1.00E+12,52,Residential
1.00E+12,83,Residential
1.00E+12,111,Residential
1.00E+12,74,Residential
1.00E+12,102,Residential
1.00E+12,98,Residential
1.00E+12,92,Residential
1.00E+12,64,Residential
1.00E+12,62,Residential
1.00E+12,19,Residential
1.00E+12,61,Residential
1.00E+15,82,Residential
1.00E+12,74,Residential
1.00E+12,84,Residential
1.00E+12,91,Residential
1.00E+12,103,Residential
1.00E+12,51,Residential
5.00E+15,14,Residential
1.00E+12,102,Residential
5.00E+15,18,Residential
1.00E+12,52,Residential
1.00E+12,57,Residential
1.00E+12,83,Residential
1.00E+12,55,Residential
1.00E+12,7,Residential
1.00E+12,49,Residential
5.00E+15,9,Residential
1.00E+12,54,Residential
1.00E+12,14,Residential
1.00E+12,68,Residential
1.00E+12,122,Residential
1.00E+12,76,Residential
1.00E+12,9,Residential
1.00E+12,71,Residential
1.00E+12,14,Residential
5.00E+15,31,Residential
1.00E+12,87,Residential
1.00E+12,108,Residential
1.00E+12,85,Residential
1.00E+12,74,Residential
1.00E+12,53,Residential
1.00E+12,57,Residential
1.00E+12,101,Residential
1.00E+12,122,Residential
1.00E+12,82,Residential
1.00E+12,70,Residential
5.00E+15,90,Residential
1.00E+12,70,Residential
1.00E+12,37,Residential
5.00E+15,10,Residential
1.00E+12,84,Residential
1.00E+12,91,Residential
1.00E+12,83,Residential
1.00E+12,55,Residential
1.00E+12,10,Residential
1.00E+12,5,Residential
1.00E+12,82,Residential
1.00E+12,113,Residential
5.00E+15,175,Residential
5.00E+15,10,Residential
1.00E+12,4,Residential
1.00E+12,67,Residential
1.00E+12,56,Residential
1.00E+12,61,Residential
5.00E+15,14,Residential
5.00E+15,34,Residential
1.00E+12,85,Residential
1.00E+12,60,Residential
5.00E+15,3,Residential
1.00E+12,7,Residential
1.00E+12,78,Residential
1.00E+12,57,Residential
1.00E+12,103,Residential
1.00E+12,60,Residential
1.00E+12,65,Residential
1.00E+12,105,Residential
1.00E+12,93,Residential
1.00E+12,68,Residential
1.00E+12,70,Residential
1.00E+12,66,Residential
1.00E+12,9,Residential
1.00E+12,58,Residential
1.00E+12,49,Residential
1.00E+12,70,Residential
1.00E+12,8,Residential
1.00E+12,76,Residential
1.00E+12,17,Residential
1.00E+12,96,Residential
1.00E+12,49,Residential
1.00E+12,70,Residential
1.00E+12,80,Residential
1.00E+12,63,Residential
5.00E+15,13,Residential
1.00E+12,76,Residential
1.00E+12,97,Residential
1.00E+12,71,Residential
1.00E+12,119,Residential
1.00E+12,10,Residential
1.00E+12,78,Residential
1.00E+12,11,Residential
1.00E+12,77,Residential
1.00E+12,84,Residential
1.00E+12,85,Residential
1.00E+12,90,Residential
1.00E+12,25,Residential
1.00E+12,25,Residential
1.00E+12,42,Residential
1.00E+12,47,Residential
1.00E+12,103,Residential
1.00E+12,56,Residential
1.00E+12,63,Residential
5.00E+15,4,Residential
5.00E+15,12,Residential
1.00E+12,82,Residential
1.00E+12,85,Residential
1.00E+12,55,Residential
1.00E+15,47,Residential
1.00E+12,72,Residential
1.00E+12,19,Residential
1.00E+12,65,Residential
1.00E+12,66,Residential
1.00E+12,76,Residential
1.00E+12,89,Residential
1.00E+12,41,Residential
1.00E+12,99,Residential
1.00E+12,78,Residential
1.00E+12,13,Residential
1.00E+12,74,Residential
1.00E+12,20,Residential
1.00E+12,86,Residential
1.00E+12,86,Residential
1.00E+12,64,Residential
1.00E+12,59,Residential
5.00E+15,15,Residential
1.00E+12,68,Residential
1.00E+12,73,Residential
1.00E+12,65,Residential
1.00E+12,70,Residential
1.00E+12,101,Residential
1.00E+12,71,Residential
1.00E+12,85,Residential
1.00E+12,77,Residential
1.00E+12,58,Residential
1.00E+12,77,Residential
1.00E+12,76,Residential
5.00E+15,16,Residential
1.00E+12,87,Residential
1.00E+12,46,Residential
1.00E+12,6,Residential
1.00E+12,65,Residential
1.00E+12,86,Residential
1.00E+12,71,Residential
1.00E+12,51,Residential
5.00E+15,26,Residential
1.00E+12,42,Residential
1.00E+12,78,Residential
1.00E+12,68,Residential
1.00E+12,84,Residential
1.00E+12,4,Residential
1.00E+12,44,Residential
1.00E+12,5,Residential
1.00E+12,21,Residential
1.00E+12,38,Residential
1.00E+12,98,Residential
1.00E+12,46,Residential
5.00E+15,13,Residential
5.00E+15,17,Residential
5.00E+15,9,Residential
1.00E+12,63,Residential
1.00E+12,73,Residential
1.00E+12,48,Residential
1.00E+12,8,Residential
1.00E+15,60,Residential
1.00E+12,67,Residential
1.00E+12,107,Residential
1.00E+12,56,Residential
1.00E+12,78,Residential
1.00E+12,56,Residential
1.00E+12,86,Residential
5.00E+15,53,Residential
1.00E+12,45,Residential
1.00E+12,74,Residential
1.00E+12,85,Residential
1.00E+12,82,Residential
1.00E+12,75,Residential
1.00E+12,67,Residential
1.00E+12,97,Residential
1.00E+12,13,Residential
1.00E+12,84,Residential
1.00E+12,76,Residential
1.00E+12,83,Residential
1.00E+12,103,Residential
5.00E+15,35,Residential
1.00E+12,63,Residential
1.00E+12,5,Residential
1.00E+15,57,Residential
1.00E+12,50,Residential
1.00E+12,35,Residential
1.00E+12,17,Residential
5.00E+15,13,Residential
5.00E+15,17,Residential
1.00E+12,27,Residential
1.00E+12,66,Residential
1.00E+12,68,Residential
1.00E+12,86,Residential
1.00E+12,73,Residential
1.00E+12,85,Residential
1.00E+12,12,Residential
5.00E+15,15,Residential
1.00E+12,85,Residential
1.00E+12,91,Residential
1.00E+12,91,Residential
1.00E+12,93,Residential
1.00E+12,14,Residential
5.00E+15,22,Residential
1.00E+12,51,Residential
1.00E+12,88,Residential
1.00E+12,96,Residential
1.00E+12,14,Residential
1.00E+12,49,Residential
1.00E+12,59,Residential
1.00E+12,45,Residential
1.00E+12,86,Residential
1.00E+12,82,Residential
1.00E+12,98,Residential
1.00E+12,84,Residential
1.00E+12,72,Residential
1.00E+12,83,Residential
1.00E+12,59,Residential
5.00E+15,9,Residential
1.00E+12,59,Residential
1.00E+12,49,Residential
5.00E+15,7,Residential
1.00E+12,98,Residential
1.00E+12,43,Residential
1.00E+12,78,Residential
1.00E+12,12,Residential
1.00E+12,71,Residential
1.00E+12,95,Residential
1.00E+12,98,Residential
1.00E+12,71,Residential
1.00E+12,97,Residential
1.00E+12,53,Residential
5.00E+15,17,Residential
1.00E+12,93,Residential
1.00E+12,16,Residential
1.00E+12,106,Residential
1.00E+12,8,Residential
1.00E+12,69,Residential
5.00E+15,17,Residential
1.00E+12,96,Residential
1.00E+12,47,Residential
1.00E+12,91,Residential
5.00E+15,4,Residential
5.00E+15,29,Residential
1.00E+12,104,Residential
1.00E+12,58,Residential
1.00E+12,71,Residential
1.00E+12,43,Residential
1.00E+12,44,Residential
1.00E+12,74,Residential
1.00E+12,83,Residential
1.00E+12,87,Residential
1.00E+12,81,Residential
1.00E+12,83,Residential
1.00E+12,84,Residential
5.00E+15,31,Residential
5.00E+15,99,Residential
1.00E+12,74,Residential
1.00E+12,57,Residential
1.00E+12,55,Residential
1.00E+12,94,Residential
5.00E+15,136,Residential
1.00E+12,10,Residential
1.00E+12,61,Residential
5.00E+15,16,Residential
1.00E+12,86,Residential
1.00E+12,10,Residential
1.00E+12,55,Residential
5.00E+15,191,Residential
1.00E+12,70,Residential
1.00E+12,69,Residential
1.00E+12,75,Residential
1.00E+12,56,Residential
1.00E+12,51,Residential
1.00E+12,80,Residential
1.00E+12,99,Residential
1.00E+12,103,Residential
1.00E+12,47,Residential
1.00E+12,41,Residential
5.00E+15,11,Residential
1.00E+12,64,Residential
1.00E+12,15,Residential
1.00E+12,92,Residential
1.00E+12,48,Residential
1.00E+12,46,Residential
5.00E+15,9,Residential
1.00E+12,79,Residential
1.00E+12,83,Residential
1.00E+12,49,Residential
1.00E+12,40,Residential
5.00E+15,14,Residential
1.00E+15,62,Residential
1.00E+12,97,Residential
1.00E+12,52,Residential
1.00E+12,6,Residential
1.00E+12,117,Residential
1.00E+12,94,Residential
1.00E+12,60,Residential
1.00E+12,101,Residential
5.00E+15,16,Residential
1.00E+12,63,Residential
5.00E+15,17,Residential
1.00E+12,75,Residential
5.00E+15,19,Residential
1.00E+12,94,Residential
1.00E+12,88,Residential
1.00E+12,12,Residential
5.00E+15,4,Residential
5.00E+15,15,Residential
1.00E+12,89,Residential
1.00E+12,83,Residential
1.00E+12,80,Residential
1.00E+12,10,Residential
5.00E+15,13,Residential
1.00E+12,63,Residential
1.00E+12,86,Residential
1.00E+12,60,Residential
1.00E+12,107,Residential
1.00E+12,89,Residential
1.00E+12,64,Residential
1.00E+12,73,Residential
1.00E+12,121,Residential
1.00E+12,108,Residential
1.00E+12,60,Residential
1.00E+12,67,Residential
1.00E+12,86,Residential
1.00E+12,91,Residential
1.00E+12,75,Residential
1.00E+12,78,Residential
1.00E+12,54,Residential
1.00E+12,87,Residential
1.00E+12,14,Residential
1.00E+12,78,Residential
1.00E+12,86,Residential
1.00E+12,71,Residential
1.00E+12,68,Residential
1.00E+12,16,Residential
5.00E+15,121,Residential
1.00E+12,66,Residential
5.00E+15,3,Residential
1.00E+12,47,Residential
5.00E+15,19,Residential
5.00E+15,8,Residential
1.00E+12,114,Residential
1.00E+12,93,Residential
5.00E+15,33,Residential
1.00E+12,88,Residential
1.00E+12,78,Residential
1.00E+12,48,Residential
1.00E+12,72,Residential
1.00E+12,76,Residential
1.00E+12,15,Residential
1.00E+12,64,Residential
1.00E+12,41,Residential
1.00E+12,50,Residential
1.00E+12,11,Residential
1.00E+12,83,Residential
1.00E+12,119,Residential
1.00E+12,74,Residential
1.00E+12,79,Residential
1.00E+12,84,Residential
1.00E+12,95,Residential
1.00E+12,96,Residential
1.00E+12,13,Residential
1.00E+12,16,Residential
5.00E+15,17,Residential
5.00E+15,15,Residential
1.00E+12,78,Residential
1.00E+12,25,Residential
1.00E+12,85,Residential
1.00E+12,126,Residential
1.00E+12,16,Residential
1.00E+12,8,Residential
1.00E+15,58,Residential
1.00E+12,21,Residential
1.00E+12,72,Residential
1.00E+12,81,Residential
1.00E+12,76,Residential
1.00E+12,60,Residential
1.00E+15,78,Residential
5.00E+15,17,Residential
5.00E+15,47,Residential
1.00E+12,85,Residential
1.00E+12,115,Residential
1.00E+12,45,Residential
5.00E+15,11,Residential
1.00E+12,65,Residential
5.00E+15,18,Residential
1.00E+12,67,Residential
1.00E+12,73,Residential
1.00E+12,4,Residential
5.00E+15,18,Residential
1.00E+12,103,Residential
5.00E+15,11,Residential
1.00E+12,5,Residential
1.00E+12,74,Residential
1.00E+12,43,Residential
5.00E+15,25,Residential
5.00E+15,14,Residential
1.00E+12,70,Residential
1.00E+12,78,Residential
1.00E+12,5,Residential
1.00E+12,55,Residential
1.00E+12,50,Residential
1.00E+12,99,Residential
1.00E+12,45,Residential
1.00E+12,93,Residential
1.00E+12,8,Residential
5.00E+15,9,Residential
1.00E+12,67,Residential
1.00E+12,71,Residential
1.00E+12,87,Residential
1.00E+15,73,Residential
1.00E+12,4,Residential
5.00E+15,11,Residential
1.00E+12,104,Residential
1.00E+12,103,Residential
1.00E+12,48,Residential
5.00E+15,23,Residential
5.00E+15,19,Residential
1.00E+12,71,Residential
1.00E+12,17,Residential
1.00E+12,55,Residential
1.00E+12,20,Residential
1.00E+12,9,Residential
1.00E+12,55,Residential
1.00E+12,14,Residential
1.00E+12,92,Residential
1.00E+12,21,Residential
1.00E+12,84,Residential
1.00E+12,41,Residential
1.00E+12,87,Residential
5.00E+15,20,Residential
1.00E+12,68,Residential
1.00E+12,124,Residential
1.00E+12,61,Residential
1.00E+12,46,Residential
1.00E+12,48,Residential
1.00E+12,92,Residential
1.00E+12,73,Residential
1.00E+12,83,Residential
1.00E+12,66,Residential
1.00E+12,63,Residential
1.00E+12,11,Residential
1.00E+12,15,Residential
1.00E+12,17,Residential
1.00E+12,45,Residential
1.00E+12,91,Residential
1.00E+12,82,Residential
1.00E+12,49,Residential
1.00E+12,82,Residential
1.00E+12,86,Residential
1.00E+12,75,Residential
1.00E+12,84,Residential
1.00E+12,47,Residential
5.00E+15,16,Residential
5.00E+15,8,Residential
1.00E+12,108,Residential
1.00E+12,129,Residential
1.00E+12,121,Residential
1.00E+12,7,Residential
1.00E+12,66,Residential
1.00E+12,101,Residential
1.00E+12,65,Residential
1.00E+12,95,Residential
1.00E+12,129,Residential
1.00E+12,94,Residential
1.00E+12,89,Residential
5.00E+15,101,Residential
1.00E+12,59,Residential
1.00E+12,126,Residential
1.00E+12,80,Residential
1.00E+12,82,Residential
1.00E+12,48,Residential
1.00E+15,181,Residential
1.00E+12,134,Residential
1.00E+12,113,Residential
1.00E+12,49,Residential
1.00E+12,13,Residential
1.00E+12,59,Residential
1.00E+12,7,Residential
5.00E+15,33,Residential
5.00E+15,19,Residential
1.00E+12,96,Residential
1.00E+12,47,Residential
1.00E+12,107,Residential
1.00E+12,73,Residential
5.00E+15,14,Residential
1.00E+12,91,Residential
1.00E+12,13,Residential
1.00E+12,77,Residential
5.00E+15,116,Residential
1.00E+12,54,Residential
1.00E+12,94,Residential
1.00E+12,88,Residential
1.00E+12,85,Residential
5.00E+15,12,Residential
1.00E+12,95,Residential
5.00E+15,20,Residential
1.00E+12,87,Residential
1.00E+12,77,Residential
1.00E+12,20,Residential
1.00E+12,13,Residential
1.00E+12,49,Residential
5.00E+15,35,Residential
1.00E+12,34,Residential
1.00E+12,58,Residential
1.00E+12,50,Residential
5.00E+15,5,Residential
1.00E+12,19,Residential
1.00E+12,130,Residential
1.00E+12,88,Residential
1.00E+12,4,Residential
1.00E+12,16,Residential
1.00E+12,97,Residential
1.00E+12,65,Residential
1.00E+12,3,Residential
5.00E+15,12,Residential
1.00E+12,84,Residential
1.00E+12,124,Residential
1.00E+12,61,Residential
5.00E+15,11,Residential
1.00E+12,73,Residential
1.00E+15,126,Residential
5.00E+15,16,Residential
1.00E+12,89,Residential
1.00E+12,47,Residential
1.00E+12,63,Residential
1.00E+12,71,Residential
5.00E+15,110,Residential
1.00E+12,111,Residential
1.00E+12,75,Residential
1.00E+12,97,Residential
1.00E+12,105,Residential
1.00E+12,45,Residential
1.00E+12,78,Residential
1.00E+12,5,Residential
1.00E+12,54,Residential
1.00E+12,57,Residential
1.00E+12,105,Residential
1.00E+12,61,Residential
1.00E+12,89,Residential
1.00E+12,84,Residential
1.00E+12,71,Residential
1.00E+12,58,Residential
1.00E+12,47,Residential
5.00E+15,15,Residential
5.00E+15,129,Residential
1.00E+12,106,Residential
1.00E+12,4,Residential
5.00E+15,10,Residential
1.00E+12,8,Residential
1.00E+12,43,Residential
1.00E+12,67,Residential
1.00E+12,68,Residential
1.00E+12,89,Residential
1.00E+12,49,Residential
1.00E+12,64,Residential
1.00E+12,88,Residential
1.00E+12,60,Residential
1.00E+12,3,Residential
5.00E+15,12,Residential
5.00E+15,16,Residential
5.00E+15,13,Residential
1.00E+12,113,Residential
1.00E+12,101,Residential
1.00E+15,74,Residential
1.00E+12,63,Residential
1.00E+12,49,Residential
1.00E+12,18,Residential
1.00E+12,79,Residential
1.00E+12,73,Residential
1.00E+12,82,Residential
1.00E+12,74,Residential
1.00E+15,79,Residential
5.00E+15,15,Residential
1.00E+12,63,Residential
1.00E+12,101,Residential
1.00E+12,126,Residential
1.00E+12,74,Residential
1.00E+12,13,Residential
1.00E+12,364,Residential
1.00E+12,91,Residential
1.00E+12,70,Residential
1.00E+12,88,Residential
1.00E+12,80,Residential
1.00E+12,78,Residential
1.00E+12,86,Residential
1.00E+12,71,Residential
1.00E+12,11,Residential
1.00E+12,115,Residential
1.00E+12,69,Residential
1.00E+12,6,Residential
1.00E+12,68,Residential
1.00E+12,63,Residential
1.00E+12,77,Residential
1.00E+12,50,Residential
5.00E+15,19,Residential
1.00E+12,63,Residential
1.00E+12,115,Residential
1.00E+12,86,Residential
1.00E+12,86,Residential
1.00E+12,52,Residential
1.00E+12,49,Residential
5.00E+15,18,Residential
1.00E+12,155,Residential
1.00E+12,97,Residential
1.00E+12,3,Residential
1.00E+12,32,Residential
1.00E+12,16,Residential
1.00E+12,93,Residential
5.00E+15,9,Residential
1.00E+12,115,Residential
5.00E+15,16,Residential
1.00E+12,124,Residential
1.00E+12,22,Residential
1.00E+12,78,Residential
1.00E+12,14,Residential
1.00E+12,51,Residential
5.00E+15,5,Residential
5.00E+15,25,Residential
1.00E+12,47,Residential
1.00E+12,77,Residential
1.00E+12,107,Residential
1.00E+12,92,Residential
1.00E+12,38,Residential
1.00E+12,81,Residential
5.00E+15,26,Residential
1.00E+12,159,Residential
1.00E+12,77,Residential
1.00E+12,110,Residential
1.00E+12,113,Residential
1.00E+12,53,Residential
1.00E+12,85,Residential
1.00E+12,23,Residential
1.00E+12,77,Residential
1.00E+12,40,Residential
1.00E+12,49,Residential
1.00E+12,75,Residential
1.00E+12,61,Residential
1.00E+12,86,Residential
1.00E+12,47,Residential
1.00E+12,99,Residential
1.00E+12,82,Residential
1.00E+12,65,Residential
1.00E+12,50,Residential
1.00E+12,12,Residential
5.00E+15,12,Residential
5.00E+15,11,Residential
1.00E+12,62,Residential
1.00E+12,211,Residential
5.00E+15,19,Residential
1.00E+12,172,Residential
1.00E+12,12,Residential
1.00E+12,87,Residential
1.00E+12,36,Residential
1.00E+12,42,Residential
1.00E+12,39,Residential
1.00E+12,92,Residential
5.00E+15,15,Residential
1.00E+12,25,Residential
1.00E+12,73,Residential
1.00E+12,12,Residential
1.00E+12,68,Residential
1.00E+12,103,Residential
1.00E+12,52,Residential
1.00E+12,17,Residential
1.00E+12,76,Residential
1.00E+12,164,Residential
1.00E+12,168,Residential
1.00E+12,78,Residential
1.00E+12,80,Residential
1.00E+12,87,Residential
1.00E+12,48,Residential
5.00E+15,20,Residential
1.00E+12,90,Residential
1.00E+12,147,Residential
1.00E+12,60,Residential
1.00E+12,63,Residential
1.00E+12,44,Residential
1.00E+12,108,Residential
1.00E+12,98,Residential
1.00E+12,87,Residential
1.00E+12,67,Residential
1.00E+12,14,Residential
1.00E+12,74,Residential
1.00E+12,112,Residential
1.00E+12,59,Residential
1.00E+12,67,Residential
1.00E+12,74,Residential
1.00E+12,94,Residential
1.00E+12,26,Residential
1.00E+12,74,Residential
5.00E+15,12,Residential
5.00E+15,2,Residential
1.00E+12,80,Residential
1.00E+12,92,Residential
1.00E+12,84,Residential
1.00E+12,134,Residential
1.00E+12,89,Residential
1.00E+12,64,Residential
1.00E+12,47,Residential
1.00E+12,42,Residential
1.00E+12,45,Residential
1.00E+12,36,Residential
1.00E+12,63,Residential
1.00E+12,114,Residential
1.00E+12,104,Residential
1.00E+12,150,Residential
1.00E+12,59,Residential
1.00E+12,77,Residential
1.00E+12,97,Residential
1.00E+15,92,Residential
1.00E+12,51,Residential
5.00E+15,25,Residential
1.00E+12,101,Residential
5.00E+15,17,Residential
1.00E+12,94,Residential
1.00E+12,83,Residential
1.00E+12,39,Residential
1.00E+12,16,Residential
1.00E+12,90,Residential
1.00E+12,77,Residential
1.00E+12,71,Residential
1.00E+12,38,Residential
1.00E+12,70,Residential
5.00E+15,49,Residential
5.00E+15,10,Residential
1.00E+12,88,Residential
1.00E+12,118,Residential
1.00E+12,86,Residential
1.00E+12,84,Residential
1.00E+12,84,Residential
1.00E+12,71,Residential
1.00E+12,86,Residential
1.00E+12,14,Residential
1.00E+12,69,Residential
1.00E+12,44,Residential
1.00E+12,94,Residential
1.00E+12,129,Residential
1.00E+12,34,Residential
1.00E+12,161,Residential
1.00E+12,73,Residential
1.00E+12,92,Residential
1.00E+12,92,Residential
5.00E+15,24,Residential
1.00E+12,48,Residential
1.00E+12,15,Residential
1.00E+12,12,Residential
1.00E+12,68,Residential
1.00E+12,103,Residential
1.00E+12,83,Residential
1.00E+12,153,Residential
1.00E+12,72,Residential
1.00E+15,5,Residential
1.00E+12,72,Residential
1.00E+12,124,Residential
1.00E+12,51,Residential
1.00E+12,74,Residential
1.00E+12,95,Residential
5.00E+15,45,Residential
1.00E+12,132,Residential
1.00E+12,22,Residential
5.00E+15,9,Residential
1.00E+12,116,Residential
1.00E+12,89,Residential
1.00E+12,44,Residential
1.00E+12,79,Residential
1.00E+12,75,Residential
1.00E+12,21,Residential
1.00E+12,84,Residential
1.00E+12,117,Residential
1.00E+12,90,Residential
1.00E+12,130,Residential
5.00E+15,23,Residential
1.00E+12,111,Residential
1.00E+12,78,Residential
1.00E+12,42,Residential
1.00E+12,66,Residential
1.00E+12,47,Residential
1.00E+12,136,Residential
1.00E+12,190,Residential
1.00E+12,128,Residential
1.00E+12,182,Residential
1.00E+12,16,Residential
1.00E+12,151,Residential
1.00E+12,21,Residential
1.00E+12,74,Residential
5.00E+15,11,Residential
1.00E+12,84,Residential
1.00E+12,83,Residential
1.00E+12,18,Residential
5.00E+15,117,Residential
5.00E+15,23,Residential
1.00E+12,14,Residential
1.00E+12,136,Residential
1.00E+12,79,Residential
1.00E+12,70,Residential
1.00E+12,82,Residential
1.00E+12,74,Residential
1.00E+12,71,Residential
1.00E+12,78,Residential
1.00E+12,88,Residential
1.00E+12,80,Residential
1.00E+12,16,Residential
1.00E+12,74,Residential
1.00E+12,39,Residential
1.00E+12,41,Residential
1.00E+12,102,Residential
1.00E+12,82,Residential
1.00E+12,70,Residential
1.00E+12,94,Residential
1.00E+12,110,Residential
1.00E+12,95,Residential
1.00E+12,106,Residential
5.00E+15,15,Residential
1.00E+12,68,Residential
1.00E+12,157,Residential
1.00E+12,76,Residential
1.00E+12,6,Residential
1.00E+12,78,Residential
1.00E+12,80,Residential
1.00E+12,77,Residential
1.00E+12,13,Residential
1.00E+12,78,Residential
1.00E+12,63,Residential
1.00E+12,141,Residential
1.00E+12,77,Residential
1.00E+12,75,Residential
1.00E+12,121,Residential
1.00E+12,67,Residential
1.00E+12,94,Residential
1.00E+12,51,Residential
1.00E+12,82,Residential
1.00E+12,63,Residential
1.00E+12,50,Residential
5.00E+15,15,Residential
1.00E+12,66,Residential
1.00E+12,109,Residential
1.00E+12,97,Residential
1.00E+12,88,Residential
1.00E+12,152,Residential
1.00E+12,171,Residential
1.00E+12,79,Residential
1.00E+12,72,Residential
1.00E+12,99,Residential
1.00E+12,40,Residential
1.00E+12,45,Residential
1.00E+12,38,Residential
5.00E+15,9,Residential
1.00E+12,68,Residential
1.00E+12,85,Residential
1.00E+12,89,Residential
1.00E+12,68,Residential
1.00E+12,89,Residential
1.00E+12,81,Residential
1.00E+12,180,Residential
1.00E+12,145,Residential
1.00E+12,13,Residential
1.00E+12,6,Residential
1.00E+12,72,Residential
5.00E+15,5,Residential
1.00E+12,17,Residential
1.00E+12,14,Residential
5.00E+15,17,Residential
1.00E+12,3,Residential
1.00E+12,77,Residential
1.00E+12,70,Residential
1.00E+12,103,Residential
1.00E+15,5,Residential
1.00E+12,45,Residential
1.00E+12,79,Residential
1.00E+12,74,Residential
1.00E+12,37,Residential
1.00E+12,7,Residential
5.00E+15,21,Residential
1.00E+12,72,Residential
1.00E+12,102,Residential
1.00E+12,65,Residential
1.00E+12,134,Residential
1.00E+12,124,Residential
1.00E+12,177,Residential
1.00E+12,40,Residential
1.00E+12,62,Residential
1.00E+12,95,Residential
1.00E+12,83,Residential
1.00E+12,13,Residential
1.00E+12,51,Residential
1.00E+12,14,Residential
1.00E+12,120,Residential
1.00E+12,99,Residential
1.00E+12,65,Residential
1.00E+12,4,Residential
1.00E+12,38,Residential
1.00E+12,104,Residential
1.00E+12,70,Residential
1.00E+12,207,Residential
1.00E+12,79,Residential
1.00E+12,124,Residential
1.00E+12,68,Residential
1.00E+12,79,Residential
1.00E+12,17,Residential
1.00E+12,85,Residential
1.00E+12,81,Residential
1.00E+12,83,Residential
1.00E+12,68,Residential
1.00E+12,41,Residential
1.00E+12,73,Residential
1.00E+12,15,Residential
1.00E+12,137,Residential
1.00E+12,24,Residential
1.00E+12,13,Residential
1.00E+12,36,Residential
1.00E+12,75,Residential
1.00E+12,91,Residential
1.00E+12,117,Residential
1.00E+12,10,Residential
1.00E+12,49,Residential
5.00E+15,17,Residential
1.00E+12,37,Residential
1.00E+12,72,Residential
1.00E+12,39,Residential
1.00E+12,115,Residential
5.00E+15,17,Residential
1.00E+12,6,Residential
1.00E+12,21,Residential
1.00E+12,87,Residential
1.00E+12,106,Residential
1.00E+12,26,Residential
1.00E+12,261,Residential
1.00E+12,74,Residential
1.00E+12,69,Residential
1.00E+12,42,Residential
1.00E+12,83,Residential
1.00E+12,84,Residential
1.00E+12,100,Residential
1.00E+12,97,Residential
1.00E+12,74,Residential
1.00E+12,106,Residential
1.00E+12,13,Residential
1.00E+12,4,Residential
1.00E+12,42,Residential
1.00E+15,404,Residential
1.00E+12,93,Residential
1.00E+12,76,Residential
1.00E+12,99,Residential
1.00E+12,82,Residential
1.00E+12,64,Residential
1.00E+12,84,Residential
1.00E+12,80,Residential
5.00E+15,39,Residential
1.00E+12,70,Residential
1.00E+12,43,Residential
1.00E+12,76,Residential
5.00E+15,13,Residential
1.00E+12,74,Residential
1.00E+12,42,Residential
5.00E+15,4,Residential
1.00E+12,150,Residential
1.00E+12,92,Residential
1.00E+12,6,Residential
1.00E+12,94,Residential
1.00E+12,98,Residential
1.00E+12,2,Residential
1.00E+12,70,Residential
1.00E+12,42,Residential
5.00E+15,13,Residential
1.00E+12,89,Residential
1.00E+12,54,Residential
1.00E+12,25,Residential
1.00E+12,10,Residential
5.00E+15,87,Residential
5.00E+15,21,Residential
1.00E+12,72,Residential
1.00E+12,35,Residential
1.00E+12,60,Residential
1.00E+12,71,Residential
1.00E+12,68,Residential
5.00E+15,15,Residential
1.00E+12,102,Residential
1.00E+12,15,Residential
1.00E+12,63,Residential
5.00E+15,94,Residential
5.00E+15,3,Residential
1.00E+12,132,Residential
1.00E+12,59,Residential
1.00E+12,61,Residential
1.00E+12,83,Residential
1.00E+12,136,Residential
1.00E+12,73,Residential
1.00E+12,81,Residential
1.00E+12,102,Residential
5.00E+15,42,Residential
1.00E+12,114,Residential
1.00E+12,80,Residential
1.00E+12,17,Residential
1.00E+12,52,Residential
1.00E+12,70,Residential
1.00E+12,12,Residential
1.00E+12,76,Residential
1.00E+12,63,Residential
1.00E+12,38,Residential
1.00E+12,74,Residential
5.00E+15,16,Residential
1.00E+12,80,Residential
1.00E+12,71,Residential
1.00E+12,25,Residential
1.00E+12,71,Residential
1.00E+12,69,Residential
1.00E+12,83,Residential
1.00E+12,14,Residential
1.00E+12,86,Residential
1.00E+12,82,Residential
1.00E+12,46,Residential
1.00E+12,40,Residential
5.00E+15,12,Residential
1.00E+12,14,Residential
1.00E+12,66,Residential
1.00E+12,49,Residential
5.00E+15,13,Residential
1.00E+12,44,Residential
1.00E+12,69,Residential
1.00E+12,65,Residential
1.00E+12,89,Residential
1.00E+12,169,Residential
1.00E+12,70,Residential
1.00E+12,42,Residential
1.00E+12,65,Residential
5.00E+15,9,Residential
1.00E+12,83,Residential
1.00E+12,113,Residential
5.00E+15,11,Residential
1.00E+12,100,Residential
1.00E+12,73,Residential
1.00E+12,90,Residential
1.00E+12,151,Residential
1.00E+12,48,Residential
1.00E+12,46,Residential
1.00E+12,48,Residential
1.00E+12,47,Residential
1.00E+12,100,Residential
1.00E+12,144,Residential
1.00E+12,3,Residential
1.00E+12,75,Residential
1.00E+12,78,Residential
1.00E+12,70,Residential
1.00E+12,62,Residential
5.00E+15,15,Residential
1.00E+12,73,Residential
5.00E+15,20,Residential
5.00E+15,16,Residential
1.00E+12,19,Residential
1.00E+12,119,Residential
5.00E+15,16,Residential
1.00E+12,52,Residential
1.00E+12,73,Residential
1.00E+12,24,Residential
1.00E+12,120,Residential
1.00E+12,43,Residential
1.00E+12,81,Residential
1.00E+12,66,Residential
5.00E+15,18,Residential
5.00E+15,11,Residential
1.00E+12,90,Residential
1.00E+12,79,Residential
1.00E+12,51,Residential
1.00E+12,39,Residential
1.00E+12,79,Residential
1.00E+12,61,Residential
1.00E+12,98,Residential
1.00E+12,81,Residential
1.00E+12,101,Residential
1.00E+12,79,Residential
1.00E+12,77,Residential
1.00E+12,37,Residential
1.00E+12,76,Residential
1.00E+12,62,Residential
1.00E+12,87,Residential
1.00E+12,84,Residential
5.00E+15,11,Residential
5.00E+15,23,Residential
5.00E+15,43,Residential
1.00E+12,54,Residential
1.00E+12,57,Residential
1.00E+12,78,Residential
1.00E+12,50,Residential
1.00E+12,86,Residential
1.00E+12,142,Residential
1.00E+12,156,Residential
1.00E+12,115,Residential
1.00E+12,79,Residential
1.00E+12,43,Residential
1.00E+12,39,Residential
1.00E+12,54,Residential
5.00E+15,21,Residential
1.00E+12,80,Residential
1.00E+12,76,Residential
1.00E+12,120,Residential
1.00E+12,112,Residential
1.00E+12,173,Residential
1.00E+12,70,Residential
1.00E+12,82,Residential
1.00E+12,42,Residential
1.00E+12,43,Residential
1.00E+12,35,Residential
5.00E+15,18,Residential
1.00E+12,129,Residential
1.00E+12,94,Residential
1.00E+12,69,Residential
1.00E+12,14,Residential
1.00E+12,3,Residential
1.00E+12,45,Residential
1.00E+12,47,Residential
1.00E+12,50,Residential
1.00E+12,123,Residential
1.00E+12,104,Residential
5.00E+15,13,Residential
1.00E+12,66,Residential
1.00E+12,84,Residential
1.00E+12,98,Residential
1.00E+12,36,Residential
1.00E+12,39,Residential
1.00E+12,26,Residential
1.00E+12,81,Residential
1.00E+12,88,Residential
1.00E+12,55,Residential
1.00E+12,89,Residential
1.00E+12,52,Residential
1.00E+12,23,Residential
1.00E+12,70,Residential
1.00E+12,156,Residential
1.00E+12,102,Residential
1.00E+12,143,Residential
1.00E+12,12,Residential
5.00E+15,12,Residential
1.00E+12,93,Residential
1.00E+12,83,Residential
1.00E+12,42,Residential
1.00E+12,65,Residential
1.00E+12,70,Residential
5.00E+15,8,Residential
1.00E+12,69,Residential
1.00E+12,98,Residential
1.00E+12,80,Residential
1.00E+12,73,Residential
1.00E+12,50,Residential
1.00E+12,74,Residential
1.00E+12,45,Residential
1.00E+12,240,Residential
1.00E+12,132,Residential
1.00E+12,131,Residential
1.00E+12,73,Residential
1.00E+12,23,Residential
1.00E+12,74,Residential
1.00E+12,100,Residential
1.00E+12,99,Residential
1.00E+12,82,Residential
1.00E+12,116,Residential
1.00E+12,11,Residential
1.00E+12,87,Residential
1.00E+12,92,Residential
1.00E+12,75,Residential
5.00E+15,15,Residential
1.00E+12,60,Residential
1.00E+12,21,Residential
1.00E+12,72,Residential
5.00E+15,63,Residential
1.00E+12,209,Residential
1.00E+12,75,Residential
1.00E+12,122,Residential
5.00E+15,5,Residential
1.00E+12,16,Residential
1.00E+12,80,Residential
1.00E+15,53,Residential
1.00E+12,20,Residential
1.00E+12,71,Residential
1.00E+12,63,Residential
1.00E+12,44,Residential
1.00E+12,43,Residential
1.00E+12,86,Residential
1.00E+12,82,Residential
1.00E+12,76,Residential
1.00E+12,41,Residential
1.00E+12,41,Residential
1.00E+12,43,Residential
1.00E+12,39,Residential
5.00E+15,6,Residential
1.00E+12,105,Residential
1.00E+12,84,Residential
5.00E+15,42,Residential
1.00E+12,16,Residential
1.00E+12,85,Residential
1.00E+12,75,Residential
1.00E+12,19,Residential
1.00E+12,62,Residential
1.00E+12,74,Residential
1.00E+12,95,Residential
1.00E+12,22,Residential
1.00E+12,41,Residential
1.00E+12,105,Residential
5.00E+15,17,Residential
1.00E+12,97,Residential
5.00E+15,13,Residential
1.00E+12,74,Residential
1.00E+12,78,Residential
1.00E+12,32,Residential
1.00E+12,86,Residential
1.00E+12,79,Residential
1.00E+12,55,Residential
1.00E+12,13,Residential
1.00E+12,16,Residential
1.00E+12,106,Residential
1.00E+12,10,Residential
1.00E+12,36,Residential
1.00E+12,41,Residential
5.00E+15,13,Residential
1.00E+12,66,Residential
1.00E+12,41,Residential
1.00E+12,87,Residential
5.00E+15,14,Residential
1.00E+12,99,Residential
1.00E+12,679,Residential
1.00E+12,17,Residential
1.00E+12,17,Residential
1.00E+12,58,Residential
1.00E+12,76,Residential
1.00E+12,39,Residential
1.00E+12,78,Residential
1.00E+12,119,Residential
1.00E+12,69,Residential
1.00E+12,112,Residential
1.00E+12,25,Residential
1.00E+12,84,Residential
1.00E+12,17,Residential
1.00E+12,12,Residential
1.00E+12,79,Residential
1.00E+12,49,Residential
1.00E+12,40,Residential
1.00E+12,33,Residential
5.00E+15,15,Residential
5.00E+15,106,Residential
1.00E+12,91,Residential
1.00E+12,86,Residential
1.00E+12,84,Residential
1.00E+12,89,Residential
1.00E+12,254,Residential
1.00E+12,97,Residential
1.00E+12,46,Residential
1.00E+12,50,Residential
1.00E+12,43,Residential
1.00E+15,5,Residential
1.00E+12,70,Residential
1.00E+12,98,Residential
5.00E+15,12,Residential
1.00E+12,79,Residential
1.00E+12,2,Residential
1.00E+12,72,Residential
1.00E+12,81,Residential
1.00E+12,50,Residential
1.00E+12,48,Residential
1.00E+12,48,Residential
5.00E+15,13,Residential
1.00E+12,73,Residential
1.00E+12,92,Residential
1.00E+12,18,Residential
1.00E+12,26,Residential
1.00E+12,116,Residential
1.00E+12,77,Residential
1.00E+12,85,Residential
5.00E+15,16,Residential
1.00E+12,89,Residential
1.00E+12,164,Residential
1.00E+12,137,Residential
1.00E+12,114,Residential
1.00E+12,71,Residential
1.00E+12,40,Residential
1.00E+12,42,Residential
1.00E+12,71,Residential
1.00E+12,89,Residential
1.00E+12,72,Residential
1.00E+12,125,Residential
1.00E+12,18,Residential
1.00E+12,79,Residential
1.00E+12,18,Residential
1.00E+12,43,Residential
1.00E+12,52,Residential
1.00E+12,44,Residential
1.00E+12,78,Residential
1.00E+12,101,Residential
1.00E+12,108,Residential
1.00E+12,60,Residential
1.00E+12,82,Residential
1.00E+12,71,Residential
1.00E+12,86,Residential
1.00E+12,12,Residential
1.00E+12,46,Residential
1.00E+12,34,Residential
1.00E+12,43,Residential
1.00E+12,51,Residential
1.00E+15,1044,Residential
1.00E+12,76,Residential
5.00E+15,20,Residential
1.00E+12,57,Residential
1.00E+12,60,Residential
1.00E+12,39,Residential
1.00E+12,44,Residential
1.00E+12,46,Residential
1.00E+12,95,Residential
1.00E+12,81,Residential
1.00E+12,17,Residential
1.00E+12,17,Residential
1.00E+12,69,Residential
1.00E+12,101,Residential
1.00E+12,22,Residential
1.00E+12,77,Residential
1.00E+12,93,Residential
1.00E+12,86,Residential
1.00E+12,83,Residential
1.00E+12,86,Residential
1.00E+12,41,Residential
1.00E+12,38,Residential
1.00E+12,77,Residential
1.00E+12,87,Residential
1.00E+12,52,Residential
1.00E+12,88,Residential
5.00E+15,16,Residential
1.00E+12,123,Residential
1.00E+12,6,Residential
1.00E+12,15,Residential
1.00E+12,68,Residential
1.00E+12,48,Residential
1.00E+12,33,Residential
1.00E+12,22,Residential
1.00E+12,86,Residential
1.00E+12,90,Residential
1.00E+12,78,Residential
1.00E+12,16,Residential
1.00E+12,79,Residential
1.00E+12,83,Residential
1.00E+12,82,Residential
1.00E+12,43,Residential
1.00E+12,47,Residential
1.00E+12,44,Residential
5.00E+15,14,Residential
1.00E+12,130,Residential
1.00E+12,81,Residential
1.00E+12,145,Residential
1.00E+12,83,Residential
1.00E+12,22,Residential
1.00E+12,6,Residential
1.00E+12,63,Residential
1.00E+12,98,Residential
1.00E+12,60,Residential
1.00E+12,84,Residential
1.00E+12,9,Residential
1.00E+12,79,Residential
1.00E+12,77,Residential
1.00E+12,79,Residential
1.00E+12,46,Residential
1.00E+12,41,Residential
1.00E+12,46,Residential
1.00E+12,85,Residential
5.00E+15,17,Residential
5.00E+15,28,Residential
1.00E+12,91,Residential
1.00E+12,88,Residential
1.00E+12,79,Residential
1.00E+12,13,Residential
1.00E+12,51,Residential
1.00E+12,75,Residential
5.00E+15,82,Residential
1.00E+12,70,Residential
1.00E+12,46,Residential
5.00E+15,60,Residential
1.00E+12,73,Residential
1.00E+12,77,Residential
1.00E+12,73,Residential
1.00E+12,85,Residential
1.00E+12,132,Residential
1.00E+12,95,Residential
1.00E+12,2,Residential
1.00E+12,82,Residential
1.00E+12,107,Residential
1.00E+12,106,Residential
1.00E+12,10,Residential
5.00E+15,17,Residential
5.00E+15,13,Residential
1.00E+12,6,Residential
1.00E+12,97,Residential
1.00E+12,172,Residential
1.00E+12,63,Residential
1.00E+12,67,Residential
1.00E+12,73,Residential
1.00E+12,95,Residential
5.00E+15,40,Residential
1.00E+12,15,Residential
1.00E+12,73,Residential
1.00E+12,61,Residential
1.00E+12,50,Residential
1.00E+12,44,Residential
1.00E+12,45,Residential
5.00E+15,4,Residential
1.00E+12,87,Residential
1.00E+12,128,Residential
1.00E+12,14,Residential
1.00E+12,68,Residential
1.00E+12,55,Residential
1.00E+12,4,Residential
1.00E+12,70,Residential
1.00E+12,42,Residential
5.00E+15,14,Residential
5.00E+15,14,Residential
1.00E+12,69,Residential
1.00E+12,20,Residential
1.00E+12,15,Residential
1.00E+12,112,Residential
1.00E+12,51,Residential
1.00E+12,64,Residential
1.00E+12,43,Residential
1.00E+12,82,Residential
1.00E+12,82,Residential
1.00E+12,63,Residential
1.00E+12,246,Residential
1.00E+12,5,Residential
5.00E+15,14,Residential
1.00E+12,79,Residential
1.00E+12,126,Residential
1.00E+12,80,Residential
1.00E+12,80,Residential
1.00E+12,41,Residential
1.00E+12,38,Residential
5.00E+15,12,Residential
5.00E+15,158,Residential
1.00E+12,89,Residential
1.00E+12,100,Residential
1.00E+12,118,Residential
1.00E+12,104,Residential
1.00E+12,115,Residential
1.00E+12,81,Residential
1.00E+12,16,Residential
1.00E+12,17,Residential
1.00E+12,11,Residential
1.00E+12,47,Residential
1.00E+12,62,Residential
5.00E+15,16,Residential
1.00E+12,101,Residential
1.00E+12,70,Residential
1.00E+12,71,Residential
1.00E+12,18,Residential
1.00E+12,165,Residential
1.00E+12,91,Residential
1.00E+12,109,Residential
1.00E+12,105,Residential
1.00E+12,17,Residential
1.00E+12,11,Residential
1.00E+12,43,Residential
1.00E+12,78,Residential
1.00E+12,85,Residential
1.00E+12,213,Residential
1.00E+12,89,Residential
1.00E+12,152,Residential
1.00E+12,21,Residential
1.00E+12,23,Residential
1.00E+12,79,Residential
5.00E+15,8,Residential
1.00E+12,78,Residential
5.00E+15,30,Residential
1.00E+12,2,Residential
1.00E+12,47,Residential
1.00E+12,83,Residential
1.00E+12,74,Residential
1.00E+12,38,Residential
1.00E+12,93,Residential
1.00E+12,39,Residential
1.00E+12,96,Residential
1.00E+12,98,Residential
1.00E+12,15,Residential
1.00E+12,8,Residential
1.00E+12,79,Residential
1.00E+12,6,Residential
1.00E+12,75,Residential
1.00E+12,69,Residential
1.00E+12,13,Residential
1.00E+12,77,Residential
1.00E+12,84,Residential
1.00E+12,5961,Residential
1.00E+12,76,Residential
1.00E+12,47,Residential
1.00E+12,53,Residential
5.00E+15,27,Residential
5.00E+15,40,Residential
1.00E+12,137,Residential
1.00E+12,76,Residential
1.00E+12,74,Residential
1.00E+12,73,Residential
1.00E+12,77,Residential
1.00E+12,80,Residential
1.00E+12,41,Residential
1.00E+12,43,Residential
5.00E+15,27,Residential
1.00E+12,114,Residential
1.00E+12,169,Residential
1.00E+12,38,Residential
1.00E+12,65,Residential
1.00E+12,15,Residential
1.00E+12,76,Residential
1.00E+12,66,Residential
1.00E+12,49,Residential
1.00E+12,40,Residential
1.00E+12,68,Residential
5.00E+15,9,Residential
5.00E+15,84,Residential
1.00E+12,103,Residential
1.00E+12,51,Residential
1.00E+12,118,Residential
1.00E+12,200,Residential
1.00E+12,13,Residential
1.00E+12,27,Residential
1.00E+12,79,Residential
1.00E+12,43,Residential
1.00E+12,11,Residential
5.00E+15,50,Residential
1.00E+12,1,Residential
1.00E+12,73,Residential
1.00E+12,78,Residential
1.00E+12,168,Residential
1.00E+12,70,Residential
1.00E+12,38,Residential
1.00E+12,37,Residential
1.00E+12,91,Residential
1.00E+12,110,Residential
1.00E+12,84,Residential
1.00E+12,18,Residential
1.00E+12,78,Residential
1.00E+12,83,Residential
1.00E+12,96,Residential
1.00E+12,69,Residential
1.00E+12,95,Residential
1.00E+12,2,Residential
1.00E+12,49,Residential
1.00E+12,42,Residential
5.00E+15,13,Residential
1.00E+12,75,Residential
1.00E+12,80,Residential
1.00E+12,115,Residential
1.00E+12,145,Residential
1.00E+12,4,Residential
1.00E+12,16,Residential
1.00E+12,41,Residential
1.00E+12,76,Residential
5.00E+15,13,Residential
5.00E+15,23,Residential
1.00E+12,223,Residential
1.00E+12,42,Residential
1.00E+12,39,Residential
1.00E+12,33,Residential
5.00E+15,31,Residential
1.00E+12,110,Residential
1.00E+12,49,Residential
1.00E+12,117,Residential
1.00E+12,440,Residential
5.00E+15,16,Residential
1.00E+12,31,Residential
1.00E+12,82,Residential
1.00E+12,82,Residential
1.00E+12,79,Residential
1.00E+12,40,Residential
1.00E+12,16,Residential
1.00E+12,74,Residential
1.00E+12,95,Residential
1.00E+12,56,Residential
1.00E+12,99,Residential
1.00E+12,72,Residential
1.00E+12,17,Residential
1.00E+12,44,Residential
1.00E+12,69,Residential
1.00E+12,80,Residential
1.00E+12,13,Residential
1.00E+12,90,Residential
1.00E+12,66,Residential
1.00E+12,6,Residential
1.00E+12,38,Residential
1.00E+12,41,Residential
5.00E+15,22,Residential
1.00E+12,55,Residential
1.00E+12,82,Residential
1.00E+12,172,Residential
1.00E+12,172,Residential
1.00E+12,93,Residential
1.00E+12,79,Residential
1.00E+12,48,Residential
1.00E+12,34,Residential
5.00E+15,19,Residential
1.00E+12,41,Residential
1.00E+12,127,Residential
5.00E+15,14,Residential
1.00E+12,84,Residential
1.00E+12,80,Residential
1.00E+12,58,Residential
1.00E+12,40,Residential
1.00E+12,78,Residential
1.00E+12,74,Residential
1.00E+12,69,Residential
1.00E+12,48,Residential
1.00E+12,44,Residential
5.00E+15,14,Residential
5.00E+15,19,Residential
1.00E+12,81,Residential
1.00E+12,87,Residential
1.00E+12,14,Residential
1.00E+12,40,Residential
1.00E+12,66,Residential
1.00E+12,80,Residential
5.00E+15,19,Residential
1.00E+12,139,Residential
1.00E+12,30,Residential
1.00E+12,88,Residential
1.00E+12,42,Residential
1.00E+12,66,Residential
1.00E+12,74,Residential
1.00E+12,96,Residential
1.00E+12,78,Residential
1.00E+12,155,Residential
1.00E+12,79,Residential
1.00E+12,130,Residential
1.00E+12,79,Residential
1.00E+12,49,Residential
1.00E+12,86,Residential
1.00E+12,71,Residential
5.00E+15,61,Residential
1.00E+12,89,Residential
1.00E+12,107,Residential
1.00E+12,26,Residential
1.00E+12,44,Residential
1.00E+12,41,Residential
5.00E+15,57,Residential
5.00E+15,7,Residential
1.00E+12,263,Residential
1.00E+12,150,Residential
1.00E+12,57,Residential
1.00E+12,77,Residential
1.00E+12,41,Residential
5.00E+15,3,Residential
1.00E+12,104,Residential
1.00E+12,40,Residential
1.00E+12,48,Residential
1.00E+12,28,Residential
1.00E+12,82,Residential
1.00E+12,100,Residential
1.00E+12,14,Residential
1.00E+12,10,Residential
1.00E+12,13,Residential
1.00E+12,47,Residential
1.00E+12,77,Residential
1.00E+12,73,Residential
1.00E+12,92,Residential
1.00E+12,60,Residential
1.00E+12,78,Residential
1.00E+12,81,Residential
1.00E+12,182,Residential
5.00E+15,10,Residential
1.00E+12,68,Residential
1.00E+12,94,Residential
1.00E+12,82,Residential
1.00E+12,62,Residential
1.00E+12,97,Residential
1.00E+12,106,Residential
5.00E+15,16,Residential
1.00E+12,3,Residential
1.00E+12,6,Residential
1.00E+12,90,Residential
1.00E+12,126,Residential
1.00E+12,13,Residential
1.00E+12,15,Residential
1.00E+12,17,Residential
1.00E+12,40,Residential
5.00E+15,38,Residential
1.00E+12,76,Residential
1.00E+12,87,Residential
1.00E+12,86,Residential
1.00E+12,84,Residential
1.00E+12,129,Residential
1.00E+12,79,Residential
1.00E+12,47,Residential
1.00E+12,41,Residential
5.00E+15,9,Residential
1.00E+12,85,Residential
5.00E+15,25,Residential
5.00E+15,15,Residential
1.00E+12,79,Residential
1.00E+12,83,Residential
1.00E+12,16,Residential
1.00E+12,79,Residential
1.00E+12,49,Residential
1.00E+12,77,Residential
1.00E+12,69,Residential
1.00E+12,12,Residential
1.00E+12,15,Residential
1.00E+12,27,Residential
1.00E+12,45,Residential
1.00E+12,40,Residential
1.00E+12,34,Residential
1.00E+12,39,Residential
1.00E+12,70,Residential
1.00E+12,78,Residential
1.00E+12,87,Residential
1.00E+12,90,Residential
1.00E+12,162,Residential
1.00E+12,35,Residential
1.00E+12,17,Residential
1.00E+12,82,Residential
1.00E+12,113,Residential
1.00E+12,7,Residential
1.00E+12,44,Residential
1.00E+12,79,Residential
1.00E+12,83,Residential
1.00E+12,79,Residential
1.00E+12,31,Residential
1.00E+12,76,Residential
1.00E+12,40,Residential
1.00E+12,49,Residential
5.00E+15,11,Residential
1.00E+12,90,Residential
5.00E+15,21,Residential
1.00E+12,145,Residential
5.00E+15,10,Residential
1.00E+12,70,Residential
1.00E+12,74,Residential
1.00E+12,40,Residential
1.00E+12,14,Residential
1.00E+12,41,Residential
1.00E+12,30,Residential
1.00E+12,17,Residential
1.00E+12,83,Residential
1.00E+12,17,Residential
1.00E+12,18,Residential
1.00E+12,17,Residential
1.00E+12,94,Residential
1.00E+12,51,Residential
1.00E+12,49,Residential
1.00E+12,43,Residential
5.00E+15,20,Residential
1.00E+12,141,Residential
1.00E+12,115,Residential
1.00E+12,13,Residential
1.00E+12,40,Residential
5.00E+15,57,Residential
1.00E+12,100,Residential
1.00E+12,51,Residential
1.00E+12,71,Residential
1.00E+12,49,Residential
1.00E+15,86,Residential
1.00E+12,72,Residential
1.00E+12,64,Residential
1.00E+12,49,Residential
1.00E+12,99,Residential
1.00E+12,85,Residential
1.00E+12,89,Residential
1.00E+12,81,Residential
1.00E+12,57,Residential
1.00E+12,43,Residential
5.00E+15,351,Residential
5.00E+15,15,Residential
1.00E+12,101,Residential
1.00E+12,96,Residential
1.00E+12,110,Residential
5.00E+15,10,Residential
1.00E+12,19,Residential
1.00E+12,80,Residential
1.00E+12,111,Residential
1.00E+12,90,Residential
5.00E+15,15,Residential
1.00E+12,80,Residential
1.00E+12,19,Residential
1.00E+12,97,Residential
5.00E+15,18,Residential
5.00E+15,20,Residential
1.00E+12,10,Residential
1.00E+12,78,Residential
1.00E+12,60,Residential
1.00E+12,62,Residential
1.00E+12,9,Residential
1.00E+12,15,Residential
1.00E+12,63,Residential
1.00E+12,10,Residential
1.00E+12,69,Residential
1.00E+12,37,Residential
1.00E+12,53,Residential
5.00E+15,13,Residential
5.00E+15,9,Residential
1.00E+12,80,Residential
1.00E+12,44,Residential
1.00E+12,123,Residential
1.00E+12,2,Residential
1.00E+12,77,Residential
5.00E+15,11,Residential
1.00E+12,107,Residential
1.00E+12,16,Residential
5.00E+15,4,Residential
1.00E+12,72,Residential
5.00E+15,37,Residential
1.00E+12,71,Residential
1.00E+12,80,Residential
1.00E+12,46,Residential
1.00E+12,101,Residential
1.00E+12,52,Residential
1.00E+12,87,Residential
1.00E+12,40,Residential
1.00E+12,99,Residential
1.00E+12,176,Residential
1.00E+12,64,Residential
1.00E+12,83,Residential
1.00E+12,77,Residential
5.00E+15,23,Residential
1.00E+12,119,Residential
1.00E+12,55,Residential
1.00E+12,163,Residential
1.00E+12,74,Residential
1.00E+12,16,Residential
1.00E+12,61,Residential
1.00E+12,82,Residential
1.00E+12,59,Residential
1.00E+12,119,Residential
1.00E+12,178,Residential
1.00E+12,77,Residential
1.00E+12,73,Residential
1.00E+12,111,Residential
1.00E+12,70,Residential
1.00E+12,65,Residential
1.00E+12,77,Residential
5.00E+15,15,Residential
1.00E+12,102,Residential
1.00E+12,65,Residential
1.00E+12,134,Residential
1.00E+12,92,Residential
1.00E+12,25,Residential
1.00E+12,75,Residential
1.00E+12,43,Residential
1.00E+12,84,Residential
5.00E+15,20,Residential
5.00E+15,44,Residential
1.00E+12,92,Residential
1.00E+12,68,Residential
1.00E+12,145,Residential
1.00E+12,251,Residential
1.00E+12,106,Residential
1.00E+12,82,Residential
1.00E+12,7,Residential
1.00E+12,74,Residential
1.00E+12,87,Residential
1.00E+12,35,Residential
1.00E+12,84,Residential
1.00E+12,72,Residential
5.00E+15,61,Residential
1.00E+12,89,Residential
1.00E+12,95,Residential
1.00E+12,77,Residential
1.00E+12,13,Residential
1.00E+12,44,Residential
1.00E+12,42,Residential
1.00E+12,68,Residential
1.00E+12,87,Residential
1.00E+12,85,Residential
1.00E+12,113,Residential
1.00E+12,69,Residential
5.00E+15,17,Residential
1.00E+12,18,Residential
1.00E+12,14,Residential
5.00E+15,13,Residential
1.00E+12,17,Residential
1.00E+12,82,Residential
1.00E+12,58,Residential
1.00E+12,26,Residential
1.00E+12,84,Residential
1.00E+12,92,Residential
1.00E+12,77,Residential
1.00E+12,176,Residential
1.00E+12,16,Residential
1.00E+12,82,Residential
1.00E+12,62,Residential
1.00E+12,47,Residential
1.00E+12,40,Residential
1.00E+12,54,Residential
1.00E+12,81,Residential
1.00E+12,5,Residential
1.00E+12,79,Residential
1.00E+12,49,Residential
1.00E+12,15,Residential
1.00E+12,67,Residential
1.00E+12,20,Residential
1.00E+12,103,Residential
1.00E+12,151,Residential
5.00E+15,17,Residential
1.00E+12,71,Residential
1.00E+12,39,Residential
1.00E+12,43,Residential
1.00E+12,42,Residential
1.00E+12,80,Residential
5.00E+15,26,Residential
1.00E+12,62,Residential
1.00E+12,63,Residential
1.00E+12,75,Residential
1.00E+12,70,Residential
1.00E+12,86,Residential
1.00E+12,133,Residential
1.00E+12,9,Residential
1.00E+12,51,Residential
1.00E+12,79,Residential
1.00E+12,60,Residential
1.00E+12,77,Residential
1.00E+12,90,Residential
1.00E+12,81,Residential
5.00E+15,60,Residential
1.00E+12,49,Residential
1.00E+12,57,Residential
1.00E+12,72,Residential
1.00E+12,44,Residential
1.00E+12,97,Residential
1.00E+12,84,Residential
5.00E+15,34,Residential
1.00E+12,212,Residential
1.00E+12,19,Residential
1.00E+12,80,Residential
1.00E+12,50,Residential
1.00E+12,64,Residential
1.00E+12,80,Residential
1.00E+12,212,Residential
1.00E+12,74,Residential
1.00E+12,50,Residential
1.00E+12,50,Residential
1.00E+12,71,Residential
1.00E+12,73,Residential
1.00E+12,75,Residential
1.00E+12,20,Residential
1.00E+12,103,Residential
5.00E+15,12,Residential
1.00E+12,70,Residential
1.00E+12,113,Residential
1.00E+12,71,Residential
1.00E+12,98,Residential
1.00E+12,72,Residential
1.00E+12,68,Residential
1.00E+12,51,Residential
1.00E+15,58,Residential
5.00E+15,117,Residential
1.00E+12,111,Residential
1.00E+12,88,Residential
1.00E+12,141,Residential
1.00E+12,47,Residential
1.00E+12,39,Residential
1.00E+12,50,Residential
1.00E+12,81,Residential
1.00E+12,49,Residential
1.00E+12,61,Residential
1.00E+12,516,Residential
5.00E+15,142,Residential
1.00E+12,73,Residential
1.00E+12,76,Residential
1.00E+15,147,Residential
1.00E+12,4,Residential
1.00E+12,8,Residential
1.00E+12,50,Residential
1.00E+12,67,Residential
1.00E+12,79,Residential
1.00E+12,84,Residential
1.00E+12,86,Residential
1.00E+12,110,Residential
1.00E+12,21,Residential
1.00E+12,67,Residential
1.00E+12,47,Residential
1.00E+12,48,Residential
1.00E+12,87,Residential
1.00E+12,2,Residential
1.00E+12,83,Residential
1.00E+12,83,Residential
1.00E+12,51,Residential
1.00E+12,39,Residential
1.00E+12,65,Residential
5.00E+15,14,Residential
5.00E+15,30,Residential
1.00E+12,158,Residential
1.00E+12,16,Residential
1.00E+12,79,Residential
1.00E+12,97,Residential
1.00E+12,88,Residential
1.00E+12,51,Residential
1.00E+12,72,Residential
1.00E+12,56,Residential
1.00E+12,59,Residential
1.00E+12,59,Residential
1.00E+12,83,Residential
1.00E+12,30,Residential
1.00E+12,91,Residential
1.00E+12,102,Residential
1.00E+12,69,Residential
1.00E+12,91,Residential
1.00E+12,16,Residential
1.00E+12,39,Residential
1.00E+12,81,Residential
1.00E+12,55,Residential
5.00E+15,26,Residential
5.00E+15,10,Residential
1.00E+12,234,Residential
1.00E+12,15,Residential
1.00E+12,94,Residential
1.00E+12,50,Residential
1.00E+12,43,Residential
1.00E+12,45,Residential
1.00E+12,77,Residential
1.00E+12,75,Residential
1.00E+12,80,Residential
1.00E+12,117,Residential
1.00E+12,15,Residential
1.00E+12,61,Residential
1.00E+12,11,Residential
1.00E+12,87,Residential
1.00E+12,56,Residential
1.00E+12,79,Residential
1.00E+12,78,Residential
1.00E+12,79,Residential
1.00E+12,48,Residential
1.00E+12,101,Residential
1.00E+12,76,Residential
1.00E+12,99,Residential
1.00E+12,85,Residential
1.00E+12,6,Residential
1.00E+12,69,Residential
1.00E+12,14,Residential
1.00E+12,80,Residential
1.00E+12,43,Residential
5.00E+15,8,Residential
1.00E+12,102,Residential
1.00E+12,80,Residential
1.00E+12,16,Residential
1.00E+12,75,Residential
1.00E+12,71,Residential
1.00E+12,7,Residential
1.00E+12,43,Residential
1.00E+12,48,Residential
1.00E+12,15,Residential
1.00E+12,79,Residential
1.00E+12,124,Residential
1.00E+12,75,Residential
1.00E+12,75,Residential
1.00E+12,51,Residential
1.00E+12,63,Residential
1.00E+12,17,Residential
1.00E+12,20,Residential
1.00E+12,45,Residential
1.00E+12,36,Residential
1.00E+12,83,Residential
1.00E+12,92,Residential
1.00E+12,64,Residential
1.00E+12,85,Residential
1.00E+12,20,Residential
1.00E+12,39,Residential
1.00E+12,81,Residential
1.00E+12,49,Residential
5.00E+15,11,Residential
1.00E+12,98,Residential
1.00E+12,81,Residential
1.00E+12,16,Residential
1.00E+12,2,Residential
1.00E+12,74,Residential
1.00E+12,50,Residential
5.00E+15,31,Residential
1.00E+12,84,Residential
5.00E+15,13,Residential
1.00E+12,81,Residential
1.00E+12,78,Residential
1.00E+12,78,Residential
1.00E+12,104,Residential
1.00E+12,141,Residential
1.00E+12,87,Residential
1.00E+12,22,Residential
1.00E+12,43,Residential
1.00E+12,78,Residential
1.00E+12,79,Residential
1.00E+12,20,Residential
1.00E+12,29,Residential
1.00E+12,77,Residential
1.00E+12,39,Residential
1.00E+12,74,Residential
1.00E+12,281,Residential
1.00E+12,22,Residential
1.00E+12,75,Residential
1.00E+12,15,Residential
1.00E+12,72,Residential
1.00E+12,13,Residential
5.00E+15,4,Residential
1.00E+12,65,Residential
1.00E+12,53,Residential
1.00E+12,92,Residential
1.00E+12,84,Residential
1.00E+12,55,Residential
5.00E+15,33,Residential
1.00E+12,84,Residential
1.00E+12,91,Residential
1.00E+12,215,Residential
1.00E+12,78,Residential
1.00E+12,74,Residential
1.00E+12,38,Residential
1.00E+12,40,Residential
1.00E+12,89,Residential
1.00E+12,83,Residential
1.00E+12,94,Residential
5.00E+15,4,Residential
1.00E+12,80,Residential
1.00E+12,12,Residential
1.00E+12,61,Residential
1.00E+12,66,Residential
1.00E+12,14,Residential
1.00E+12,60,Residential
1.00E+12,98,Residential
1.00E+12,155,Residential
1.00E+12,75,Residential
1.00E+12,62,Residential
1.00E+12,78,Residential
1.00E+12,79,Residential
1.00E+12,95,Residential
1.00E+12,85,Residential
1.00E+12,66,Residential
1.00E+12,16,Residential
1.00E+12,129,Residential
1.00E+12,223,Residential
1.00E+12,16,Residential
1.00E+12,16,Residential
1.00E+12,35,Residential
5.00E+15,4,Residential
5.00E+15,16,Residential
1.00E+12,73,Residential
1.00E+12,79,Residential
1.00E+12,98,Residential
1.00E+12,42,Residential
1.00E+12,36,Residential
1.00E+12,44,Residential
5.00E+15,13,Residential
1.00E+12,13,Residential
1.00E+12,133,Residential
1.00E+12,54,Residential
1.00E+12,77,Residential
1.00E+12,66,Residential
1.00E+12,52,Residential
1.00E+12,22,Residential
1.00E+12,199,Residential
1.00E+12,171,Residential
5.00E+15,12,Residential
1.00E+12,132,Residential
1.00E+12,94,Residential
1.00E+12,89,Residential
1.00E+12,83,Residential
1.00E+12,47,Residential
1.00E+12,32,Residential
1.00E+12,87,Residential
1.00E+12,139,Residential
5.00E+15,16,Residential
1.00E+12,202,Residential
1.00E+12,75,Residential
1.00E+12,46,Residential
1.00E+12,84,Residential
1.00E+12,52,Residential
5.00E+15,10,Residential
1.00E+12,19,Residential
1.00E+12,97,Residential
1.00E+12,49,Residential
5.00E+15,16,Residential
1.00E+12,94,Residential
1.00E+12,79,Residential
1.00E+12,5,Residential
1.00E+12,94,Residential
1.00E+12,103,Residential
1.00E+12,106,Residential
1.00E+12,66,Residential
1.00E+12,68,Residential
1.00E+12,91,Residential
1.00E+12,90,Residential
1.00E+12,89,Residential
1.00E+12,18,Residential
1.00E+12,42,Residential
1.00E+12,60,Residential
1.00E+12,153,Residential
1.00E+12,65,Residential
1.00E+12,74,Residential
1.00E+12,155,Residential
1.00E+12,92,Residential
5.00E+15,9,Residential
1.00E+12,89,Residential
1.00E+12,51,Residential
1.00E+12,49,Residential
1.00E+12,39,Residential
1.00E+12,4,Residential
5.00E+15,9,Residential
1.00E+12,84,Residential
1.00E+12,57,Residential
1.00E+12,43,Residential
5.00E+15,9,Residential
1.00E+12,36,Residential
1.00E+12,16,Residential
1.00E+12,51,Residential
1.00E+12,43,Residential
5.00E+15,159,Residential
1.00E+12,103,Residential
1.00E+12,13,Residential
1.00E+12,78,Residential
1.00E+12,86,Residential
1.00E+12,87,Residential
1.00E+12,13,Residential
1.00E+12,81,Residential
1.00E+12,48,Residential
1.00E+12,51,Residential
5.00E+15,36,Residential
1.00E+12,64,Residential
1.00E+12,120,Residential
1.00E+12,86,Residential
1.00E+12,6,Residential
1.00E+12,7,Residential
1.00E+12,3,Residential
1.00E+12,32,Residential
1.00E+12,139,Residential
1.00E+12,88,Residential
1.00E+12,87,Residential
1.00E+12,68,Residential
1.00E+12,90,Residential
1.00E+12,49,Residential
1.00E+12,17,Residential
1.00E+12,43,Residential
1.00E+12,48,Residential
1.00E+12,12,Residential
1.00E+12,101,Residential
1.00E+12,99,Residential
1.00E+12,88,Residential
1.00E+12,150,Residential
1.00E+12,12,Residential
1.00E+12,58,Residential
1.00E+12,43,Residential
1.00E+12,50,Residential
1.00E+12,113,Residential
1.00E+12,46,Residential
1.00E+12,158,Residential
1.00E+12,50,Residential
1.00E+12,49,Residential
1.00E+12,68,Residential
5.00E+15,24,Residential
5.00E+15,5,Residential
1.00E+12,50,Residential
1.00E+12,51,Residential
5.00E+15,9,Residential
1.00E+12,34,Residential
1.00E+12,48,Residential
1.00E+12,104,Residential
1.00E+12,4,Residential
1.00E+12,69,Residential
1.00E+12,7,Residential
5.00E+15,11,Residential
1.00E+12,54,Residential
1.00E+12,39,Residential
1.00E+12,107,Residential
1.00E+12,51,Residential
1.00E+12,119,Residential
1.00E+12,76,Residential
1.00E+12,17,Residential
1.00E+12,79,Residential
1.00E+12,42,Residential
5.00E+15,12,Residential
1.00E+12,49,Residential
1.00E+12,83,Residential
5.00E+15,8,Residential
1.00E+12,75,Residential
1.00E+12,91,Residential
1.00E+12,42,Residential
1.00E+12,83,Residential
1.00E+12,156,Residential
1.00E+12,167,Residential
1.00E+12,215,Residential
1.00E+12,79,Residential
1.00E+12,14,Residential
1.00E+12,89,Residential
1.00E+12,66,Residential
5.00E+15,45,Residential
5.00E+15,9,Residential
1.00E+12,73,Residential
1.00E+12,102,Residential
1.00E+12,142,Residential
1.00E+12,353,Residential
1.00E+12,47,Residential
1.00E+12,14,Residential
1.00E+12,15,Residential
1.00E+12,96,Residential
1.00E+12,139,Residential
1.00E+12,87,Residential
1.00E+12,116,Residential
1.00E+12,141,Residential
5.00E+15,44,Residential
1.00E+12,123,Residential
1.00E+12,86,Residential
1.00E+12,713,Residential
1.00E+12,15,Residential
1.00E+12,58,Residential
1.00E+12,41,Residential
5.00E+15,34,Residential
1.00E+12,89,Residential
1.00E+12,47,Residential
1.00E+12,87,Residential
1.00E+12,76,Residential
1.00E+12,20,Residential
1.00E+12,41,Residential
1.00E+12,13,Residential
1.00E+12,74,Residential
1.00E+12,152,Residential
1.00E+12,121,Residential
1.00E+12,17,Residential
1.00E+12,23,Residential
1.00E+12,88,Residential
1.00E+12,41,Residential
1.00E+12,78,Residential
1.00E+12,76,Residential
1.00E+12,77,Residential
1.00E+12,104,Residential
1.00E+12,8,Residential
1.00E+12,81,Residential
1.00E+12,42,Residential
1.00E+12,42,Residential
1.00E+12,48,Residential
1.00E+12,41,Residential
1.00E+12,37,Residential
1.00E+12,45,Residential
5.00E+15,24,Residential
1.00E+12,39,Residential
1.00E+12,85,Residential
1.00E+12,90,Residential
1.00E+12,118,Residential
5.00E+15,16,Residential
1.00E+12,72,Residential
1.00E+12,20,Residential
1.00E+12,59,Residential
1.00E+12,72,Residential
1.00E+12,82,Residential
1.00E+12,36,Residential
5.00E+15,37,Residential
5.00E+15,13,Residential
1.00E+12,87,Residential
1.00E+12,20,Residential
1.00E+12,47,Residential
1.00E+12,60,Residential
1.00E+12,86,Residential
1.00E+12,51,Residential
1.00E+12,80,Residential
1.00E+12,80,Residential
1.00E+12,80,Residential
1.00E+12,43,Residential
5.00E+15,9,Residential
5.00E+15,22,Residential
5.00E+15,51,Residential
1.00E+12,98,Residential
1.00E+12,107,Residential
1.00E+12,127,Residential
1.00E+12,76,Residential
1.00E+12,59,Residential
1.00E+12,82,Residential
1.00E+12,73,Residential
1.00E+12,220,Residential
1.00E+12,87,Residential
1.00E+12,39,Residential
1.00E+12,9,Residential
1.00E+12,34,Residential
1.00E+12,39,Residential
1.00E+12,18,Residential
5.00E+15,8,Residential
1.00E+12,71,Residential
1.00E+12,52,Residential
1.00E+12,78,Residential
1.00E+12,124,Residential
1.00E+12,101,Residential
1.00E+12,14,Residential
1.00E+12,79,Residential
1.00E+12,100,Residential
1.00E+12,87,Residential
1.00E+12,77,Residential
1.00E+12,71,Residential
1.00E+12,41,Residential
1.00E+12,141,Residential
5.00E+15,33,Residential
5.00E+15,14,Residential
1.00E+12,94,Residential
1.00E+12,74,Residential
1.00E+12,18,Residential
1.00E+12,35,Residential
1.00E+12,15,Residential
1.00E+12,67,Residential
1.00E+12,70,Residential
5.00E+15,9,Residential
1.00E+12,94,Residential
1.00E+12,106,Residential
1.00E+12,259,Residential
1.00E+12,76,Residential
1.00E+12,36,Residential
1.00E+12,12,Residential
1.00E+12,112,Residential
1.00E+12,29,Residential
1.00E+12,6,Residential
1.00E+12,25,Residential
5.00E+15,15,Residential
1.00E+12,24,Residential
1.00E+12,135,Residential
1.00E+12,99,Residential
1.00E+12,80,Residential
1.00E+12,80,Residential
1.00E+12,131,Residential
1.00E+12,2,Residential
1.00E+12,44,Residential
1.00E+12,43,Residential
1.00E+12,37,Residential
1.00E+12,5,Residential
5.00E+15,8,Residential
1.00E+12,99,Residential
1.00E+12,79,Residential
1.00E+12,75,Residential
1.00E+12,69,Residential
1.00E+12,147,Residential
1.00E+12,75,Residential
1.00E+12,96,Residential
1.00E+12,75,Residential
1.00E+12,54,Residential
1.00E+12,64,Residential
1.00E+12,40,Residential
1.00E+12,51,Residential
1.00E+12,101,Residential
1.00E+12,76,Residential
1.00E+12,86,Residential
1.00E+12,35,Residential
1.00E+12,53,Residential
1.00E+12,46,Residential
1.00E+12,40,Residential
1.00E+12,42,Residential
1.00E+12,9,Residential
1.00E+12,76,Residential
1.00E+12,102,Residential
1.00E+12,130,Residential
5.00E+15,217,Residential
1.00E+12,395,Residential
1.00E+12,80,Residential
1.00E+12,17,Residential
1.00E+12,74,Residential
1.00E+12,105,Residential
5.00E+15,11,Residential
1.00E+12,76,Residential
1.00E+12,41,Residential
1.00E+12,34,Residential
1.00E+12,79,Residential
1.00E+12,97,Residential
1.00E+12,101,Residential
1.00E+12,204,Residential
1.00E+12,217,Residential
1.00E+12,80,Residential
1.00E+12,20,Residential
1.00E+12,15,Residential
1.00E+12,83,Residential
1.00E+12,62,Residential
5.00E+15,21,Residential
5.00E+15,25,Residential
1.00E+12,19,Residential
1.00E+12,113,Residential
1.00E+12,89,Residential
1.00E+12,77,Residential
1.00E+12,90,Residential
1.00E+12,72,Residential
1.00E+12,94,Residential
1.00E+12,123,Residential
1.00E+12,100,Residential
1.00E+12,17,Residential
1.00E+12,101,Residential
1.00E+12,82,Residential
1.00E+12,52,Residential
1.00E+12,9,Residential
5.00E+15,11,Residential
1.00E+12,21,Residential
1.00E+12,92,Residential
1.00E+12,66,Residential
1.00E+12,65,Residential
1.00E+12,41,Residential
1.00E+12,42,Residential
1.00E+12,44,Residential
1.00E+12,191,Residential
1.00E+12,93,Residential
1.00E+12,53,Residential
1.00E+12,43,Residential
1.00E+12,96,Residential
5.00E+15,10,Residential
5.00E+15,28,Residential
1.00E+15,155,Residential
1.00E+12,92,Residential
1.00E+12,96,Residential
1.00E+12,7,Residential
1.00E+12,42,Residential
5.00E+15,15,Residential
1.00E+12,180,Residential
1.00E+12,103,Residential
1.00E+12,89,Residential
1.00E+12,34,Residential
1.00E+12,103,Residential
1.00E+12,17,Residential
1.00E+12,82,Residential
1.00E+12,151,Residential
1.00E+12,73,Residential
1.00E+12,118,Residential
1.00E+12,79,Residential
1.00E+12,38,Residential
1.00E+12,48,Residential
1.00E+12,17,Residential
1.00E+12,115,Residential
1.00E+12,134,Residential
1.00E+12,33,Residential
1.00E+12,79,Residential
1.00E+12,97,Residential
1.00E+12,16,Residential
1.00E+12,136,Residential
1.00E+12,85,Residential
1.00E+12,89,Residential
1.00E+12,11,Residential
1.00E+12,7,Residential
1.00E+12,64,Residential
1.00E+12,37,Residential
1.00E+12,71,Residential
1.00E+12,68,Residential
1.00E+12,55,Residential
1.00E+12,33,Residential
1.00E+12,38,Residential
5.00E+15,50,Residential
1.00E+12,34,Residential
1.00E+12,35,Residential
1.00E+12,83,Residential
1.00E+12,36,Residential
1.00E+12,72,Residential
1.00E+12,94,Residential
1.00E+12,50,Residential
1.00E+12,28,Residential
1.00E+12,34,Residential
1.00E+12,77,Residential
1.00E+12,76,Residential
1.00E+12,113,Residential
1.00E+12,34,Residential
1.00E+12,52,Residential
1.00E+12,14,Residential
1.00E+12,115,Residential
1.00E+12,11,Residential
1.00E+12,14,Residential
1.00E+12,99,Residential
1.00E+12,16,Residential
1.00E+12,45,Residential
1.00E+12,79,Residential
1.00E+12,88,Residential
1.00E+12,36,Residential
1.00E+12,32,Residential
1.00E+12,32,Residential
1.00E+12,10,Residential
5.00E+15,6,Residential
1.00E+12,17,Residential
5.00E+15,932,Residential
1.00E+12,11,Residential
1.00E+12,38,Residential
1.00E+15,148,Residential
1.00E+12,14,Residential
1.00E+12,37,Residential
1.00E+12,84,Residential
1.00E+12,80,Residential
5.00E+15,782,Residential
1.00E+12,84,Residential
1.00E+12,81,Residential
1.00E+12,54,Residential
1.00E+12,63,Residential
1.00E+12,98,Residential
1.00E+12,103,Residential
1.00E+12,52,Residential
1.00E+12,32,Residential
1.00E+12,77,Residential
1.00E+15,31,Residential
1.00E+12,3,Residential
1.00E+12,60,Residential
1.00E+12,17,Residential
1.00E+12,14,Residential
1.00E+12,34,Residential
1.00E+12,30,Residential
1.00E+12,141,Residential
1.00E+12,38,Residential
1.00E+12,35,Residential
1.00E+12,349,Residential
1.00E+12,14,Residential
1.00E+12,37,Residential
1.00E+12,37,Residential
5.00E+15,28,Residential
1.00E+12,72,Residential
1.00E+12,57,Residential
1.00E+12,36,Residential
1.00E+12,15,Residential
1.00E+12,38,Residential
1.00E+12,64,Residential
1.00E+12,73,Residential
1.00E+12,301,Residential
1.00E+12,27,Residential
1.00E+12,37,Residential
1.00E+12,113,Residential
1.00E+12,64,Residential
1.00E+12,31,Residential
1.00E+12,103,Residential
1.00E+12,32,Residential
1.00E+12,15,Residential
1.00E+12,51,Residential
1.00E+12,28,Residential
1.00E+12,87,Residential
1.00E+12,15,Residential
1.00E+12,71,Residential
1.00E+12,38,Residential
5.00E+15,914,Residential
1.00E+12,15,Residential
1.00E+12,17,Residential
1.00E+12,36,Residential
1.00E+12,15,Residential
1.00E+12,87,Residential
1.00E+12,40,Residential
1.00E+12,84,Residential
1.00E+12,14,Residential
1.00E+12,15,Residential
1.00E+12,141,Residential
1.00E+12,115,Residential
1.00E+12,89,Residential
1.00E+12,16,Residential
1.00E+12,44,Residential
1.00E+12,138,Residential
1.00E+12,14,Residential
1.00E+12,31,Residential
1.00E+12,39,Residential
5.00E+15,34,Residential
1.00E+12,75,Residential
5.00E+15,932,Residential
1.00E+12,33,Residential
1.00E+12,71,Residential
5.00E+15,7,Residential
1.00E+12,18,Residential
1.00E+12,70,Residential
1.00E+12,15,Residential
1.00E+12,34,Residential
1.00E+12,12,Residential
1.00E+12,106,Residential
1.00E+12,15,Residential
1.00E+12,82,Residential
1.00E+12,83,Residential
5.00E+15,16,Residential
1.00E+12,27,Residential
1.00E+12,141,Residential
1.00E+12,28,Residential
1.00E+12,85,Residential
1.00E+12,86,Residential
1.00E+12,91,Residential
1.00E+12,15,Residential
1.00E+12,37,Residential
1.00E+12,32,Residential
1.00E+12,140,Residential
5.00E+15,19,Residential
1.00E+12,41,Residential
1.00E+12,108,Residential
1.00E+12,116,Residential
1.00E+12,23,Residential
1.00E+12,90,Residential
1.00E+12,58,Residential
1.00E+12,144,Residential
1.00E+12,52,Residential
1.00E+12,81,Residential
5.00E+15,929,Residential
1.00E+12,86,Residential
1.00E+12,50,Residential
1.00E+12,31,Residential
1.00E+12,70,Residential
1.00E+12,73,Residential
1.00E+12,31,Residential
1.00E+12,35,Residential
1.00E+12,83,Residential
1.00E+12,64,Residential
1.00E+12,65,Residential
1.00E+12,35,Residential
1.00E+12,15,Residential
1.00E+12,493,Residential
1.00E+12,73,Residential
1.00E+12,38,Residential
1.00E+12,52,Residential
1.00E+12,35,Residential
1.00E+12,69,Residential
1.00E+12,84,Residential
1.00E+12,112,Residential
1.00E+12,100,Residential
1.00E+12,49,Residential
1.00E+15,136,Residential
1.00E+12,15,Residential
1.00E+12,37,Residential
1.00E+12,88,Residential
1.00E+12,173,Residential
1.00E+12,139,Residential
1.00E+12,29,Residential
5.00E+15,111,Residential
1.00E+12,20,Residential
1.00E+12,66,Residential
1.00E+12,15,Residential
1.00E+12,15,Residential
5.00E+15,27,Residential
1.00E+12,77,Residential
1.00E+12,72,Residential
1.00E+12,3,Residential
1.00E+12,321,Residential
1.00E+12,118,Residential
1.00E+12,41,Residential
1.00E+12,111,Residential
1.00E+12,84,Residential
1.00E+12,19,Residential
1.00E+12,11,Residential
1.00E+12,38,Residential
5.00E+15,53,Residential
1.00E+12,17,Residential
1.00E+12,35,Residential
1.00E+12,2,Residential
1.00E+12,48,Residential
1.00E+12,142,Residential
1.00E+12,35,Residential
1.00E+12,37,Residential
1.00E+12,53,Residential
1.00E+15,28,Residential
1.00E+12,85,Residential
5.00E+15,932,Residential
1.00E+12,17,Residential
1.00E+12,36,Residential
1.00E+12,16,Residential
1.00E+12,3,Residential
1.00E+12,71,Residential
1.00E+12,17,Residential
1.00E+12,72,Residential
1.00E+12,85,Residential
1.00E+12,84,Residential
1.00E+12,33,Residential
1.00E+12,26,Residential
1.00E+12,85,Residential
1.00E+12,78,Residential
5.00E+15,233,Residential
1.00E+12,412,Residential
1.00E+12,50,Residential
1.00E+12,69,Residential
1.00E+12,28,Residential
5.00E+15,50,Residential
1.00E+12,31,Residential
1.00E+12,88,Residential
1.00E+12,98,Residential
1.00E+12,29,Residential
5.00E+15,20,Residential
1.00E+12,23,Residential
1.00E+12,162,Residential
1.00E+12,73,Residential
1.00E+12,68,Residential
1.00E+12,76,Residential
1.00E+12,72,Residential
1.00E+12,26,Residential
1.00E+12,56,Residential
1.00E+12,104,Residential
1.00E+12,28,Residential
1.00E+12,52,Residential
1.00E+12,133,Residential
1.00E+12,83,Residential
1.00E+12,74,Residential
5.00E+15,9,Residential
1.00E+12,88,Residential
1.00E+12,101,Residential
1.00E+12,85,Residential
1.00E+12,75,Residential
1.00E+12,196,Residential
5.00E+15,18,Residential
1.00E+12,121,Residential
1.00E+12,120,Residential
1.00E+12,88,Residential
1.00E+12,76,Residential
1.00E+12,90,Residential
1.00E+12,170,Residential
1.00E+12,74,Residential
1.00E+12,136,Residential
1.00E+12,89,Residential
1.00E+12,128,Residential
1.00E+12,73,Residential
1.00E+12,81,Residential
1.00E+12,85,Residential
1.00E+12,87,Residential
1.00E+12,88,Residential
1.00E+12,87,Residential
1.00E+12,101,Residential
1.00E+12,295,Residential
1.00E+12,36,Residential
1.00E+12,83,Residential
1.00E+12,112,Residential
1.00E+12,101,Residential
1.00E+12,87,Residential
1.00E+12,93,Residential
5.00E+15,25,Residential
1.00E+12,73,Residential
1.00E+12,467,Residential
1.00E+12,63,Residential
1.00E+12,91,Residential
1.00E+12,206,Residential
1.00E+12,91,Residential
1.00E+12,35,Residential
1.00E+12,121,Residential
1.00E+12,128,Residential
1.00E+12,80,Residential
1.00E+12,87,Residential
1.00E+12,70,Residential
1.00E+12,91,Residential
1.00E+12,96,Residential
1.00E+12,60,Residential
1.00E+12,104,Residential
5.00E+15,22,Residential
1.00E+12,29,Residential
1.00E+12,106,Residential
1.00E+12,98,Residential
1.00E+12,114,Residential
1.00E+12,96,Residential
1.00E+12,167,Residential
1.00E+12,14,Residential
1.00E+12,96,Residential
1.00E+12,120,Residential
1.00E+12,18,Residential
1.00E+12,51,Residential
1.00E+12,78,Residential
1.00E+12,96,Residential
1.00E+12,93,Residential
1.00E+12,80,Residential
1.00E+12,74,Residential
5.00E+15,14,Residential
1.00E+12,98,Residential
1.00E+12,97,Residential
1.00E+12,369,Residential
1.00E+12,218,Residential
1.00E+12,32,Residential
1.00E+12,977,Residential
1.00E+12,97,Residential
1.00E+12,6,Residential
1.00E+12,21,Residential
1.00E+12,91,Residential
1.00E+12,48,Residential
1.00E+12,91,Residential
1.00E+12,401,Residential
1.00E+12,46,Residential
1.00E+12,100,Residential
1.00E+12,18,Residential
1.00E+12,30,Residential
1.00E+12,24,Residential
1.00E+12,1,Residential
5.00E+15,9,Residential
1.00E+12,95,Residential
1.00E+12,10,Residential
5.00E+15,76,Residential
1.00E+12,253,Residential
1.00E+12,4,Residential
1.00E+12,28,Residential
1.00E+12,143,Residential
1.00E+12,33,Residential
1.00E+12,163,Residential
1.00E+12,124,Residential
1.00E+12,17,Residential
1.00E+12,10,Residential
1.00E+12,26,Residential
1.00E+12,25,Residential
1.00E+12,154,Residential
1.00E+12,98,Residential
1.00E+12,152,Residential
1.00E+12,12,Residential
1.00E+12,652,Residential
1.00E+12,205,Residential
5.00E+15,3,Residential
5.00E+15,32,Residential
1.00E+12,231,Residential
1.00E+12,2,Residential
1.00E+12,310,Residential
1.00E+12,159,Residential
1.00E+12,92,Residential
1.00E+12,2,Residential
5.00E+15,9,Residential
1.00E+12,1,Residential
1.00E+12,193,Residential
1.00E+12,203,Residential
1.00E+12,218,Residential
1.00E+12,173,Residential
1.00E+12,343,Residential
1.00E+12,3,Residential
1.00E+12,2,Residential
1.00E+12,37,Residential
1.00E+12,7,Residential
1.00E+12,886,Residential
1.00E+12,68,Residential
1.00E+12,2,Residential
1.00E+12,53,Residential
1.00E+12,15,Residential
1.00E+12,2,Residential
1.00E+15,765,Residential
1.00E+12,112,Residential
1.00E+12,7,Residential
1.00E+12,33,Residential
1.00E+12,3,Residential
1.00E+12,284,Residential
1.00E+12,1,Residential
1.00E+12,24,Residential
5.00E+15,11,Residential
5.00E+15,22,Residential
5.00E+15,1143,Residential
1.00E+15,58,Residential
1.00E+12,946,Residential
1.00E+12,63,Residential
5.00E+15,21,Residential
1.00E+12,325,Residential
1.00E+15,15,Residential
1.00E+12,263,Residential
1.00E+15,38,Residential
1.00E+15,8,Residential
1.00E+15,223,Residential
1.00E+15,80,Residential
1.00E+15,80,Residential
1.00E+15,16,Residential
1.00E+12,23,Residential
1.00E+12,5,Residential
1.00E+15,470,Residential
5.00E+15,5,Residential
1.00E+15,53,Residential
1.00E+12,200,Residential
1.00E+15,12,Residential
1.00E+12,994,Residential
1.00E+15,10,Residential
1.00E+15,987,Residential
5.00E+15,27,Residential
1.00E+12,401,Residential
1.00E+12,67,Residential
1.00E+15,13,Residential
1.00E+12,60,Residential
1.00E+15,24,Residential
1.00E+12,485,Residential
1.00E+15,395,Residential
1.00E+12,27,Residential
1.00E+15,8,Residential
1.00E+15,232,Residential
5.00E+15,14,Residential
1.00E+12,156,Residential
1.00E+15,95,Residential
1.00E+12,44,Residential
1.00E+12,13,Residential
5.00E+15,13,Residential
1.00E+12,46,Residential
1.00E+12,61,Residential
1.00E+12,3,Residential
1.00E+12,12,Residential
1.00E+12,89,Residential
1.00E+15,5,Residential
1.00E+12,22,Residential
1.00E+15,66,Residential
1.00E+12,55,Residential
1.00E+12,3,Residential
5.00E+15,56,Residential
1.00E+12,112,Residential
1.00E+12,311,Residential
1.00E+12,230,Residential
5.00E+15,15,Residential
1.00E+15,18,Residential
1.00E+12,67,Residential
1.00E+12,59,Residential
1.00E+12,142,Residential
1.00E+15,132,Residential
1.00E+12,32,Residential
1.00E+12,94,Residential
1.00E+12,67,Residential
1.00E+12,3,Residential
1.00E+12,170,Residential
1.00E+15,1701,Residential
1.00E+12,34,Residential
1.00E+12,31,Residential
1.00E+12,8,Residential
1.00E+12,85,Residential
1.00E+12,120,Residential
1.00E+12,1,Residential
1.00E+15,396,Residential
1.00E+12,32,Residential
1.00E+15,66,Residential
1.00E+12,3,Residential
1.00E+12,78,Residential
1.00E+15,94,Residential
1.00E+15,3,Residential
1.00E+15,14,Residential
1.00E+12,34,Residential
1.00E+12,38,Residential
5.00E+15,10,Residential
5.00E+15,6,Residential
1.00E+12,969,Residential
1.00E+15,975,Residential
1.00E+15,8,Residential
1.00E+12,49,Residential
1.00E+15,141,Residential
1.00E+12,23,Residential
1.00E+12,3,Residential
5.00E+15,7,Residential
1.00E+12,114,Residential
1.00E+12,153,Residential
1.00E+15,32,Residential
1.00E+12,19,Residential
1.00E+12,136,Residential
5.00E+15,82,Residential
1.00E+12,1031,Residential
1.00E+15,16,Residential
1.00E+15,22,Residential
1.00E+12,17,Residential
1.00E+12,20,Residential
1.00E+12,1236,Public Buildings
1.00E+12,339,Residential
1.00E+12,104,Residential
1.00E+12,17,Residential
1.00E+12,358,Residential
5.00E+15,237,Residential
1.00E+12,48,Residential
1.00E+12,7,Residential
1.00E+12,33,Residential
1.00E+12,34,Residential
1.00E+12,33,Residential
5.00E+15,6,Public Buildings
5.00E+15,31,Residential
1.00E+15,775,Residential
1.00E+12,33,Residential
1.00E+12,30,Residential
1.00E+15,8,Residential
1.00E+12,31,Residential
1.00E+12,3,Residential
1.00E+12,221,Residential
1.00E+12,22,Residential
1.00E+12,29,Residential
1.00E+15,494,Residential
1.00E+12,25,Residential
1.00E+12,2494,Residential
1.00E+12,111,Residential
1.00E+12,138,Residential
1.00E+15,777,Residential
1.00E+12,3,Residential
1.00E+15,767,Residential
1.00E+12,34,Residential
1.00E+15,167,Residential
5.00E+15,38,Residential
1.00E+15,1000,Residential
1.00E+12,53,Residential
1.00E+12,31,Residential
1.00E+12,376,Residential
1.00E+12,3,Residential
1.00E+12,662,Residential
1.00E+12,123,Residential
1.00E+15,153,Residential
1.00E+12,28,Public Buildings
1.00E+12,564,Residential
1.00E+12,7,Residential
1.00E+15,464,Residential
1.00E+12,966,Residential
1.00E+12,163,Residential
1.00E+12,33,Residential
5.00E+15,34,Residential
1.00E+12,6,Residential
1.00E+12,6,Residential
1.00E+12,199,Residential
5.00E+15,13,Residential
1.00E+12,318,Residential
5.00E+15,96,Residential
1.00E+12,26,Residential
1.00E+12,16,Residential
1.00E+12,74,Residential
1.00E+12,3,Residential
1.00E+12,17,Public Buildings
1.00E+15,1572,Residential
1.00E+12,3,Public Buildings
1.00E+12,891,Residential
1.00E+12,1039,Residential
1.00E+12,3,Residential
1.00E+12,241,Residential
1.00E+12,10,Residential
1.00E+12,859,Residential
1.00E+12,8,Residential
1.00E+12,57,Residential
1.00E+15,113,Residential
1.00E+15,423,Residential
1.00E+12,23,Residential
1.00E+12,3,Residential
1.00E+15,6,Residential
1.00E+12,421,Residential
1.00E+12,35,Residential
5.00E+15,6,Public Buildings
1.00E+12,2514,Residential
1.00E+15,14,Residential
1.00E+12,26,Public Buildings
1.00E+15,151,Residential
1.00E+15,3,Residential
5.00E+15,5,Residential
1.00E+12,896,Residential
1.00E+15,1162,Residential
1.00E+15,30,Residential
1.00E+12,165,Residential
1.00E+15,1433,Residential
5.00E+15,462,Residential
1.00E+15,1320,Residential
1.00E+12,3,Residential
1.00E+15,6,Residential
1.00E+15,98,Residential
1.00E+15,42,Residential
1.00E+12,191,Residential
1.00E+12,32,Residential
1.00E+12,42,Residential
1.00E+12,26,Residential
5.00E+15,0,Residential
1.00E+15,811,Residential
1.00E+12,15,Residential
5.00E+15,22,Residential
1.00E+12,33,Residential
1.00E+15,19,Residential
1.00E+12,34,Residential
1.00E+12,38,Residential
1.00E+12,36,Residential
1.00E+15,36,Residential
1.00E+15,39,Residential
1.00E+15,26,Residential
1.00E+15,135,Residential
1.00E+12,9,Residential
1.00E+15,48,Residential
1.00E+12,1296,Residential
1.00E+15,18,Residential
1.00E+12,21,Residential
1.00E+12,822,Residential
1.00E+15,791,Residential
1.00E+12,111,Residential
1.00E+12,40,Residential
1.00E+15,2356,Residential
1.00E+12,101,Residential
1.00E+12,3,Residential
1.00E+12,3,Residential
1.00E+12,35,Residential
1.00E+12,6,Residential
1.00E+12,3,Residential
1.00E+12,132,Residential
1.00E+12,61,Residential
5.00E+15,182,Residential
1.00E+12,115,Residential
1.00E+12,9,Residential
1.00E+12,81,Residential
1.00E+12,2,Residential
1.00E+12,99,Residential
1.00E+12,158,Residential
1.00E+12,99,Residential
1.00E+12,91,Residential
1.00E+12,354,Residential
1.00E+12,1,Residential
1.00E+15,22,Residential
1.00E+12,68,Residential
1.00E+12,197,Residential
1.00E+12,51,Residential
1.00E+12,248,Residential
1.00E+12,462,Residential
1.00E+12,7,Residential
1.00E+15,5,Residential
1.00E+12,189,Residential
5.00E+15,54,Residential
1.00E+12,40,Residential
1.00E+12,479,Residential
1.00E+12,7,Residential
1.00E+12,58,Residential
1.00E+12,2,Residential
1.00E+12,83,Residential
1.00E+12,86,Residential
1.00E+12,93,Residential
1.00E+12,19,Residential
1.00E+12,71,Residential
1.00E+12,588,Residential
1.00E+12,2651,Residential
1.00E+12,151,Residential
1.00E+12,4,Residential
1.00E+12,123,Residential
1.00E+12,2333,Residential
1.00E+12,236,Residential
1.00E+12,112,Residential
1.00E+12,195,Residential
1.00E+12,83,Residential
5.00E+15,4,Residential
1.00E+12,14,Residential
1.00E+12,239,Residential
1.00E+12,50,Residential
5.00E+15,13,Residential
1.00E+12,241,Residential
1.00E+12,46,Residential
1.00E+12,83,Residential
1.00E+12,342,Residential
5.00E+15,359,Residential
1.00E+12,14,Residential
1.00E+12,11,Residential
1.00E+12,112,Residential
1.00E+12,25,Residential
1.00E+12,53,Residential
1.00E+12,83,Residential
1.00E+12,376,Residential
1.00E+12,1792,Residential
5.00E+15,16,Residential
1.00E+12,567,Residential
1.00E+12,156,Residential
1.00E+12,11,Residential
1.00E+12,167,Residential
1.00E+12,124,Residential
5.00E+15,367,Residential
1.00E+12,49,Residential
5.00E+15,4,Residential
1.00E+12,1,Residential
1.00E+12,126,Residential
5.00E+15,11,Residential
1.00E+12,46,Residential
1.00E+12,785,Residential
5.00E+15,5,Residential
1.00E+12,62,Residential
1.00E+12,2324,Residential
1.00E+12,158,Residential
1.00E+12,225,Residential
1.00E+12,41,Residential
1.00E+12,80,Residential
1.00E+12,65,Residential
1.00E+12,59,Residential
1.00E+12,65,Residential
1.00E+12,51,Residential
1.00E+12,74,Residential
1.00E+12,65,Residential
1.00E+12,153,Residential
1.00E+12,62,Residential
1.00E+15,209,Residential
1.00E+12,450,Residential
1.00E+12,64,Residential
1.00E+12,70,Residential
1.00E+12,448,Residential
1.00E+12,65,Residential
1.00E+12,215,Residential
1.00E+12,89,Residential
1.00E+12,67,Residential
1.00E+12,468,Residential
5.00E+15,100,Residential
1.00E+12,447,Residential
1.00E+12,63,Residential
1.00E+12,78,Residential
1.00E+12,51,Residential
1.00E+12,62,Residential
1.00E+12,67,Residential
1.00E+12,89,Residential
5.00E+15,120,Residential
1.00E+12,73,Residential
1.00E+12,41,Residential
1.00E+12,64,Residential
5.00E+15,109,Residential
1.00E+12,72,Residential
1.00E+12,521,Residential
1.00E+12,79,Residential
5.00E+15,11,Residential
1.00E+12,67,Residential
1.00E+12,121,Residential
1.00E+12,68,Residential
1.00E+12,150,Residential
1.00E+12,39,Residential
1.00E+12,71,Residential
1.00E+12,66,Residential
1.00E+12,122,Residential
1.00E+12,61,Residential
5.00E+15,98,Residential
1.00E+12,56,Residential
1.00E+12,71,Residential
1.00E+12,72,Residential
1.00E+15,21,Residential
1.00E+12,63,Residential
1.00E+12,56,Residential
1.00E+12,42,Residential
1.00E+12,328,Residential
1.00E+12,396,Residential
1.00E+12,65,Residential
1.00E+12,56,Residential
1.00E+12,199,Residential
1.00E+12,76,Residential
1.00E+12,140,Residential
1.00E+12,71,Residential
1.00E+12,114,Residential
1.00E+12,80,Residential
1.00E+12,80,Residential
1.00E+12,55,Residential
1.00E+12,89,Residential
1.00E+12,80,Residential
1.00E+12,59,Residential
1.00E+12,83,Residential
1.00E+12,73,Residential
1.00E+12,864,Residential
1.00E+12,74,Residential
1.00E+12,173,Residential
1.00E+12,52,Residential
1.00E+12,1034,Residential
1.00E+12,48,Residential
1.00E+12,49,Residential
1.00E+15,49,Residential
1.00E+12,89,Residential
1.00E+12,92,Residential
1.00E+12,118,Residential
1.00E+12,78,Residential
1.00E+12,54,Residential
1.00E+12,64,Residential
1.00E+12,88,Residential
1.00E+12,68,Residential
1.00E+12,52,Residential
1.00E+12,69,Residential
1.00E+12,57,Residential
1.00E+12,3,Residential
1.00E+12,75,Residential
1.00E+12,70,Residential
1.00E+12,50,Residential
1.00E+12,70,Residential
1.00E+12,74,Residential
1.00E+12,164,Residential
1.00E+12,68,Residential
1.00E+12,39,Residential
1.00E+12,17,Residential
1.00E+12,73,Residential
1.00E+12,70,Residential
1.00E+12,56,Residential
1.00E+12,77,Residential
1.00E+12,75,Residential
1.00E+12,62,Residential
1.00E+12,65,Residential
1.00E+12,47,Residential
1.00E+12,20,Residential
1.00E+12,63,Residential
1.00E+12,69,Residential
1.00E+12,53,Residential
1.00E+12,77,Residential
1.00E+12,62,Residential
1.00E+12,228,Residential
1.00E+12,69,Residential
1.00E+12,71,Residential
1.00E+12,67,Residential
1.00E+12,70,Residential
1.00E+12,64,Residential
1.00E+12,58,Residential
1.00E+12,66,Residential
1.00E+12,60,Residential
1.00E+12,68,Residential
1.00E+12,63,Residential
1.00E+12,83,Residential
1.00E+12,73,Residential
1.00E+12,65,Residential
1.00E+12,112,Residential
1.00E+12,66,Residential
1.00E+12,60,Residential
1.00E+12,62,Residential
1.00E+12,101,Residential
1.00E+12,32,Residential
1.00E+12,67,Residential
1.00E+12,51,Residential
1.00E+12,66,Residential
1.00E+12,69,Residential
1.00E+12,64,Residential
1.00E+12,62,Residential
1.00E+12,64,Residential
1.00E+12,122,Residential
1.00E+12,66,Residential
1.00E+12,27,Residential
1.00E+12,71,Residential
1.00E+12,62,Residential
1.00E+12,24,Residential
1.00E+12,46,Residential
1.00E+12,74,Residential
1.00E+12,62,Residential
1.00E+12,72,Residential
1.00E+12,68,Residential
1.00E+12,95,Residential
1.00E+12,99,Residential
1.00E+12,64,Residential
1.00E+12,95,Residential
1.00E+12,103,Residential
1.00E+12,89,Residential
1.00E+12,106,Residential
1.00E+12,73,Residential
1.00E+12,87,Residential
1.00E+12,73,Residential
1.00E+12,83,Residential
1.00E+12,133,Residential
1.00E+12,51,Residential
1.00E+12,104,Residential
1.00E+12,72,Residential
1.00E+12,134,Residential
1.00E+12,94,Residential
1.00E+12,95,Residential
1.00E+12,96,Residential
5.00E+15,245,Residential
1.00E+12,64,Residential
1.00E+12,95,Residential
1.00E+12,103,Residential
1.00E+12,96,Residential
1.00E+12,96,Residential
1.00E+12,94,Residential
1.00E+12,97,Residential
1.00E+12,98,Residential
1.00E+12,152,Residential
1.00E+12,29,Residential
1.00E+12,125,Residential
1.00E+12,92,Residential
1.00E+12,94,Residential
1.00E+12,97,Residential
1.00E+15,127,Residential
1.00E+12,94,Residential
1.00E+12,158,Residential
1.00E+12,96,Residential
1.00E+12,206,Residential
1.00E+12,100,Residential
1.00E+12,168,Residential
1.00E+12,96,Residential
1.00E+12,92,Residential
5.00E+15,55,Residential
1.00E+12,17,Residential
1.00E+12,201,Residential
1.00E+12,81,Residential
1.00E+12,24,Residential
1.00E+12,35,Residential
5.00E+15,15,Residential
1.00E+12,156,Residential
5.00E+15,17,Residential
1.00E+12,121,Residential
5.00E+15,16,Residential
1.00E+12,109,Residential
1.00E+12,152,Residential
5.00E+15,17,Residential
5.00E+15,68,Residential
1.00E+12,129,Residential
1.00E+12,74,Residential
1.00E+12,152,Residential
1.00E+12,54,Residential
1.00E+12,99,Residential
5.00E+15,29,Residential
1.00E+12,130,Residential
1.00E+12,93,Residential
1.00E+12,80,Residential
5.00E+15,149,Residential
1.00E+12,262,Residential
5.00E+15,150,Residential
1.00E+12,134,Retail
1.00E+12,129,Retail
1.00E+12,77,Retail
1.00E+12,88,Retail
1.00E+12,103,Retail
1.00E+12,89,Retail
1.00E+12,80,Retail
1.00E+12,130,Retail
1.00E+12,84,Retail
1.00E+12,72,Retail
1.00E+12,108,Retail
1.00E+12,84,Residential
1.00E+12,1740,Residential
1.00E+12,81,Residential
1.00E+12,7,Residential
1.00E+12,6,Residential
1.00E+15,8,Residential
1.00E+12,68,Residential
1.00E+12,237,Residential
1.00E+12,70,Residential
1.00E+12,1006,Residential
1.00E+12,80,Residential
1.00E+12,109,Residential
1.00E+12,262,Residential
1.00E+15,4,Residential
1.00E+12,414,Residential
1.00E+12,189,Residential
1.00E+12,23,Residential
1.00E+12,204,Residential
1.00E+12,559,Residential
1.00E+12,48,Residential
1.00E+12,594,Residential
1.00E+12,106,Residential
1.00E+12,52,Residential
1.00E+12,3,Residential
1.00E+12,18,Residential
1.00E+12,30,Residential
1.00E+12,49,Residential
1.00E+12,150,Residential
5.00E+15,17,Residential
1.00E+12,74,Residential
1.00E+12,635,Residential
1.00E+12,711,Residential
1.00E+12,298,Residential
1.00E+12,558,Residential
1.00E+12,10,Residential
1.00E+12,3,Residential
1.00E+12,31,Residential
1.00E+12,136,Residential
1.00E+12,104,Residential
1.00E+12,627,Residential
5.00E+15,103,Residential
1.00E+12,143,Residential
1.00E+12,2,Residential
5.00E+15,35,Residential
1.00E+12,41,Residential
1.00E+12,170,Residential
1.00E+12,163,Residential
1.00E+12,2,Residential
1.00E+12,584,Residential
1.00E+12,190,Residential
5.00E+15,651,Residential
1.00E+12,183,Residential
5.00E+15,12,Residential
5.00E+15,5,Residential
1.00E+12,15,Residential
1.00E+12,125,Residential
1.00E+12,62,Residential
5.00E+15,6,Residential
1.00E+12,215,Residential
1.00E+15,4,Residential
5.00E+15,390,Residential
1.00E+15,1,Residential
5.00E+15,1333,Residential
1.00E+12,727,Residential
1.00E+12,27,Residential
1.00E+12,184,Residential
1.00E+15,13,Residential
1.00E+12,60,Residential
1.00E+12,59,Residential
1.00E+12,14,Residential
1.00E+12,173,Residential
1.00E+12,295,Residential
1.00E+12,26,Residential
1.00E+12,15,Residential
5.00E+15,8,Residential
1.00E+12,53,Residential
1.00E+12,66,Residential
1.00E+12,59,Residential
1.00E+12,304,Residential
1.00E+12,3,Residential
1.00E+12,58,Residential
1.00E+12,201,Residential
1.00E+12,498,Residential
1.00E+12,172,Residential
1.00E+12,35,Residential
1.00E+15,15,Residential
1.00E+12,15,Residential
1.00E+12,93,Residential
1.00E+12,14,Residential
1.00E+12,160,Residential
1.00E+12,734,Residential
1.00E+12,181,Residential
1.00E+12,494,Residential
1.00E+12,137,Residential
1.00E+12,153,Residential
1.00E+15,8,Residential
1.00E+12,75,Residential
5.00E+15,470,Residential
1.00E+12,172,Residential
1.00E+12,70,Residential
1.00E+12,15,Residential
5.00E+15,5,Residential
1.00E+12,76,Residential
1.00E+12,59,Residential
1.00E+12,205,Residential
5.00E+15,5,Residential
1.00E+12,64,Residential
1.00E+12,75,Residential
1.00E+12,16,Residential
1.00E+12,160,Residential
5.00E+15,928,Residential
5.00E+15,107,Residential
1.00E+12,61,Residential
1.00E+12,3,Residential
1.00E+12,516,Residential
1.00E+12,3,Residential
5.00E+15,4,Residential
1.00E+12,61,Residential
1.00E+12,306,Residential
1.00E+12,125,Residential
5.00E+15,17,Residential
1.00E+12,96,Residential
1.00E+12,15,Residential
5.00E+15,11,Residential
1.00E+12,285,Residential
5.00E+15,5,Residential
5.00E+15,26,Residential
1.00E+12,516,Residential
1.00E+12,69,Residential
1.00E+12,4,Residential
1.00E+12,63,Residential
1.00E+12,104,Residential
1.00E+12,62,Residential
1.00E+12,438,Residential
5.00E+15,456,Residential
5.00E+15,214,Residential
5.00E+15,44,Residential
5.00E+15,1270,Residential
1.00E+12,111,Residential
1.00E+12,15,Residential
1.00E+12,138,Residential
5.00E+15,11,Residential
1.00E+12,151,Residential
5.00E+15,465,Residential
1.00E+12,59,Residential
1.00E+12,249,Residential
1.00E+12,27,Residential
1.00E+12,67,Residential
1.00E+12,76,Residential
1.00E+12,9,Residential
1.00E+12,63,Residential
1.00E+12,837,Residential
5.00E+15,30,Residential
1.00E+12,50,Residential
1.00E+15,472,Residential
1.00E+12,15,Residential
1.00E+15,1,Residential
1.00E+12,223,Residential
1.00E+12,198,Residential
1.00E+12,60,Residential
1.00E+12,78,Residential
1.00E+12,9,Residential
5.00E+15,6,Residential
5.00E+15,1962,Residential
1.00E+12,74,Residential
5.00E+15,446,Residential
1.00E+12,269,Residential
1.00E+12,847,Public Buildings
1.00E+12,44,Residential
1.00E+12,77,Residential
1.00E+12,53,Residential
1.00E+12,47,Residential
1.00E+12,65,Residential
5.00E+15,1598,Residential
1.00E+12,46,Residential
1.00E+15,27,Residential
1.00E+12,22,Residential
1.00E+15,26,Residential
1.00E+12,28,Residential
1.00E+12,170,Residential
1.00E+12,37,Residential
5.00E+15,93,Residential
1.00E+12,75,Residential
1.00E+12,47,Residential
1.00E+12,75,Residential
1.00E+12,37,Residential
1.00E+15,18,Residential
1.00E+12,25,Public Buildings
1.00E+12,65,Residential
1.00E+12,35,Residential
1.00E+12,40,Residential
1.00E+12,38,Residential
1.00E+12,46,Residential
1.00E+15,835,Residential
1.00E+12,344,Residential
1.00E+15,14,Residential
1.00E+12,90,Residential
1.00E+12,71,Residential
1.00E+12,35,Residential
1.00E+12,83,Residential
1.00E+12,12,Residential
1.00E+12,774,Residential
1.00E+12,30,Residential
1.00E+12,62,Residential
1.00E+12,44,Residential
1.00E+12,32,Residential
1.00E+12,41,Residential
1.00E+12,43,Residential
1.00E+12,68,Residential
1.00E+12,41,Residential
1.00E+12,82,Residential
1.00E+12,3,Residential
1.00E+12,31,Residential
1.00E+12,41,Residential
1.00E+12,31,Residential
1.00E+12,64,Residential
1.00E+15,60,Residential
1.00E+12,57,Residential
1.00E+12,80,Residential
1.00E+12,109,Residential
1.00E+12,1120,Residential
1.00E+12,199,Residential
1.00E+12,28,Residential
5.00E+15,1388,Residential
1.00E+12,3,Residential
1.00E+12,24,Residential
1.00E+12,265,Public Buildings
1.00E+12,48,Residential
5.00E+15,23,Residential
1.00E+12,76,Residential
1.00E+12,587,Residential
1.00E+12,52,Residential
1.00E+12,30,Residential
5.00E+15,10,Residential
1.00E+12,31,Residential
1.00E+12,2,Residential
1.00E+12,33,Residential
1.00E+12,31,Residential
1.00E+12,37,Residential
1.00E+12,30,Residential
1.00E+12,26,Residential
1.00E+12,31,Residential
1.00E+12,11,Residential
1.00E+12,58,Residential
1.00E+12,31,Residential
1.00E+12,64,Residential
1.00E+12,32,Residential
1.00E+12,4,Residential
1.00E+12,11,Residential
1.00E+12,29,Residential
1.00E+12,32,Residential
1.00E+12,32,Residential
1.00E+12,39,Residential
1.00E+12,4,Residential
1.00E+12,31,Residential
1.00E+12,138,Residential
1.00E+12,4,Residential
1.00E+12,24,Residential
1.00E+12,32,Residential
1.00E+12,7,Residential
1.00E+12,25,Residential
1.00E+12,25,Residential
1.00E+12,28,Residential
1.00E+12,26,Residential
1.00E+12,209,Residential
1.00E+12,28,Residential
1.00E+12,8,Residential
1.00E+12,24,Residential
1.00E+12,46,Residential
1.00E+12,30,Residential
1.00E+12,29,Residential
1.00E+12,56,Residential
1.00E+12,29,Residential
1.00E+12,41,Residential
1.00E+12,2,Residential
1.00E+12,28,Residential
1.00E+12,31,Residential
1.00E+12,30,Residential
1.00E+12,76,Residential
1.00E+12,30,Residential
1.00E+12,29,Residential
1.00E+12,29,Residential
1.00E+12,50,Residential
5.00E+15,15,Residential
1.00E+12,14,Residential
1.00E+12,40,Residential
1.00E+12,32,Residential
1.00E+12,32,Residential
1.00E+12,29,Residential
1.00E+12,62,Residential
1.00E+12,34,Residential
1.00E+12,131,Residential
1.00E+12,33,Residential
1.00E+12,25,Residential
1.00E+12,25,Residential
1.00E+12,42,Residential
1.00E+12,31,Residential
1.00E+12,37,Residential
1.00E+12,34,Residential
1.00E+12,31,Residential
1.00E+12,26,Residential
1.00E+12,30,Residential
5.00E+15,5,Residential
1.00E+12,57,Residential
1.00E+12,9,Residential
1.00E+12,9,Residential
1.00E+12,53,Residential
1.00E+12,25,Residential
1.00E+12,27,Residential
1.00E+12,44,Residential
1.00E+12,26,Residential
1.00E+12,82,Residential
1.00E+12,7,Residential
1.00E+12,7,Residential
1.00E+12,139,Residential
1.00E+12,883,Residential
1.00E+12,108,Residential
1.00E+12,94,Residential
1.00E+15,53,Residential
1.00E+12,91,Residential
1.00E+15,46,Residential
1.00E+12,111,Residential
1.00E+12,92,Residential
1.00E+12,489,Residential
1.00E+15,53,Residential
1.00E+15,48,Residential
1.00E+12,122,Residential
1.00E+15,52,Residential
1.00E+12,92,Residential
1.00E+15,42,Residential
1.00E+15,52,Residential
1.00E+12,112,Residential
1.00E+15,57,Residential
1.00E+15,49,Residential
1.00E+12,97,Residential
1.00E+12,112,Residential
1.00E+15,57,Residential
1.00E+12,106,Residential
1.00E+15,48,Residential
1.00E+12,104,Residential
1.00E+12,78,Residential
1.00E+12,112,Residential
1.00E+12,108,Residential
1.00E+15,52,Residential
1.00E+12,110,Residential
1.00E+15,51,Residential
1.00E+12,110,Residential
1.00E+15,72,Residential
1.00E+12,89,Residential
1.00E+12,81,Residential
1.00E+12,308,Residential
5.00E+15,13,Residential
1.00E+12,98,Residential
1.00E+12,88,Residential
1.00E+12,94,Residential
1.00E+12,5,Residential
1.00E+12,82,Residential
1.00E+12,60,Residential
1.00E+12,87,Residential
1.00E+12,87,Residential
1.00E+12,107,Residential
1.00E+12,5,Residential
1.00E+12,82,Residential
5.00E+15,67,Residential
5.00E+15,25,Residential
1.00E+12,150,Residential
1.00E+12,80,Residential
1.00E+12,1073,Residential
1.00E+12,310,Residential
1.00E+12,184,Residential
5.00E+15,5,Residential
1.00E+12,100,Residential
1.00E+12,1073,Residential
1.00E+15,9,Residential
1.00E+12,16,Residential
1.00E+15,9,Residential
1.00E+12,3490,Residential
5.00E+15,19,Residential
1.00E+12,65,Residential
5.00E+15,18,Residential
1.00E+12,59,Residential
5.00E+15,12,Residential
1.00E+12,61,Residential
1.00E+12,59,Residential
1.00E+12,59,Residential
5.00E+15,35,Residential
1.00E+12,48,Residential
1.00E+12,46,Residential
1.00E+12,31,Residential
1.00E+12,55,Residential
1.00E+12,56,Residential
5.00E+15,33,Residential
1.00E+12,68,Residential
1.00E+12,47,Residential
1.00E+12,70,Residential
1.00E+12,47,Residential
1.00E+12,69,Residential
1.00E+12,70,Residential
1.00E+12,81,Residential
1.00E+12,69,Residential
1.00E+12,81,Residential
1.00E+12,66,Residential
1.00E+12,61,Residential
1.00E+12,84,Residential
1.00E+12,107,Residential
1.00E+12,78,Residential
1.00E+12,88,Residential
1.00E+12,78,Residential
1.00E+12,84,Residential
1.00E+12,84,Residential
5.00E+15,18,Residential
5.00E+15,16,Residential
1.00E+12,75,Residential
1.00E+12,83,Residential
1.00E+12,68,Residential
1.00E+12,68,Residential
1.00E+12,56,Residential
1.00E+12,58,Residential
1.00E+12,72,Residential
1.00E+12,102,Residential
1.00E+12,54,Residential
1.00E+12,58,Residential
1.00E+12,69,Residential
1.00E+12,71,Residential
5.00E+15,17,Residential
1.00E+12,74,Residential
1.00E+12,84,Residential
1.00E+12,82,Residential
1.00E+12,85,Residential
1.00E+12,2,Residential
1.00E+12,70,Residential
1.00E+12,83,Residential
1.00E+12,49,Residential
1.00E+12,60,Residential
1.00E+12,85,Residential
1.00E+12,66,Residential
1.00E+12,76,Residential
1.00E+12,81,Residential
1.00E+12,83,Residential
1.00E+12,86,Residential
1.00E+12,74,Residential
1.00E+12,57,Residential
1.00E+12,84,Residential
1.00E+12,92,Residential
1.00E+12,81,Residential
1.00E+12,65,Residential
1.00E+12,85,Residential
5.00E+15,30,Residential
1.00E+12,111,Residential
1.00E+12,95,Residential
5.00E+15,19,Residential
1.00E+12,65,Residential
1.00E+12,48,Residential
1.00E+12,74,Residential
1.00E+12,85,Residential
1.00E+12,84,Residential
1.00E+12,63,Residential
1.00E+12,82,Residential
1.00E+12,132,Residential
1.00E+12,72,Residential
1.00E+12,87,Residential
1.00E+12,58,Residential
1.00E+12,61,Residential
1.00E+12,80,Residential
1.00E+12,111,Residential
1.00E+12,78,Residential
1.00E+12,82,Residential
1.00E+12,79,Residential
1.00E+12,62,Residential
1.00E+12,84,Residential
1.00E+12,82,Residential
1.00E+12,28,Residential
1.00E+12,59,Residential
1.00E+12,85,Residential
1.00E+12,87,Residential
1.00E+12,69,Residential
1.00E+12,63,Residential
1.00E+12,88,Residential
1.00E+12,78,Residential
1.00E+12,60,Residential
1.00E+12,84,Residential
5.00E+15,9,Residential
1.00E+12,84,Residential
1.00E+12,83,Residential
1.00E+12,87,Residential
1.00E+12,96,Residential
1.00E+12,74,Residential
1.00E+12,58,Residential
1.00E+12,85,Residential
1.00E+12,68,Residential
1.00E+12,97,Residential
1.00E+12,68,Residential
1.00E+12,84,Residential
1.00E+12,79,Residential
1.00E+12,62,Residential
1.00E+12,79,Residential
1.00E+12,72,Residential
1.00E+12,86,Residential
1.00E+12,88,Residential
1.00E+12,63,Residential
1.00E+12,84,Residential
1.00E+12,60,Residential
1.00E+12,108,Residential
1.00E+12,78,Residential
1.00E+12,71,Residential
1.00E+12,64,Residential
1.00E+12,87,Residential
1.00E+12,86,Residential
1.00E+12,67,Residential
1.00E+12,82,Residential
1.00E+12,82,Residential
1.00E+12,68,Residential
1.00E+12,62,Residential
1.00E+12,74,Residential
1.00E+12,80,Residential
5.00E+15,9,Residential
1.00E+12,69,Residential
1.00E+12,67,Residential
1.00E+12,76,Residential
1.00E+12,86,Residential
1.00E+12,63,Residential
1.00E+12,83,Residential
1.00E+12,50,Residential
1.00E+12,68,Residential
1.00E+12,85,Residential
1.00E+12,66,Residential
1.00E+12,72,Residential
1.00E+12,87,Residential
5.00E+15,14,Residential
1.00E+12,76,Residential
1.00E+12,91,Residential
1.00E+12,100,Residential
1.00E+12,71,Residential
1.00E+12,71,Residential
5.00E+15,15,Residential
1.00E+12,77,Residential
1.00E+12,75,Residential
1.00E+12,61,Residential
1.00E+12,73,Residential
1.00E+12,87,Residential
1.00E+12,80,Residential
1.00E+12,89,Residential
1.00E+12,104,Residential
1.00E+12,65,Residential
1.00E+12,58,Residential
1.00E+12,56,Residential
1.00E+12,90,Residential
1.00E+12,85,Residential
1.00E+12,84,Residential
1.00E+12,62,Residential
1.00E+12,77,Residential
1.00E+12,70,Residential
1.00E+12,61,Residential
1.00E+12,79,Residential
1.00E+12,68,Residential
1.00E+12,55,Residential
1.00E+12,65,Residential
1.00E+12,56,Residential
1.00E+12,90,Residential
1.00E+12,83,Residential
1.00E+12,96,Residential
1.00E+12,94,Residential
1.00E+12,62,Residential
1.00E+12,34,Residential
1.00E+12,70,Residential
1.00E+12,94,Residential
1.00E+12,81,Residential
1.00E+12,81,Residential
1.00E+12,85,Residential
1.00E+12,91,Residential
1.00E+12,84,Residential
1.00E+12,80,Residential
1.00E+12,75,Residential
1.00E+12,24,Residential
1.00E+12,61,Residential
1.00E+12,89,Residential
1.00E+12,99,Residential
1.00E+12,59,Residential
1.00E+12,66,Residential
1.00E+12,12,Residential
1.00E+12,82,Residential
1.00E+12,84,Residential
1.00E+12,73,Residential
1.00E+12,56,Residential
1.00E+12,64,Residential
1.00E+12,98,Residential
5.00E+15,7,Residential
1.00E+12,73,Residential
1.00E+12,78,Residential
1.00E+12,82,Residential
1.00E+12,82,Residential
5.00E+15,4,Residential
1.00E+12,87,Residential
1.00E+12,81,Residential
1.00E+12,6,Residential
1.00E+12,31,Residential
1.00E+12,95,Residential
1.00E+12,80,Residential
5.00E+15,12,Residential
1.00E+12,103,Residential
1.00E+12,89,Residential
1.00E+12,50,Residential
1.00E+12,85,Residential
1.00E+12,87,Residential
1.00E+12,91,Residential
1.00E+12,81,Residential
1.00E+12,80,Residential
5.00E+15,24,Residential
5.00E+15,11,Residential
1.00E+12,101,Residential
1.00E+12,108,Residential
1.00E+12,73,Residential
1.00E+12,112,Residential
1.00E+12,69,Residential
1.00E+12,63,Residential
1.00E+12,160,Residential
1.00E+12,1,Residential
1.00E+12,72,Residential
1.00E+12,68,Residential
1.00E+12,86,Residential
1.00E+12,50,Residential
1.00E+12,81,Residential
1.00E+12,83,Residential
1.00E+12,78,Residential
1.00E+12,77,Residential
1.00E+12,64,Residential
1.00E+12,76,Residential
1.00E+12,6,Residential
1.00E+12,83,Residential
1.00E+12,69,Residential
1.00E+12,54,Residential
1.00E+12,388,Residential
1.00E+12,82,Residential
1.00E+12,89,Residential
1.00E+12,58,Residential
1.00E+12,83,Residential
1.00E+12,64,Residential
1.00E+12,63,Residential
1.00E+12,84,Residential
1.00E+12,77,Residential
1.00E+12,76,Residential
1.00E+12,101,Residential
1.00E+12,88,Residential
1.00E+12,84,Residential
5.00E+15,8,Residential
1.00E+12,63,Residential
1.00E+12,103,Residential
1.00E+12,68,Residential
1.00E+12,67,Residential
1.00E+12,86,Residential
1.00E+12,63,Residential
1.00E+12,89,Residential
5.00E+15,11,Residential
1.00E+12,76,Residential
1.00E+12,28,Residential
5.00E+15,16,Residential
1.00E+12,53,Residential
1.00E+12,70,Residential
1.00E+12,86,Residential
1.00E+12,80,Residential
1.00E+12,85,Residential
1.00E+12,60,Residential
1.00E+12,66,Residential
1.00E+12,70,Residential
1.00E+12,81,Residential
1.00E+12,78,Residential
1.00E+12,65,Residential
1.00E+12,56,Residential
1.00E+12,71,Residential
1.00E+12,84,Residential
1.00E+12,85,Residential
1.00E+12,62,Residential
1.00E+12,83,Residential
1.00E+12,67,Residential
1.00E+12,71,Residential
1.00E+12,97,Residential
1.00E+12,66,Residential
1.00E+12,105,Residential
1.00E+12,84,Residential
1.00E+12,72,Residential
1.00E+12,72,Residential
1.00E+12,94,Residential
1.00E+12,76,Residential
1.00E+12,84,Residential
1.00E+12,55,Residential
1.00E+12,61,Residential
1.00E+12,96,Residential
1.00E+12,80,Residential
1.00E+12,65,Residential
1.00E+12,72,Residential
1.00E+12,60,Residential
1.00E+12,83,Residential
1.00E+12,76,Residential
1.00E+12,79,Residential
1.00E+12,87,Residential
1.00E+12,79,Residential
1.00E+12,69,Residential
1.00E+12,4,Residential
1.00E+12,81,Residential
1.00E+12,76,Residential
1.00E+12,94,Residential
1.00E+12,74,Residential
1.00E+12,77,Residential
1.00E+12,80,Residential
1.00E+12,79,Residential
1.00E+12,53,Residential
1.00E+12,85,Residential
1.00E+12,88,Residential
1.00E+12,85,Residential
1.00E+12,74,Residential
1.00E+12,53,Residential
1.00E+12,50,Residential
1.00E+12,78,Residential
1.00E+12,77,Residential
1.00E+12,78,Residential
1.00E+12,17,Residential
1.00E+12,84,Residential
1.00E+12,84,Residential
1.00E+12,12,Residential
1.00E+12,106,Residential
1.00E+12,64,Residential
1.00E+12,83,Residential
1.00E+12,66,Residential
1.00E+12,207,Residential
1.00E+12,65,Residential
1.00E+12,66,Residential
1.00E+12,76,Residential
1.00E+12,89,Residential
1.00E+12,20,Residential
1.00E+12,86,Residential
1.00E+12,77,Residential
1.00E+12,84,Residential
1.00E+12,55,Residential
1.00E+12,84,Residential
1.00E+12,66,Residential
1.00E+12,32,Residential
1.00E+12,82,Residential
1.00E+12,60,Residential
1.00E+12,113,Residential
1.00E+12,81,Residential
1.00E+12,55,Residential
1.00E+12,64,Residential
1.00E+12,72,Residential
1.00E+12,86,Residential
1.00E+12,61,Residential
1.00E+12,80,Residential
1.00E+12,89,Residential
1.00E+12,68,Residential
1.00E+12,67,Residential
1.00E+12,73,Residential
1.00E+12,93,Residential
1.00E+12,81,Residential
1.00E+12,85,Residential
1.00E+12,82,Residential
1.00E+12,83,Residential
1.00E+12,83,Residential
1.00E+12,73,Residential
1.00E+12,84,Residential
1.00E+12,82,Residential
1.00E+12,71,Residential
1.00E+12,64,Residential
1.00E+12,58,Residential
1.00E+12,84,Residential
1.00E+12,82,Residential
1.00E+12,80,Residential
1.00E+12,66,Residential
1.00E+12,87,Residential
1.00E+12,94,Residential
1.00E+12,87,Residential
5.00E+15,10,Residential
1.00E+12,109,Residential
1.00E+12,85,Residential
1.00E+12,86,Residential
5.00E+15,6,Residential
1.00E+12,68,Residential
1.00E+12,63,Residential
1.00E+12,57,Residential
1.00E+12,69,Residential
1.00E+12,86,Residential
1.00E+12,84,Residential
1.00E+12,60,Residential
1.00E+12,101,Residential
1.00E+12,75,Residential
1.00E+12,84,Residential
1.00E+12,76,Residential
1.00E+12,70,Residential
5.00E+15,13,Residential
1.00E+12,86,Residential
1.00E+12,90,Residential
1.00E+12,68,Residential
1.00E+12,65,Residential
1.00E+12,87,Residential
1.00E+12,59,Residential
1.00E+12,94,Residential
1.00E+12,5,Residential
5.00E+15,17,Residential
1.00E+12,74,Residential
1.00E+12,58,Residential
1.00E+12,75,Residential
1.00E+12,33,Residential
1.00E+12,64,Residential
1.00E+12,18,Residential
1.00E+12,81,Residential
1.00E+12,85,Residential
1.00E+12,77,Residential
1.00E+12,60,Residential
1.00E+12,53,Residential
1.00E+12,80,Residential
1.00E+12,83,Residential
1.00E+12,64,Residential
1.00E+12,86,Residential
1.00E+12,57,Residential
1.00E+12,71,Residential
1.00E+12,69,Residential
1.00E+12,86,Residential
1.00E+12,92,Residential
1.00E+12,89,Residential
1.00E+12,84,Residential
1.00E+12,80,Residential
1.00E+12,72,Residential
1.00E+12,82,Residential
1.00E+12,14,Residential
1.00E+12,97,Residential
1.00E+12,75,Residential
1.00E+12,81,Residential
1.00E+12,88,Residential
1.00E+12,95,Residential
1.00E+12,88,Residential
1.00E+12,88,Residential
1.00E+12,67,Residential
1.00E+12,88,Residential
1.00E+12,70,Residential
1.00E+12,76,Residential
1.00E+12,77,Residential
1.00E+12,52,Residential
1.00E+12,79,Residential
1.00E+12,115,Residential
1.00E+12,71,Residential
1.00E+12,3,Residential
1.00E+12,75,Residential
1.00E+12,80,Residential
1.00E+12,80,Residential
1.00E+12,85,Residential
1.00E+12,71,Residential
1.00E+12,87,Residential
1.00E+12,98,Residential
1.00E+12,121,Residential
1.00E+12,61,Residential
1.00E+12,67,Residential
1.00E+12,70,Residential
1.00E+12,119,Residential
1.00E+12,83,Residential
1.00E+12,65,Residential
1.00E+12,96,Residential
1.00E+12,66,Residential
1.00E+12,63,Residential
1.00E+12,68,Residential
1.00E+12,69,Residential
1.00E+12,84,Residential
1.00E+12,71,Residential
1.00E+12,85,Residential
1.00E+12,77,Residential
1.00E+12,54,Residential
1.00E+12,69,Residential
1.00E+12,85,Residential
1.00E+12,85,Residential
1.00E+12,67,Residential
1.00E+12,55,Residential
1.00E+12,62,Residential
1.00E+12,62,Residential
1.00E+12,86,Residential
1.00E+12,74,Residential
1.00E+12,82,Residential
1.00E+12,84,Residential
1.00E+12,66,Residential
1.00E+12,93,Residential
1.00E+12,117,Residential
1.00E+12,100,Residential
1.00E+12,85,Residential
1.00E+12,75,Residential
1.00E+12,77,Residential
1.00E+12,84,Residential
1.00E+12,86,Residential
1.00E+12,95,Residential
1.00E+12,84,Residential
1.00E+12,73,Residential
1.00E+12,61,Residential
1.00E+12,63,Residential
1.00E+12,88,Residential
1.00E+12,80,Residential
1.00E+12,82,Residential
1.00E+12,80,Residential
1.00E+12,80,Residential
1.00E+12,88,Residential
1.00E+12,84,Residential
1.00E+12,79,Residential
1.00E+12,67,Residential
1.00E+12,79,Residential
1.00E+12,85,Residential
1.00E+12,69,Residential
1.00E+12,101,Residential
5.00E+15,15,Residential
1.00E+12,10,Residential
1.00E+12,98,Residential
5.00E+15,14,Residential
1.00E+12,82,Residential
1.00E+12,68,Residential
1.00E+12,63,Residential
1.00E+12,85,Residential
1.00E+12,87,Residential
1.00E+12,16,Residential
1.00E+12,86,Residential
1.00E+12,69,Residential
1.00E+12,70,Residential
1.00E+12,84,Residential
1.00E+12,87,Residential
1.00E+12,85,Residential
1.00E+12,87,Residential
1.00E+12,85,Residential
1.00E+12,56,Residential
1.00E+12,87,Residential
1.00E+12,92,Residential
1.00E+12,92,Residential
1.00E+12,74,Residential
1.00E+12,68,Residential
1.00E+12,45,Residential
1.00E+12,87,Residential
1.00E+12,69,Residential
1.00E+12,62,Residential
1.00E+12,88,Residential
1.00E+12,88,Residential
5.00E+15,13,Residential
1.00E+12,84,Residential
1.00E+12,66,Residential
1.00E+12,80,Residential
1.00E+12,46,Residential
1.00E+12,87,Residential
1.00E+12,88,Residential
1.00E+12,65,Residential
1.00E+12,59,Residential
5.00E+15,12,Residential
1.00E+12,85,Residential
1.00E+12,63,Residential
1.00E+12,62,Residential
1.00E+12,64,Residential
1.00E+12,67,Residential
1.00E+12,69,Residential
1.00E+12,83,Residential
1.00E+12,49,Residential
1.00E+12,81,Residential
1.00E+12,56,Residential
5.00E+15,3,Residential
1.00E+12,88,Residential
1.00E+12,78,Residential
1.00E+12,89,Residential
1.00E+12,82,Residential
1.00E+12,58,Residential
1.00E+12,19,Residential
1.00E+12,84,Residential
1.00E+12,36,Residential
1.00E+12,159,Residential
1.00E+12,60,Residential
1.00E+12,84,Residential
1.00E+12,140,Residential
1.00E+12,78,Residential
5.00E+15,35,Residential
1.00E+12,59,Residential
1.00E+12,60,Residential
1.00E+12,86,Residential
1.00E+12,39,Residential
1.00E+12,12,Residential
1.00E+12,86,Residential
1.00E+12,70,Residential
1.00E+12,105,Residential
1.00E+12,1,Residential
1.00E+12,53,Residential
1.00E+12,73,Residential
1.00E+12,58,Residential
1.00E+12,78,Residential
1.00E+12,102,Residential
1.00E+12,162,Residential
1.00E+12,85,Residential
1.00E+12,75,Residential
1.00E+12,65,Residential
1.00E+12,87,Residential
1.00E+12,66,Residential
5.00E+15,15,Residential
1.00E+12,86,Residential
1.00E+12,58,Residential
1.00E+12,46,Residential
1.00E+12,62,Residential
1.00E+12,87,Residential
1.00E+12,56,Residential
1.00E+12,15,Residential
1.00E+12,65,Residential
1.00E+12,83,Residential
1.00E+12,87,Residential
1.00E+12,83,Residential
1.00E+12,66,Residential
1.00E+12,61,Residential
1.00E+12,60,Residential
1.00E+12,78,Residential
1.00E+12,24,Residential
1.00E+12,71,Residential
1.00E+12,84,Residential
1.00E+12,94,Residential
1.00E+12,62,Residential
1.00E+12,60,Residential
1.00E+12,70,Residential
1.00E+12,75,Residential
1.00E+12,74,Residential
1.00E+12,87,Residential
1.00E+12,55,Residential
1.00E+12,82,Residential
1.00E+12,98,Residential
1.00E+12,66,Residential
1.00E+12,80,Residential
1.00E+12,76,Residential
1.00E+12,40,Residential
1.00E+12,55,Residential
1.00E+12,56,Residential
1.00E+12,58,Residential
5.00E+15,4,Residential
1.00E+12,66,Residential
1.00E+12,83,Residential
1.00E+12,81,Residential
5.00E+15,11,Residential
1.00E+12,78,Residential
1.00E+12,138,Residential
1.00E+12,86,Residential
1.00E+12,87,Residential
1.00E+12,73,Residential
1.00E+12,85,Residential
1.00E+12,88,Residential
1.00E+12,9,Residential
1.00E+12,89,Residential
1.00E+12,62,Residential
5.00E+15,19,Residential
1.00E+12,67,Residential
1.00E+12,57,Residential
1.00E+12,84,Residential
1.00E+12,67,Residential
1.00E+12,74,Residential
5.00E+15,4,Residential
1.00E+12,94,Residential
1.00E+12,82,Residential
1.00E+12,4,Residential
1.00E+12,82,Residential
1.00E+12,71,Residential
1.00E+12,1,Residential
5.00E+15,16,Residential
1.00E+12,64,Residential
1.00E+12,43,Residential
1.00E+12,62,Residential
1.00E+12,75,Residential
1.00E+12,83,Residential
1.00E+12,65,Residential
1.00E+12,60,Residential
1.00E+12,69,Residential
1.00E+12,95,Residential
1.00E+12,52,Residential
1.00E+12,32,Residential
1.00E+12,86,Residential
1.00E+12,86,Residential
1.00E+12,68,Residential
5.00E+15,11,Residential
1.00E+12,74,Residential
1.00E+12,71,Residential
1.00E+12,84,Residential
1.00E+12,75,Residential
5.00E+15,28,Residential
1.00E+12,70,Residential
1.00E+12,90,Residential
1.00E+12,89,Residential
1.00E+12,366,Residential
1.00E+12,97,Residential
1.00E+12,72,Residential
1.00E+12,85,Residential
1.00E+12,86,Residential
1.00E+12,75,Residential
1.00E+12,86,Residential
1.00E+12,92,Residential
1.00E+12,71,Residential
1.00E+12,83,Residential
1.00E+12,84,Residential
1.00E+12,92,Residential
1.00E+12,64,Residential
1.00E+12,67,Residential
1.00E+12,83,Residential
1.00E+12,76,Residential
1.00E+12,101,Residential
1.00E+12,56,Residential
1.00E+12,91,Residential
1.00E+12,66,Residential
1.00E+12,63,Residential
1.00E+12,83,Residential
1.00E+12,73,Residential
1.00E+12,75,Residential
1.00E+12,64,Residential
5.00E+15,7,Residential
1.00E+12,45,Residential
1.00E+12,86,Residential
1.00E+12,49,Residential
1.00E+12,83,Residential
1.00E+12,87,Residential
1.00E+12,208,Residential
1.00E+12,72,Residential
1.00E+12,86,Residential
1.00E+12,78,Residential
1.00E+12,84,Residential
1.00E+12,52,Residential
1.00E+12,64,Residential
1.00E+12,11,Residential
1.00E+12,89,Residential
1.00E+12,85,Residential
1.00E+12,61,Residential
1.00E+12,74,Residential
1.00E+12,83,Residential
1.00E+12,63,Residential
1.00E+12,53,Residential
1.00E+12,35,Residential
1.00E+12,86,Residential
1.00E+12,82,Residential
1.00E+12,83,Residential
1.00E+12,81,Residential
1.00E+12,85,Residential
1.00E+12,104,Residential
1.00E+12,89,Residential
5.00E+15,31,Residential
1.00E+12,88,Residential
1.00E+12,66,Residential
1.00E+12,73,Residential
1.00E+12,70,Residential
1.00E+12,76,Residential
1.00E+12,85,Residential
1.00E+12,67,Residential
1.00E+12,83,Residential
1.00E+12,81,Residential
1.00E+12,83,Residential
1.00E+12,75,Residential
1.00E+12,90,Residential
1.00E+12,83,Residential
1.00E+12,81,Residential
1.00E+12,70,Residential
1.00E+12,56,Residential
1.00E+12,76,Residential
1.00E+12,78,Residential
1.00E+12,86,Residential
1.00E+12,101,Residential
1.00E+12,44,Residential
1.00E+12,79,Residential
1.00E+12,55,Residential
1.00E+12,52,Residential
1.00E+12,82,Residential
1.00E+12,92,Residential
1.00E+12,38,Residential
1.00E+12,79,Residential
1.00E+12,79,Residential
1.00E+15,21,Residential
1.00E+12,54,Residential
1.00E+12,24,Residential
1.00E+12,81,Residential
1.00E+12,58,Residential
1.00E+12,4,Residential
5.00E+15,11,Residential
1.00E+12,60,Residential
1.00E+12,47,Residential
1.00E+12,59,Residential
1.00E+12,85,Residential
1.00E+12,80,Residential
1.00E+12,54,Residential
1.00E+12,84,Residential
1.00E+12,90,Residential
1.00E+12,64,Residential
1.00E+12,82,Residential
1.00E+12,45,Residential
1.00E+12,56,Residential
1.00E+12,86,Residential
1.00E+12,81,Residential
1.00E+12,83,Residential
1.00E+12,58,Residential
1.00E+12,75,Residential
1.00E+12,72,Residential
1.00E+12,11,Residential
1.00E+12,80,Residential
1.00E+12,87,Residential
1.00E+12,88,Residential
1.00E+12,97,Residential
1.00E+12,77,Residential
1.00E+12,71,Residential
1.00E+12,60,Residential
1.00E+12,67,Residential
5.00E+15,9,Residential
1.00E+12,114,Residential
1.00E+12,63,Residential
1.00E+12,80,Residential
1.00E+12,75,Residential
1.00E+12,89,Residential
1.00E+12,56,Residential
1.00E+12,70,Residential
5.00E+15,28,Residential
1.00E+12,81,Residential
1.00E+12,54,Residential
1.00E+12,60,Residential
1.00E+12,82,Residential
1.00E+12,83,Residential
1.00E+12,86,Residential
1.00E+12,65,Residential
1.00E+12,83,Residential
1.00E+12,72,Residential
1.00E+12,22,Residential
1.00E+12,59,Residential
1.00E+12,71,Residential
1.00E+12,134,Residential
1.00E+12,80,Residential
1.00E+12,89,Residential
1.00E+12,76,Residential
1.00E+12,82,Residential
1.00E+12,88,Residential
1.00E+12,73,Residential
1.00E+12,84,Residential
1.00E+12,88,Residential
1.00E+12,77,Residential
1.00E+12,86,Residential
1.00E+12,87,Residential
1.00E+12,69,Residential
1.00E+12,54,Residential
1.00E+12,66,Residential
1.00E+12,76,Residential
1.00E+12,87,Residential
1.00E+12,65,Residential
1.00E+12,66,Residential
1.00E+12,78,Residential
1.00E+12,150,Residential
1.00E+12,191,Residential
1.00E+12,100,Residential
1.00E+12,79,Residential
1.00E+12,53,Residential
1.00E+12,88,Residential
1.00E+12,88,Residential
1.00E+12,59,Residential
1.00E+12,85,Residential
1.00E+12,87,Residential
1.00E+12,83,Residential
1.00E+12,38,Residential
1.00E+12,90,Residential
1.00E+12,69,Residential
1.00E+12,61,Residential
1.00E+12,89,Residential
1.00E+12,67,Residential
1.00E+12,88,Residential
1.00E+12,73,Residential
1.00E+12,4,Residential
1.00E+12,78,Residential
1.00E+12,80,Residential
1.00E+12,86,Residential
1.00E+12,79,Residential
1.00E+12,84,Residential
1.00E+12,138,Residential
1.00E+12,127,Residential
1.00E+12,89,Residential
1.00E+12,63,Residential
1.00E+12,64,Residential
1.00E+12,83,Residential
1.00E+12,79,Residential
1.00E+12,85,Residential
1.00E+12,8,Residential
1.00E+12,83,Residential
1.00E+12,27,Residential
1.00E+12,53,Residential
1.00E+12,83,Residential
1.00E+12,57,Residential
1.00E+12,82,Residential
1.00E+12,83,Residential
1.00E+12,81,Residential
1.00E+12,78,Residential
5.00E+15,11,Residential
1.00E+12,71,Residential
1.00E+12,82,Residential
1.00E+12,86,Residential
1.00E+12,66,Residential
1.00E+12,41,Residential
1.00E+12,82,Residential
1.00E+12,82,Residential
1.00E+12,97,Residential
1.00E+12,88,Residential
1.00E+12,66,Residential
1.00E+12,79,Residential
1.00E+12,94,Residential
1.00E+12,9,Residential
1.00E+12,62,Residential
1.00E+12,146,Residential
1.00E+12,62,Residential
5.00E+15,8,Residential
1.00E+12,74,Residential
1.00E+12,79,Residential
1.00E+12,64,Residential
1.00E+12,50,Residential
1.00E+12,84,Residential
1.00E+12,81,Residential
1.00E+12,84,Residential
1.00E+12,88,Residential
1.00E+12,69,Residential
1.00E+12,86,Residential
1.00E+12,86,Residential
1.00E+12,93,Residential
1.00E+12,59,Residential
1.00E+12,87,Residential
1.00E+12,89,Residential
1.00E+12,65,Residential
1.00E+12,67,Residential
1.00E+12,71,Residential
1.00E+12,47,Residential
1.00E+12,65,Residential
1.00E+12,81,Residential
1.00E+12,80,Residential
1.00E+12,134,Residential
1.00E+12,85,Residential
1.00E+12,73,Residential
1.00E+12,63,Residential
1.00E+12,75,Residential
1.00E+12,86,Residential
1.00E+12,87,Residential
5.00E+15,6,Residential
1.00E+12,25,Residential
1.00E+12,27,Residential
1.00E+12,83,Residential
1.00E+12,71,Residential
1.00E+12,55,Residential
1.00E+12,83,Residential
1.00E+12,75,Residential
1.00E+12,59,Residential
1.00E+12,106,Residential
1.00E+12,75,Residential
1.00E+12,73,Residential
1.00E+12,25,Residential
1.00E+12,10,Residential
1.00E+12,226,Residential
1.00E+12,85,Residential
1.00E+12,62,Residential
1.00E+12,64,Residential
1.00E+12,72,Residential
1.00E+12,69,Residential
1.00E+12,71,Residential
1.00E+12,18,Residential
1.00E+12,68,Residential
1.00E+12,187,Residential
1.00E+15,3,Residential
1.00E+12,66,Residential
1.00E+12,87,Residential
1.00E+12,87,Residential
1.00E+12,72,Residential
5.00E+15,15,Residential
1.00E+12,62,Residential
1.00E+12,88,Residential
1.00E+12,88,Residential
1.00E+12,82,Residential
1.00E+12,52,Residential
1.00E+12,102,Residential
1.00E+12,80,Residential
1.00E+12,89,Residential
1.00E+12,77,Residential
1.00E+12,71,Residential
1.00E+12,63,Residential
1.00E+12,62,Residential
1.00E+12,83,Residential
1.00E+12,85,Residential
1.00E+12,84,Residential
1.00E+12,66,Residential
1.00E+12,74,Residential
1.00E+12,88,Residential
1.00E+12,81,Residential
1.00E+12,63,Residential
5.00E+15,12,Residential
1.00E+12,64,Residential
1.00E+12,86,Residential
1.00E+12,83,Residential
1.00E+12,62,Residential
1.00E+12,66,Residential
1.00E+12,90,Residential
1.00E+12,69,Residential
5.00E+15,18,Residential
5.00E+15,28,Residential
1.00E+12,84,Residential
1.00E+12,12,Residential
1.00E+12,69,Residential
5.00E+15,8,Residential
1.00E+12,78,Residential
1.00E+12,129,Residential
1.00E+12,90,Residential
1.00E+12,66,Residential
1.00E+12,6,Residential
1.00E+12,84,Residential
1.00E+12,56,Residential
1.00E+12,54,Residential
1.00E+12,67,Residential
1.00E+12,78,Residential
1.00E+12,84,Residential
1.00E+12,97,Residential
1.00E+12,65,Residential
1.00E+12,86,Residential
1.00E+12,65,Residential
1.00E+12,82,Residential
1.00E+12,82,Residential
1.00E+12,87,Residential
1.00E+12,53,Residential
1.00E+12,78,Residential
1.00E+12,69,Residential
1.00E+12,69,Residential
1.00E+12,63,Residential
1.00E+12,49,Residential
1.00E+12,84,Residential
1.00E+12,101,Residential
1.00E+12,84,Residential
1.00E+12,86,Residential
1.00E+12,86,Residential
1.00E+12,85,Residential
1.00E+12,86,Residential
1.00E+12,64,Residential
1.00E+12,73,Residential
5.00E+15,13,Residential
1.00E+12,85,Residential
1.00E+12,21,Residential
1.00E+12,75,Residential
1.00E+12,70,Residential
1.00E+12,86,Residential
1.00E+12,56,Residential
5.00E+15,13,Residential
1.00E+12,57,Residential
1.00E+12,77,Residential
1.00E+12,83,Residential
1.00E+12,80,Residential
1.00E+12,71,Residential
1.00E+12,18,Residential
1.00E+12,94,Residential
1.00E+12,70,Residential
1.00E+12,59,Residential
1.00E+12,28,Residential
1.00E+12,81,Residential
1.00E+12,81,Residential
1.00E+12,85,Residential
1.00E+12,85,Residential
1.00E+12,992,Residential
1.00E+12,90,Residential
1.00E+12,82,Residential
1.00E+12,2,Residential
1.00E+12,73,Residential
1.00E+12,80,Residential
1.00E+12,64,Residential
5.00E+15,18,Residential
1.00E+12,65,Residential
1.00E+12,94,Residential
1.00E+12,66,Residential
1.00E+12,39,Residential
1.00E+12,70,Residential
1.00E+12,57,Residential
1.00E+12,81,Residential
1.00E+12,71,Residential
1.00E+12,83,Residential
1.00E+12,76,Residential
1.00E+12,78,Residential
1.00E+12,81,Residential
1.00E+12,84,Residential
1.00E+12,86,Residential
1.00E+12,85,Residential
1.00E+12,84,Residential
1.00E+12,49,Residential
1.00E+12,82,Residential
1.00E+12,86,Residential
1.00E+12,73,Residential
1.00E+12,9,Residential
1.00E+12,496,Residential
1.00E+12,59,Residential
1.00E+12,84,Residential
1.00E+12,66,Residential
1.00E+12,63,Residential
1.00E+12,55,Residential
1.00E+12,69,Residential
1.00E+12,59,Residential
1.00E+12,84,Residential
1.00E+12,82,Residential
1.00E+12,67,Residential
1.00E+12,83,Residential
1.00E+12,83,Residential
1.00E+12,88,Residential
1.00E+12,53,Residential
1.00E+12,85,Residential
1.00E+12,69,Residential
1.00E+12,82,Residential
1.00E+12,86,Residential
1.00E+12,68,Residential
1.00E+12,60,Residential
1.00E+12,79,Residential
1.00E+12,87,Residential
1.00E+12,56,Residential
1.00E+12,81,Residential
1.00E+12,84,Residential
1.00E+12,69,Residential
1.00E+12,82,Residential
1.00E+12,65,Residential
1.00E+12,86,Residential
1.00E+12,5,Residential
1.00E+12,79,Residential
1.00E+12,116,Residential
1.00E+12,51,Residential
1.00E+12,80,Residential
1.00E+12,84,Residential
1.00E+12,83,Residential
1.00E+12,66,Residential
5.00E+15,13,Residential
1.00E+12,88,Residential
1.00E+12,128,Residential
1.00E+12,74,Residential
1.00E+12,25,Residential
1.00E+12,80,Residential
1.00E+12,90,Residential
1.00E+12,210,Residential
1.00E+12,80,Residential
1.00E+12,86,Residential
1.00E+12,71,Residential
1.00E+12,98,Residential
1.00E+12,80,Residential
1.00E+12,72,Residential
1.00E+12,81,Residential
1.00E+12,85,Residential
1.00E+12,91,Residential
1.00E+12,94,Residential
1.00E+12,70,Residential
1.00E+12,53,Residential
1.00E+12,88,Residential
1.00E+12,67,Residential
1.00E+12,80,Residential
1.00E+12,79,Residential
1.00E+12,78,Residential
1.00E+12,57,Residential
1.00E+12,82,Residential
1.00E+12,85,Residential
1.00E+12,86,Residential
1.00E+12,90,Residential
1.00E+12,88,Residential
1.00E+12,121,Residential
1.00E+12,80,Residential
1.00E+12,35,Residential
1.00E+12,170,Residential
5.00E+15,15,Residential
1.00E+12,93,Residential
1.00E+12,96,Residential
5.00E+15,11,Residential
1.00E+12,68,Residential
1.00E+12,87,Residential
1.00E+12,83,Residential
1.00E+12,78,Residential
1.00E+12,73,Residential
1.00E+12,65,Residential
1.00E+12,74,Residential
1.00E+12,79,Residential
1.00E+12,74,Residential
1.00E+12,74,Residential
1.00E+12,9,Residential
1.00E+12,63,Residential
5.00E+15,8,Residential
1.00E+12,83,Residential
1.00E+12,80,Residential
1.00E+12,95,Residential
1.00E+12,82,Residential
1.00E+12,80,Residential
1.00E+12,97,Residential
1.00E+12,54,Residential
5.00E+15,13,Residential
1.00E+12,78,Residential
1.00E+12,83,Residential
1.00E+12,80,Residential
1.00E+12,74,Residential
1.00E+12,92,Residential
1.00E+12,74,Residential
1.00E+12,71,Residential
1.00E+12,75,Residential
1.00E+12,73,Residential
1.00E+12,87,Residential
1.00E+12,98,Residential
1.00E+12,65,Residential
1.00E+12,87,Residential
5.00E+15,15,Residential
1.00E+12,82,Residential
1.00E+12,86,Residential
1.00E+12,93,Residential
1.00E+12,48,Residential
1.00E+12,71,Residential
1.00E+12,73,Residential
1.00E+12,97,Residential
1.00E+12,76,Residential
1.00E+12,76,Residential
1.00E+12,59,Residential
1.00E+12,74,Residential
1.00E+12,75,Residential
5.00E+15,14,Residential
1.00E+12,75,Residential
1.00E+12,88,Residential
1.00E+12,69,Residential
1.00E+12,77,Residential
1.00E+12,74,Residential
1.00E+12,36,Residential
1.00E+12,85,Residential
1.00E+12,79,Residential
1.00E+12,57,Residential
1.00E+12,19,Residential
1.00E+12,86,Residential
1.00E+12,79,Residential
1.00E+12,76,Residential
1.00E+12,91,Residential
1.00E+12,68,Residential
5.00E+15,4,Residential
1.00E+12,96,Residential
1.00E+12,81,Residential
1.00E+12,93,Residential
1.00E+12,15,Residential
1.00E+12,85,Residential
1.00E+12,80,Residential
1.00E+12,88,Residential
1.00E+12,83,Residential
1.00E+12,87,Residential
1.00E+12,55,Residential
1.00E+12,80,Residential
1.00E+12,88,Residential
1.00E+12,81,Residential
5.00E+15,34,Residential
1.00E+12,60,Residential
1.00E+12,29,Residential
1.00E+12,85,Residential
1.00E+12,86,Residential
1.00E+12,78,Residential
1.00E+12,66,Residential
1.00E+12,31,Residential
1.00E+12,74,Residential
1.00E+12,65,Residential
1.00E+12,56,Residential
1.00E+12,83,Residential
1.00E+12,84,Residential
1.00E+12,81,Residential
1.00E+12,74,Residential
1.00E+12,73,Residential
1.00E+12,79,Residential
1.00E+12,81,Residential
1.00E+12,68,Residential
1.00E+12,83,Residential
1.00E+12,74,Residential
1.00E+12,64,Residential
1.00E+12,80,Residential
1.00E+12,82,Residential
5.00E+15,19,Residential
1.00E+12,82,Residential
1.00E+12,88,Residential
1.00E+12,85,Residential
1.00E+12,68,Residential
1.00E+12,56,Residential
1.00E+12,85,Residential
1.00E+12,58,Residential
1.00E+12,87,Residential
1.00E+12,82,Residential
1.00E+12,87,Residential
1.00E+12,72,Residential
1.00E+12,83,Residential
1.00E+12,82,Residential
1.00E+12,85,Residential
1.00E+12,85,Residential
1.00E+12,81,Residential
1.00E+12,70,Residential
1.00E+12,62,Residential
1.00E+12,84,Residential
1.00E+12,81,Residential
5.00E+15,47,Residential
1.00E+12,76,Residential
1.00E+12,50,Residential
1.00E+12,50,Residential
1.00E+12,48,Residential
1.00E+12,45,Residential
1.00E+12,64,Residential
1.00E+12,49,Residential
1.00E+12,61,Residential
1.00E+12,115,Residential
1.00E+12,72,Residential
1.00E+12,52,Residential
1.00E+12,55,Residential
1.00E+12,56,Residential
1.00E+12,72,Residential
5.00E+15,28,Residential
1.00E+12,45,Residential
1.00E+12,16,Residential
1.00E+12,50,Residential
1.00E+12,48,Residential
1.00E+12,202,Residential
1.00E+12,45,Residential
1.00E+12,8,Residential
1.00E+12,5,Residential
1.00E+12,49,Residential
1.00E+12,53,Residential
1.00E+12,65,Residential
1.00E+12,19,Residential
1.00E+12,52,Residential
1.00E+12,47,Residential
1.00E+12,67,Residential
1.00E+12,50,Residential
1.00E+12,59,Residential
1.00E+12,45,Residential
1.00E+12,47,Residential
1.00E+12,82,Residential
1.00E+12,68,Residential
1.00E+12,64,Residential
1.00E+12,45,Residential
1.00E+12,51,Residential
1.00E+12,68,Residential
1.00E+12,52,Residential
1.00E+12,191,Residential
1.00E+12,57,Residential
1.00E+12,87,Residential
1.00E+12,26,Residential
1.00E+12,76,Residential
1.00E+12,6,Residential
1.00E+12,45,Residential
1.00E+12,49,Residential
1.00E+12,46,Residential
1.00E+12,48,Residential
1.00E+12,48,Residential
1.00E+12,7,Residential
1.00E+12,90,Residential
1.00E+12,64,Residential
1.00E+12,49,Residential
1.00E+12,89,Residential
1.00E+12,49,Residential
1.00E+12,49,Residential
1.00E+12,51,Residential
1.00E+12,64,Residential
1.00E+12,4,Residential
1.00E+12,63,Residential
1.00E+12,50,Residential
1.00E+12,66,Residential
1.00E+12,48,Residential
1.00E+12,47,Residential
1.00E+12,49,Residential
1.00E+12,43,Residential
1.00E+12,51,Residential
1.00E+12,56,Residential
1.00E+12,52,Residential
1.00E+12,55,Residential
1.00E+12,66,Residential
1.00E+12,48,Residential
1.00E+12,50,Residential
1.00E+12,7,Residential
1.00E+12,66,Residential
1.00E+12,68,Residential
1.00E+12,47,Residential
1.00E+12,52,Residential
1.00E+12,41,Residential
1.00E+12,51,Residential
1.00E+12,14,Residential
1.00E+12,65,Residential
1.00E+12,66,Residential
1.00E+12,45,Residential
1.00E+12,47,Residential
1.00E+12,53,Residential
1.00E+12,4,Residential
1.00E+12,7,Residential
1.00E+12,48,Residential
1.00E+12,52,Residential
1.00E+12,52,Residential
1.00E+12,48,Residential
1.00E+12,67,Residential
1.00E+12,6,Residential
1.00E+12,68,Residential
1.00E+12,56,Residential
1.00E+12,45,Residential
1.00E+12,50,Residential
1.00E+12,51,Residential
1.00E+12,46,Residential
1.00E+12,66,Residential
1.00E+12,57,Residential
1.00E+12,51,Residential
1.00E+12,47,Residential
1.00E+12,49,Residential
1.00E+12,51,Residential
1.00E+12,48,Residential
1.00E+12,61,Residential
1.00E+12,69,Residential
5.00E+15,19,Residential
1.00E+12,50,Residential
1.00E+12,48,Residential
1.00E+12,66,Residential
1.00E+12,67,Residential
1.00E+12,64,Residential
5.00E+15,48,Residential
1.00E+12,876,Residential
1.00E+12,63,Residential
1.00E+12,46,Residential
1.00E+12,45,Residential
1.00E+12,47,Residential
1.00E+12,56,Residential
1.00E+12,63,Residential
1.00E+12,43,Residential
1.00E+12,49,Residential
1.00E+12,49,Residential
1.00E+12,62,Residential
1.00E+12,45,Residential
1.00E+12,64,Residential
1.00E+12,46,Residential
1.00E+12,70,Residential
1.00E+12,44,Residential
1.00E+12,1,Residential
1.00E+12,48,Residential
1.00E+12,5,Residential
1.00E+12,51,Residential
1.00E+12,59,Residential
1.00E+12,55,Residential
1.00E+12,5,Residential
1.00E+12,59,Residential
1.00E+12,67,Residential
1.00E+12,73,Residential
1.00E+12,52,Residential
1.00E+12,51,Residential
1.00E+12,50,Residential
1.00E+12,5,Residential
1.00E+15,39,Residential
1.00E+12,49,Residential
1.00E+12,65,Residential
1.00E+12,66,Residential
5.00E+15,48,Residential
1.00E+12,46,Residential
1.00E+12,47,Residential
1.00E+12,55,Residential
1.00E+12,47,Residential
1.00E+12,50,Residential
1.00E+12,51,Residential
1.00E+12,18,Residential
1.00E+12,45,Residential
1.00E+12,48,Residential
1.00E+12,64,Residential
1.00E+12,49,Residential
1.00E+12,52,Residential
1.00E+12,51,Residential
1.00E+12,53,Residential
1.00E+12,47,Residential
1.00E+12,53,Residential
1.00E+12,46,Residential
1.00E+12,49,Residential
1.00E+12,55,Residential
1.00E+12,54,Residential
1.00E+12,4,Residential
1.00E+12,69,Residential
1.00E+12,46,Residential
1.00E+12,51,Residential
1.00E+15,110,Residential
1.00E+12,65,Residential
1.00E+12,66,Residential
1.00E+12,134,Residential
1.00E+12,47,Residential
1.00E+12,48,Residential
1.00E+12,55,Residential
1.00E+12,62,Residential
1.00E+12,53,Residential
1.00E+12,68,Residential
1.00E+12,66,Residential
1.00E+12,52,Residential
1.00E+12,64,Residential
1.00E+12,4,Residential
1.00E+12,65,Residential
1.00E+12,59,Residential
1.00E+12,46,Residential
5.00E+15,46,Residential
1.00E+12,65,Residential
1.00E+12,48,Residential
1.00E+12,48,Residential
1.00E+12,62,Residential
1.00E+12,75,Residential
1.00E+12,4,Residential
1.00E+12,7,Residential
5.00E+15,47,Residential
1.00E+12,50,Residential
1.00E+12,53,Residential
1.00E+12,156,Residential
1.00E+12,48,Residential
1.00E+12,51,Residential
1.00E+12,49,Residential
1.00E+12,51,Residential
1.00E+12,66,Residential
1.00E+12,66,Residential
1.00E+12,46,Residential
1.00E+12,52,Residential
1.00E+12,47,Residential
1.00E+12,58,Residential
1.00E+12,21,Residential
1.00E+12,47,Residential
1.00E+12,47,Residential
1.00E+12,47,Residential
1.00E+12,46,Residential
1.00E+12,67,Residential
1.00E+12,5,Residential
1.00E+12,47,Residential
1.00E+12,48,Residential
1.00E+12,48,Residential
1.00E+12,56,Residential
1.00E+12,53,Residential
1.00E+12,50,Residential
1.00E+12,64,Residential
1.00E+12,61,Residential
1.00E+12,53,Residential
5.00E+15,19,Residential
1.00E+12,67,Residential
1.00E+12,47,Residential
1.00E+12,48,Residential
1.00E+12,47,Residential
1.00E+12,48,Residential
1.00E+12,53,Residential
1.00E+12,49,Residential
1.00E+12,47,Residential
1.00E+12,65,Residential
1.00E+12,52,Residential
1.00E+12,64,Residential
1.00E+12,50,Residential
1.00E+12,5,Residential
1.00E+12,65,Residential
1.00E+12,64,Residential
1.00E+12,54,Residential
1.00E+12,52,Residential
1.00E+12,46,Residential
1.00E+12,66,Residential
1.00E+12,46,Residential
1.00E+12,142,Residential
1.00E+15,112,Residential
1.00E+12,51,Residential
1.00E+12,48,Residential
1.00E+12,54,Residential
1.00E+12,4,Residential
5.00E+15,4,Residential
1.00E+12,46,Residential
5.00E+15,48,Residential
1.00E+12,68,Residential
1.00E+12,88,Residential
1.00E+12,854,Residential
1.00E+12,56,Residential
1.00E+12,53,Residential
1.00E+12,56,Residential
1.00E+12,52,Residential
1.00E+12,53,Residential
1.00E+12,18,Residential
1.00E+12,73,Residential
1.00E+12,75,Residential
1.00E+12,48,Residential
1.00E+12,48,Residential
1.00E+12,22,Residential
1.00E+12,45,Residential
1.00E+12,46,Residential
1.00E+12,53,Residential
1.00E+12,51,Residential
1.00E+12,51,Residential
1.00E+12,19,Residential
1.00E+12,52,Residential
1.00E+12,45,Residential
1.00E+12,49,Residential
1.00E+12,65,Residential
1.00E+12,19,Residential
5.00E+15,7,Residential
1.00E+12,45,Residential
1.00E+12,56,Residential
1.00E+12,66,Residential
5.00E+15,4,Residential
1.00E+12,48,Residential
1.00E+12,47,Residential
1.00E+12,49,Residential
1.00E+12,45,Residential
1.00E+12,67,Residential
1.00E+12,8,Residential
1.00E+12,48,Residential
1.00E+12,46,Residential
1.00E+12,49,Residential
1.00E+12,47,Residential
1.00E+12,49,Residential
1.00E+12,48,Residential
1.00E+12,65,Residential
1.00E+12,58,Residential
1.00E+12,47,Residential
1.00E+12,49,Residential
1.00E+12,49,Residential
1.00E+12,48,Residential
1.00E+12,50,Residential
1.00E+12,52,Residential
1.00E+12,6,Residential
1.00E+12,3,Residential
5.00E+15,46,Residential
1.00E+12,58,Residential
1.00E+12,52,Residential
1.00E+12,50,Residential
1.00E+12,54,Residential
1.00E+12,51,Residential
1.00E+12,52,Residential
5.00E+15,46,Residential
1.00E+12,67,Residential
1.00E+12,64,Residential
1.00E+12,42,Residential
1.00E+12,70,Residential
1.00E+12,62,Residential
1.00E+12,51,Residential
1.00E+12,51,Residential
1.00E+12,50,Residential
1.00E+12,49,Residential
1.00E+12,43,Residential
1.00E+12,68,Residential
1.00E+12,68,Residential
1.00E+12,19,Residential
1.00E+12,77,Residential
1.00E+12,51,Residential
1.00E+12,67,Residential
1.00E+12,45,Residential
1.00E+12,64,Residential
1.00E+12,65,Residential
1.00E+12,55,Residential
1.00E+12,2,Residential
1.00E+12,66,Residential
1.00E+12,19,Residential
1.00E+12,40,Residential
1.00E+12,68,Residential
1.00E+12,49,Residential
1.00E+12,46,Residential
1.00E+12,50,Residential
1.00E+12,70,Residential
1.00E+12,53,Residential
1.00E+12,65,Residential
1.00E+12,8,Residential
1.00E+12,51,Residential
1.00E+12,49,Residential
1.00E+12,47,Residential
1.00E+12,65,Residential
1.00E+12,65,Residential
1.00E+12,170,Residential
1.00E+12,44,Residential
1.00E+12,46,Residential
1.00E+12,47,Residential
1.00E+12,48,Residential
1.00E+12,46,Residential
1.00E+12,68,Residential
1.00E+12,49,Residential
1.00E+12,55,Residential
1.00E+15,112,Residential
1.00E+12,49,Residential
1.00E+12,19,Residential
1.00E+12,65,Residential
1.00E+12,52,Residential
1.00E+12,53,Residential
1.00E+12,53,Residential
1.00E+12,70,Residential
1.00E+12,50,Residential
1.00E+12,48,Residential
1.00E+12,48,Residential
1.00E+12,67,Residential
1.00E+12,62,Residential
1.00E+12,49,Residential
1.00E+12,50,Residential
1.00E+12,9,Residential
1.00E+12,53,Residential
1.00E+12,51,Residential
1.00E+12,54,Residential
1.00E+12,45,Residential
1.00E+12,47,Residential
1.00E+12,77,Residential
1.00E+12,62,Residential
1.00E+12,152,Residential
1.00E+12,49,Residential
1.00E+12,73,Residential
1.00E+12,46,Residential
1.00E+12,62,Residential
1.00E+12,50,Residential
1.00E+12,55,Residential
1.00E+12,63,Residential
1.00E+12,5,Residential
1.00E+12,47,Residential
1.00E+12,4,Residential
1.00E+12,50,Residential
1.00E+12,49,Residential
1.00E+12,54,Residential
1.00E+12,127,Residential
1.00E+12,68,Residential
1.00E+12,60,Residential
1.00E+12,60,Residential
1.00E+12,53,Residential
1.00E+15,113,Residential
1.00E+12,51,Residential
1.00E+12,3,Residential
1.00E+12,48,Residential
1.00E+12,52,Residential
1.00E+12,89,Residential
1.00E+12,50,Residential
1.00E+12,44,Residential
1.00E+12,48,Residential
1.00E+12,47,Residential
1.00E+12,7,Residential
1.00E+12,52,Residential
1.00E+12,55,Residential
1.00E+12,50,Residential
1.00E+12,64,Residential
1.00E+12,52,Residential
1.00E+12,39,Residential
1.00E+12,52,Residential
1.00E+12,47,Residential
1.00E+12,62,Residential
1.00E+12,74,Residential
1.00E+12,48,Residential
1.00E+12,69,Residential
1.00E+12,54,Residential
1.00E+12,66,Residential
1.00E+12,53,Residential
1.00E+12,45,Residential
1.00E+12,63,Residential
1.00E+12,47,Residential
1.00E+12,52,Residential
5.00E+15,45,Residential
1.00E+12,66,Residential
1.00E+12,65,Residential
1.00E+12,47,Residential
1.00E+12,47,Residential
1.00E+12,50,Residential
1.00E+12,48,Residential
1.00E+12,162,Residential
1.00E+12,80,Residential
1.00E+12,47,Residential
1.00E+12,65,Residential
1.00E+12,48,Residential
1.00E+12,46,Residential
1.00E+12,48,Residential
1.00E+12,17,Residential
1.00E+12,14,Residential
1.00E+12,7,Residential
1.00E+12,437,Residential
1.00E+12,8,Residential
1.00E+12,3,Residential
1.00E+12,7,Residential
1.00E+12,47,Residential
1.00E+12,8,Residential
1.00E+12,49,Residential
1.00E+12,3,Residential
1.00E+12,3,Residential
1.00E+12,6,Residential
1.00E+12,3,Residential
1.00E+12,27,Residential
1.00E+12,15,Residential
1.00E+12,95,Residential
1.00E+12,48,Residential
1.00E+12,41,Residential
1.00E+12,7,Residential
1.00E+12,3,Residential
1.00E+12,7,Residential
1.00E+12,2,Residential
1.00E+12,6,Residential
1.00E+12,9,Residential
1.00E+12,59,Residential
1.00E+12,9,Residential
1.00E+12,42,Residential
1.00E+12,41,Residential
1.00E+12,58,Residential
1.00E+12,14,Residential
1.00E+12,39,Residential
1.00E+12,3,Residential
1.00E+12,47,Residential
1.00E+12,2,Residential
1.00E+12,2,Residential
1.00E+12,50,Residential
1.00E+12,8,Residential
1.00E+12,4,Residential
1.00E+12,4,Residential
1.00E+12,2,Residential
1.00E+12,4,Residential
1.00E+12,7,Residential
1.00E+12,55,Residential
1.00E+12,223,Residential
1.00E+12,2,Residential
1.00E+12,3,Residential
1.00E+12,50,Residential
1.00E+12,4,Residential
1.00E+12,5,Residential
1.00E+12,50,Residential
1.00E+12,95,Residential
1.00E+12,48,Residential
1.00E+12,3,Residential
1.00E+12,3,Residential
1.00E+12,478,Residential
1.00E+12,2,Residential
1.00E+12,60,Residential
1.00E+12,61,Residential
1.00E+12,44,Residential
1.00E+12,111,Residential
1.00E+12,46,Residential
1.00E+12,58,Residential
1.00E+12,40,Residential
1.00E+12,3,Residential
1.00E+12,2,Residential
1.00E+12,2,Residential
1.00E+12,6,Residential
5.00E+15,10,Residential
1.00E+12,7,Residential
1.00E+12,6,Residential
1.00E+12,48,Residential
1.00E+12,4,Residential
1.00E+12,101,Residential
1.00E+12,48,Residential
1.00E+12,8,Residential
1.00E+12,48,Residential
1.00E+12,49,Residential
1.00E+12,23,Residential
1.00E+12,14,Residential
1.00E+12,48,Residential
1.00E+12,2,Residential
1.00E+12,6,Residential
1.00E+12,43,Residential
1.00E+15,51,Residential
1.00E+12,43,Residential
1.00E+12,6,Residential
1.00E+12,73,Residential
1.00E+12,7,Residential
1.00E+12,4,Residential
1.00E+12,28,Residential
1.00E+12,7,Residential
1.00E+12,40,Residential
1.00E+12,2,Residential
1.00E+12,50,Residential
1.00E+12,28,Residential
1.00E+12,4,Residential
1.00E+12,3,Residential
1.00E+12,382,Residential
1.00E+12,5,Residential
1.00E+12,50,Residential
1.00E+12,40,Residential
1.00E+12,8,Residential
1.00E+12,2,Residential
1.00E+12,8,Residential
1.00E+12,49,Residential
1.00E+12,2,Residential
1.00E+12,5,Residential
1.00E+12,22,Residential
1.00E+12,41,Residential
1.00E+12,6,Residential
1.00E+12,7,Residential
5.00E+15,92,Residential
1.00E+12,5,Residential
1.00E+12,8,Residential
1.00E+12,5,Residential
1.00E+12,5,Residential
1.00E+12,50,Residential
1.00E+12,48,Residential
1.00E+12,6,Residential
1.00E+12,5,Residential
1.00E+12,24,Residential
1.00E+12,11,Residential
1.00E+12,50,Residential
1.00E+12,2,Residential
1.00E+12,442,Residential
1.00E+12,4,Residential
1.00E+12,8,Residential
1.00E+12,5,Residential
1.00E+12,3,Residential
1.00E+12,32,Residential
1.00E+12,6,Residential
1.00E+12,3,Residential
1.00E+12,3,Residential
1.00E+12,6,Residential
1.00E+12,9,Residential
1.00E+12,42,Residential
1.00E+12,7,Residential
1.00E+12,7,Residential
1.00E+12,373,Residential
1.00E+12,5,Residential
1.00E+12,48,Residential
1.00E+12,48,Residential
5.00E+15,18,Residential
1.00E+12,5,Residential
1.00E+12,123,Residential
5.00E+15,7,Residential
1.00E+12,2,Residential
1.00E+12,52,Residential
5.00E+15,14,Residential
1.00E+12,59,Residential
1.00E+12,47,Residential
1.00E+12,17,Residential
1.00E+12,40,Residential
1.00E+12,365,Residential
1.00E+12,39,Residential
1.00E+12,41,Residential
1.00E+12,60,Residential
1.00E+12,40,Residential
1.00E+12,28,Residential
1.00E+12,116,Residential
1.00E+12,8,Residential
1.00E+12,7,Residential
1.00E+12,8,Residential
1.00E+12,7,Residential
1.00E+12,4,Residential
1.00E+12,50,Residential
1.00E+12,3,Residential
1.00E+12,10,Residential
1.00E+12,5,Residential
1.00E+12,3,Residential
1.00E+12,55,Residential
1.00E+12,4,Residential
1.00E+12,6,Residential
1.00E+12,32,Residential
1.00E+12,9,Residential
1.00E+12,510,Residential
1.00E+12,42,Residential
1.00E+12,7,Residential
1.00E+12,7,Residential
1.00E+12,3,Residential
1.00E+12,5,Residential
1.00E+12,3,Residential
1.00E+12,43,Residential
5.00E+15,11,Residential
1.00E+12,42,Residential
1.00E+12,8,Residential
1.00E+12,51,Residential
1.00E+12,3,Residential
1.00E+12,14,Residential
1.00E+12,48,Residential
1.00E+12,42,Residential
1.00E+12,41,Residential
1.00E+12,16,Residential
1.00E+12,39,Residential
1.00E+12,25,Residential
1.00E+12,24,Residential
1.00E+12,209,Residential
1.00E+15,44,Residential
1.00E+12,95,Residential
1.00E+12,393,Residential
1.00E+12,7,Residential
1.00E+12,2,Residential
1.00E+12,2,Residential
1.00E+12,4,Residential
1.00E+12,4,Residential
1.00E+12,46,Residential
1.00E+12,3,Residential
1.00E+12,7,Residential
1.00E+12,2,Residential
1.00E+12,54,Residential
1.00E+12,8,Residential
1.00E+12,14,Residential
1.00E+12,6,Residential
1.00E+12,3,Residential
1.00E+12,39,Residential
1.00E+12,8,Residential
1.00E+12,3,Residential
1.00E+12,51,Residential
1.00E+12,3,Residential
1.00E+12,7,Residential
1.00E+12,46,Residential
1.00E+12,6,Residential
1.00E+12,7,Residential
1.00E+12,40,Residential
1.00E+12,14,Residential
1.00E+12,66,Residential
1.00E+12,7,Residential
1.00E+12,3,Residential
1.00E+12,6,Residential
1.00E+12,119,Residential
1.00E+12,5,Residential
1.00E+12,2,Residential
1.00E+12,14,Residential
1.00E+12,60,Residential
1.00E+12,6,Residential
1.00E+12,5,Residential
1.00E+12,3,Residential
1.00E+12,52,Residential
1.00E+12,7,Residential
1.00E+12,362,Residential
1.00E+12,6,Residential
5.00E+15,10,Residential
1.00E+12,6,Residential
1.00E+12,42,Residential
1.00E+12,7,Residential
1.00E+12,2,Residential
1.00E+12,51,Residential
1.00E+12,3,Residential
1.00E+12,41,Residential
1.00E+12,10,Residential
1.00E+12,5,Residential
1.00E+12,4,Residential
1.00E+12,7,Residential
1.00E+12,47,Residential
1.00E+12,41,Residential
1.00E+12,4,Residential
1.00E+12,3,Residential
1.00E+12,58,Residential
1.00E+12,28,Residential
1.00E+12,39,Residential
1.00E+12,39,Residential
1.00E+12,4,Residential
1.00E+12,8,Residential
1.00E+12,3,Residential
1.00E+12,43,Residential
1.00E+12,14,Residential
1.00E+12,613,Residential
1.00E+12,6,Residential
1.00E+12,58,Residential
1.00E+12,8,Residential
1.00E+12,40,Residential
1.00E+12,54,Residential
1.00E+12,38,Residential
1.00E+12,4,Residential
1.00E+12,50,Residential
1.00E+12,8,Residential
1.00E+12,47,Residential
1.00E+12,3,Residential
1.00E+12,39,Residential
1.00E+12,6,Residential
1.00E+12,365,Residential
1.00E+12,159,Residential
1.00E+12,14,Residential
1.00E+12,6,Residential
1.00E+12,109,Residential
1.00E+12,5,Residential
1.00E+12,48,Residential
1.00E+12,3,Residential
1.00E+12,8,Residential
1.00E+12,7,Residential
1.00E+12,40,Residential
1.00E+12,2,Residential
1.00E+12,46,Residential
1.00E+12,15,Residential
1.00E+12,5,Residential
1.00E+12,192,Residential
1.00E+12,4,Residential
1.00E+12,2,Residential
1.00E+12,3,Residential
1.00E+12,6,Residential
1.00E+12,3,Residential
1.00E+15,32,Residential
1.00E+12,7,Residential
1.00E+12,481,Residential
1.00E+12,49,Residential
1.00E+12,7,Residential
1.00E+12,4,Residential
1.00E+12,48,Residential
1.00E+12,8,Residential
1.00E+12,375,Residential
1.00E+12,3,Residential
1.00E+12,8,Residential
1.00E+12,48,Residential
1.00E+12,6,Residential
1.00E+12,6,Residential
1.00E+12,16,Residential
1.00E+12,7,Residential
1.00E+12,4,Residential
1.00E+12,54,Residential
1.00E+12,3,Residential
1.00E+12,51,Residential
1.00E+12,7,Residential
1.00E+12,44,Residential
1.00E+12,361,Residential
1.00E+12,6,Residential
1.00E+12,5,Residential
1.00E+12,5,Residential
1.00E+12,7,Residential
1.00E+12,4,Residential
1.00E+12,51,Residential
1.00E+12,7,Residential
1.00E+12,6,Residential
1.00E+12,3,Residential
1.00E+12,2,Residential
1.00E+12,42,Residential
1.00E+12,8,Residential
1.00E+12,58,Residential
1.00E+12,61,Residential
1.00E+12,5,Residential
1.00E+12,9,Residential
1.00E+12,6,Residential
1.00E+12,14,Residential
1.00E+12,49,Residential
1.00E+12,140,Residential
1.00E+12,4,Residential
1.00E+12,12,Residential
1.00E+12,243,Residential
1.00E+12,56,Residential
1.00E+12,4,Residential
1.00E+12,7,Residential
1.00E+12,70,Residential
1.00E+12,6,Residential
1.00E+12,3,Residential
1.00E+12,47,Residential
1.00E+12,6,Residential
1.00E+12,4,Residential
1.00E+12,47,Residential
1.00E+12,49,Residential
1.00E+12,15,Residential
1.00E+12,42,Residential
1.00E+12,7,Residential
1.00E+12,6,Residential
1.00E+12,14,Residential
1.00E+12,2,Residential
1.00E+12,5,Residential
1.00E+12,22,Residential
1.00E+12,14,Residential
1.00E+12,8,Residential
1.00E+12,3,Residential
1.00E+12,26,Residential
1.00E+12,193,Residential
1.00E+12,50,Residential
1.00E+12,14,Residential
1.00E+12,41,Residential
1.00E+12,67,Residential
1.00E+12,6,Residential
1.00E+12,7,Residential
1.00E+12,14,Residential
1.00E+12,5,Residential
1.00E+12,3,Residential
1.00E+12,5,Residential
1.00E+12,2,Residential
1.00E+12,7,Residential
5.00E+15,4,Residential
1.00E+12,54,Residential
1.00E+12,41,Residential
1.00E+12,42,Residential
1.00E+12,8,Residential
1.00E+12,116,Residential
1.00E+12,6,Residential
1.00E+12,14,Residential
1.00E+12,3,Residential
1.00E+12,14,Residential
1.00E+12,3,Residential
1.00E+12,11,Residential
1.00E+12,6,Residential
1.00E+12,47,Residential
1.00E+12,47,Residential
1.00E+12,15,Residential
1.00E+12,60,Residential
1.00E+12,49,Residential
5.00E+15,22,Residential
1.00E+15,34,Residential
1.00E+12,5,Residential
1.00E+12,54,Residential
1.00E+12,69,Residential
1.00E+12,5,Residential
1.00E+12,7,Residential
1.00E+12,59,Residential
1.00E+12,722,Residential
1.00E+12,41,Residential
1.00E+12,8,Residential
1.00E+12,47,Residential
1.00E+12,102,Residential
1.00E+12,8,Residential
1.00E+12,3,Residential
1.00E+12,5,Residential
1.00E+12,8,Residential
1.00E+12,47,Residential
1.00E+12,6,Residential
1.00E+12,47,Residential
1.00E+12,7,Residential
1.00E+12,3,Residential
1.00E+12,48,Residential
1.00E+12,7,Residential
1.00E+12,39,Residential
1.00E+12,41,Residential
1.00E+12,6,Residential
1.00E+12,7,Residential
1.00E+12,6,Residential
1.00E+12,6,Residential
1.00E+12,50,Residential
1.00E+12,9,Residential
5.00E+15,150,Residential
1.00E+12,3,Residential
1.00E+12,6,Residential
1.00E+12,7,Residential
1.00E+12,24,Residential
1.00E+12,41,Residential
1.00E+12,8,Residential
1.00E+12,51,Residential
1.00E+12,7,Residential
1.00E+12,9,Residential
1.00E+12,25,Residential
1.00E+12,8,Residential
1.00E+12,12,Residential
1.00E+12,2,Residential
1.00E+12,71,Residential
1.00E+12,11,Residential
1.00E+12,7,Residential
1.00E+12,2,Residential
1.00E+12,9,Residential
1.00E+12,3,Residential
1.00E+12,153,Residential
1.00E+12,11,Residential
1.00E+12,55,Residential
1.00E+12,68,Residential
1.00E+12,72,Residential
1.00E+12,7,Residential
1.00E+12,146,Residential
1.00E+12,76,Residential
1.00E+12,146,Residential
1.00E+12,9,Residential
1.00E+12,566,Residential
1.00E+12,9,Residential
1.00E+12,10,Residential
1.00E+12,9,Residential
1.00E+12,59,Residential
1.00E+12,2,Residential
1.00E+12,60,Residential
1.00E+12,66,Residential
1.00E+12,76,Residential
1.00E+12,83,Residential
1.00E+12,59,Residential
1.00E+12,81,Residential
1.00E+12,10,Residential
1.00E+12,13,Residential
1.00E+12,12,Residential
1.00E+12,2,Residential
1.00E+12,59,Residential
1.00E+12,62,Residential
1.00E+12,29,Residential
1.00E+12,145,Residential
1.00E+12,11,Residential
1.00E+12,94,Residential
1.00E+12,79,Residential
1.00E+12,140,Residential
1.00E+12,58,Residential
1.00E+12,70,Residential
1.00E+12,56,Residential
1.00E+12,63,Residential
1.00E+12,61,Residential
1.00E+12,61,Residential
1.00E+12,10,Residential
5.00E+15,6,Residential
1.00E+12,148,Residential
1.00E+12,64,Residential
1.00E+12,12,Residential
1.00E+12,80,Residential
1.00E+12,83,Residential
1.00E+12,80,Residential
1.00E+12,58,Residential
1.00E+12,7,Residential
1.00E+12,57,Residential
1.00E+12,76,Residential
1.00E+12,64,Residential
1.00E+12,72,Residential
1.00E+12,2,Residential
1.00E+12,2,Residential
1.00E+12,60,Residential
1.00E+12,81,Residential
5.00E+15,5,Residential
1.00E+12,9,Residential
1.00E+12,84,Residential
1.00E+12,62,Residential
1.00E+12,57,Residential
1.00E+12,11,Residential
1.00E+12,59,Residential
1.00E+12,3,Residential
1.00E+12,245,Residential
1.00E+12,62,Residential
1.00E+12,238,Residential
1.00E+12,141,Residential
1.00E+12,2,Residential
5.00E+15,4,Residential
1.00E+12,78,Residential
1.00E+12,12,Residential
1.00E+12,12,Residential
1.00E+12,10,Residential
1.00E+12,62,Residential
1.00E+12,8,Residential
1.00E+12,60,Residential
1.00E+12,146,Residential
1.00E+12,60,Residential
1.00E+12,63,Residential
5.00E+15,14,Residential
1.00E+12,12,Residential
1.00E+12,62,Residential
1.00E+12,258,Residential
5.00E+15,20,Residential
1.00E+12,12,Residential
1.00E+12,3329,Residential
5.00E+15,17,Residential
5.00E+15,10,Residential
1.00E+12,64,Residential
1.00E+12,63,Residential
5.00E+15,67,Residential
1.00E+12,58,Residential
1.00E+12,8,Residential
1.00E+12,3,Residential
1.00E+12,75,Residential
1.00E+12,33,Residential
1.00E+12,64,Residential
5.00E+15,10,Residential
1.00E+12,56,Residential
1.00E+12,61,Residential
1.00E+12,34,Residential
1.00E+12,6,Residential
5.00E+15,62,Residential
1.00E+12,17,Residential
5.00E+15,15,Residential
1.00E+12,35,Residential
1.00E+12,82,Residential
1.00E+12,27,Residential
1.00E+12,61,Residential
1.00E+12,70,Residential
1.00E+12,34,Residential
1.00E+12,25,Residential
5.00E+15,63,Residential
5.00E+15,65,Residential
1.00E+12,48,Residential
1.00E+12,101,Residential
1.00E+12,50,Residential
1.00E+12,2,Residential
1.00E+12,6,Residential
1.00E+12,75,Residential
1.00E+12,16,Residential
1.00E+12,74,Residential
1.00E+12,36,Residential
5.00E+15,64,Residential
1.00E+12,0,Residential
1.00E+12,33,Residential
1.00E+12,2,Residential
1.00E+12,66,Residential
1.00E+12,55,Residential
1.00E+12,58,Residential
1.00E+12,56,Residential
5.00E+15,10,Residential
5.00E+15,61,Residential
1.00E+12,8,Residential
1.00E+12,21,Residential
1.00E+12,99,Residential
5.00E+15,66,Residential
1.00E+12,63,Residential
5.00E+15,62,Residential
1.00E+12,6,Residential
1.00E+12,124,Residential
1.00E+12,12,Residential
5.00E+15,65,Residential
1.00E+12,54,Residential
5.00E+15,66,Residential
1.00E+12,62,Residential
1.00E+12,447,Residential
1.00E+12,23,Residential
1.00E+12,70,Residential
1.00E+12,14,Residential
1.00E+12,58,Residential
1.00E+12,118,Residential
1.00E+12,14,Residential
1.00E+12,37,Residential
1.00E+12,34,Residential
1.00E+12,38,Residential
1.00E+12,55,Residential
1.00E+12,66,Residential
5.00E+15,58,Residential
1.00E+12,72,Residential
1.00E+12,92,Residential
5.00E+15,60,Residential
1.00E+12,76,Residential
1.00E+12,45,Residential
5.00E+15,69,Residential
5.00E+15,17,Residential
1.00E+12,46,Residential
1.00E+12,77,Residential
1.00E+12,48,Residential
1.00E+12,14,Residential
5.00E+15,870,Residential
1.00E+12,54,Residential
1.00E+12,48,Residential
1.00E+12,31,Residential
1.00E+12,64,Residential
1.00E+12,61,Residential
5.00E+15,62,Residential
1.00E+12,50,Residential
1.00E+12,3,Residential
1.00E+12,6,Residential
1.00E+12,94,Residential
1.00E+12,16,Residential
1.00E+12,2,Residential
1.00E+12,60,Residential
5.00E+15,62,Residential
1.00E+12,71,Residential
1.00E+12,57,Residential
1.00E+12,61,Residential
1.00E+12,118,Residential
1.00E+12,35,Residential
1.00E+12,54,Residential
1.00E+12,51,Residential
1.00E+12,37,Residential
1.00E+12,8,Residential
1.00E+12,18,Residential
1.00E+12,66,Residential
1.00E+12,6,Residential
1.00E+12,26,Residential
1.00E+12,91,Residential
5.00E+15,65,Residential
1.00E+12,8,Residential
1.00E+12,120,Residential
1.00E+12,14,Residential
1.00E+12,73,Residential
1.00E+12,22,Residential
5.00E+15,69,Residential
1.00E+12,32,Residential
1.00E+12,74,Residential
5.00E+15,65,Residential
1.00E+12,4,Residential
1.00E+12,85,Residential
5.00E+15,70,Residential
1.00E+12,3,Residential
1.00E+12,2,Residential
1.00E+12,6,Residential
1.00E+12,69,Residential
1.00E+12,49,Residential
1.00E+12,30,Residential
1.00E+12,65,Residential
1.00E+12,72,Residential
1.00E+12,15,Residential
1.00E+12,14,Residential
1.00E+12,30,Residential
1.00E+12,14,Residential
1.00E+12,49,Residential
5.00E+15,65,Residential
1.00E+12,13,Residential
1.00E+12,34,Residential
1.00E+12,51,Residential
1.00E+12,63,Residential
1.00E+12,3,Residential
1.00E+12,29,Residential
1.00E+12,14,Residential
1.00E+12,51,Residential
1.00E+12,63,Residential
5.00E+15,67,Residential
1.00E+12,57,Residential
1.00E+12,6,Residential
1.00E+12,75,Residential
5.00E+15,69,Residential
1.00E+12,51,Residential
1.00E+12,52,Residential
1.00E+12,64,Residential
1.00E+12,15,Residential
1.00E+12,51,Residential
5.00E+15,63,Residential
1.00E+12,20,Residential
1.00E+12,74,Residential
1.00E+12,81,Residential
1.00E+12,30,Residential
1.00E+12,54,Residential
1.00E+12,162,Residential
1.00E+12,71,Residential
1.00E+12,81,Residential
1.00E+12,57,Residential
1.00E+12,8,Residential
1.00E+12,3,Residential
1.00E+12,57,Residential
1.00E+12,30,Residential
1.00E+12,76,Residential
1.00E+12,14,Residential
5.00E+15,33,Residential
1.00E+12,76,Residential
1.00E+12,66,Residential
1.00E+12,64,Residential
1.00E+12,38,Residential
1.00E+12,35,Residential
1.00E+12,3,Residential
5.00E+15,65,Residential
1.00E+12,67,Residential
1.00E+12,66,Residential
1.00E+12,77,Residential
1.00E+12,63,Residential
5.00E+15,79,Residential
1.00E+12,38,Residential
1.00E+12,3,Residential
1.00E+12,52,Residential
1.00E+12,142,Residential
5.00E+15,53,Residential
1.00E+12,75,Residential
1.00E+12,2,Residential
1.00E+12,64,Residential
1.00E+12,6,Residential
1.00E+12,50,Residential
1.00E+12,14,Residential
1.00E+12,16,Residential
5.00E+15,19,Residential
1.00E+12,51,Residential
1.00E+12,64,Residential
1.00E+12,85,Residential
1.00E+12,65,Residential
1.00E+12,60,Residential
1.00E+12,8,Residential
1.00E+12,42,Residential
1.00E+12,88,Residential
1.00E+12,69,Residential
1.00E+12,6,Residential
1.00E+12,64,Residential
1.00E+12,102,Residential
5.00E+15,16,Residential
1.00E+12,47,Residential
1.00E+12,41,Residential
1.00E+12,69,Residential
1.00E+12,61,Residential
1.00E+12,136,Residential
1.00E+12,58,Residential
1.00E+12,19,Residential
1.00E+12,117,Residential
1.00E+12,62,Residential
5.00E+15,69,Residential
1.00E+12,62,Residential
1.00E+12,51,Residential
5.00E+15,64,Residential
1.00E+12,75,Residential
1.00E+12,64,Residential
1.00E+12,67,Residential
5.00E+15,70,Residential
1.00E+12,37,Residential
1.00E+12,12,Residential
5.00E+15,7,Residential
1.00E+12,14,Residential
1.00E+12,27,Residential
1.00E+12,17,Residential
1.00E+12,61,Residential
1.00E+12,73,Residential
1.00E+12,6,Residential
1.00E+12,33,Residential
1.00E+12,63,Residential
1.00E+12,47,Residential
5.00E+15,62,Residential
1.00E+12,59,Residential
1.00E+12,64,Residential
1.00E+12,59,Residential
1.00E+12,47,Residential
1.00E+12,57,Residential
1.00E+12,52,Residential
1.00E+12,2,Residential
1.00E+12,3,Residential
1.00E+12,14,Residential
1.00E+12,7,Residential
1.00E+12,51,Residential
1.00E+12,61,Residential
1.00E+12,68,Residential
1.00E+12,50,Residential
5.00E+15,63,Residential
1.00E+12,47,Residential
1.00E+12,6,Residential
1.00E+12,51,Residential
1.00E+12,61,Residential
1.00E+12,78,Residential
5.00E+15,16,Residential
1.00E+12,63,Residential
1.00E+12,39,Residential
1.00E+12,63,Residential
1.00E+12,8,Residential
5.00E+15,11,Residential
1.00E+12,38,Residential
1.00E+12,69,Residential
1.00E+12,51,Residential
1.00E+12,50,Residential
1.00E+12,46,Residential
1.00E+12,50,Residential
1.00E+12,8,Residential
1.00E+12,9,Residential
1.00E+12,33,Residential
1.00E+12,51,Residential
1.00E+12,74,Residential
1.00E+12,51,Residential
1.00E+12,28,Residential
1.00E+12,95,Residential
1.00E+12,7,Residential
1.00E+12,8,Residential
1.00E+12,100,Residential
1.00E+12,51,Residential
1.00E+12,33,Residential
1.00E+12,70,Residential
1.00E+12,36,Residential
1.00E+12,69,Residential
1.00E+12,69,Residential
1.00E+12,66,Residential
1.00E+12,14,Residential
1.00E+12,35,Residential
1.00E+12,18,Residential
1.00E+12,50,Residential
1.00E+12,85,Residential
1.00E+12,15,Residential
1.00E+12,46,Residential
1.00E+12,100,Residential
1.00E+12,127,Residential
1.00E+12,52,Residential
1.00E+12,68,Residential
1.00E+12,81,Residential
1.00E+12,87,Residential
5.00E+15,37,Residential
1.00E+12,69,Residential
1.00E+12,21,Residential
5.00E+15,35,Residential
1.00E+12,176,Residential
5.00E+15,7,Residential
1.00E+12,181,Residential
1.00E+12,74,Residential
1.00E+12,59,Residential
1.00E+12,60,Residential
5.00E+15,79,Residential
1.00E+12,117,Residential
1.00E+12,38,Residential
1.00E+12,14,Residential
1.00E+12,70,Residential
1.00E+12,83,Residential
1.00E+12,79,Residential
1.00E+12,56,Residential
1.00E+12,38,Residential
1.00E+12,14,Residential
1.00E+12,60,Residential
1.00E+12,3,Residential
1.00E+12,112,Residential
1.00E+12,7,Residential
1.00E+12,64,Residential
1.00E+12,54,Residential
1.00E+12,52,Residential
1.00E+12,74,Residential
5.00E+15,11,Residential
1.00E+12,28,Residential
1.00E+12,53,Residential
1.00E+12,60,Residential
1.00E+12,35,Residential
1.00E+12,37,Residential
1.00E+12,67,Residential
1.00E+12,69,Residential
1.00E+12,113,Residential
1.00E+12,6,Residential
1.00E+12,72,Residential
1.00E+12,70,Residential
1.00E+12,59,Residential
1.00E+12,37,Residential
1.00E+12,49,Residential
1.00E+12,14,Residential
1.00E+12,3,Residential
1.00E+12,6,Residential
1.00E+12,49,Residential
1.00E+12,33,Residential
1.00E+12,55,Residential
1.00E+12,53,Residential
5.00E+15,21,Residential
1.00E+12,58,Residential
1.00E+12,14,Residential
1.00E+12,93,Residential
5.00E+15,70,Residential
1.00E+12,78,Residential
1.00E+12,16,Residential
1.00E+12,73,Residential
5.00E+15,80,Residential
1.00E+12,68,Residential
1.00E+12,74,Residential
1.00E+12,260,Residential
1.00E+12,52,Residential
1.00E+12,68,Residential
1.00E+12,33,Residential
1.00E+12,60,Residential
1.00E+12,72,Residential
1.00E+12,13,Residential
1.00E+12,74,Residential
5.00E+15,62,Residential
1.00E+12,53,Residential
1.00E+12,54,Residential
5.00E+15,66,Residential
1.00E+12,32,Residential
1.00E+12,86,Residential
1.00E+12,64,Residential
1.00E+12,80,Residential
1.00E+12,50,Residential
1.00E+12,2,Residential
5.00E+15,55,Residential
1.00E+12,76,Residential
1.00E+12,68,Residential
5.00E+15,5,Residential
5.00E+15,19,Residential
5.00E+15,66,Residential
1.00E+12,60,Residential
1.00E+12,51,Residential
1.00E+12,66,Residential
1.00E+12,51,Residential
1.00E+12,105,Residential
1.00E+12,72,Residential
1.00E+12,34,Residential
1.00E+12,53,Residential
1.00E+12,69,Residential
1.00E+12,16,Residential
1.00E+12,68,Residential
1.00E+12,52,Residential
1.00E+12,36,Residential
1.00E+12,37,Residential
1.00E+12,50,Residential
1.00E+12,65,Residential
5.00E+15,5,Residential
1.00E+12,16,Residential
1.00E+12,15,Residential
1.00E+12,88,Residential
5.00E+15,62,Residential
1.00E+12,61,Residential
1.00E+12,54,Residential
1.00E+12,66,Residential
1.00E+12,30,Residential
5.00E+15,67,Residential
1.00E+12,33,Residential
1.00E+12,30,Residential
1.00E+12,30,Residential
1.00E+12,52,Residential
1.00E+12,11,Residential
1.00E+12,74,Residential
5.00E+15,19,Residential
1.00E+12,96,Residential
1.00E+12,30,Residential
1.00E+12,6,Residential
1.00E+12,56,Residential
1.00E+12,33,Residential
1.00E+12,77,Residential
1.00E+12,51,Residential
5.00E+15,26,Residential
1.00E+12,93,Residential
1.00E+12,33,Residential
1.00E+12,15,Residential
1.00E+12,75,Residential
1.00E+12,64,Residential
1.00E+12,197,Residential
1.00E+12,3,Residential
1.00E+12,55,Residential
1.00E+12,31,Residential
1.00E+12,20,Residential
1.00E+12,79,Residential
1.00E+12,89,Residential
1.00E+12,64,Residential
1.00E+12,52,Residential
1.00E+12,49,Residential
1.00E+12,50,Residential
1.00E+12,66,Residential
1.00E+12,31,Residential
1.00E+12,15,Residential
5.00E+15,21,Residential
5.00E+15,70,Residential
5.00E+15,62,Residential
5.00E+15,16,Residential
1.00E+12,14,Residential
1.00E+12,63,Residential
1.00E+12,3,Residential
1.00E+12,44,Residential
1.00E+12,83,Residential
1.00E+12,101,Residential
1.00E+12,6,Residential
1.00E+12,102,Residential
1.00E+12,57,Residential
1.00E+12,209,Residential
1.00E+12,88,Residential
1.00E+12,74,Residential
1.00E+12,8,Residential
1.00E+12,3,Residential
1.00E+12,64,Residential
1.00E+12,53,Residential
1.00E+12,156,Residential
1.00E+12,97,Residential
1.00E+12,65,Residential
1.00E+12,98,Residential
1.00E+12,81,Residential
5.00E+15,69,Residential
1.00E+12,14,Residential
1.00E+12,38,Residential
1.00E+12,88,Residential
1.00E+12,117,Residential
1.00E+12,14,Residential
1.00E+12,136,Retail
1.00E+12,23277,Retail
1.00E+12,259,Retail
1.00E+12,287,Retail
1.00E+12,1006,Retail
1.00E+12,875,Retail
1.00E+12,538,Retail
1.00E+12,76,Retail
1.00E+12,104,Retail
1.00E+12,416,Retail
1.00E+12,33,Retail
1.00E+12,27,Retail
1.00E+12,151,Retail
1.00E+12,7323,Retail
1.00E+12,9,Retail
1.00E+12,247,Retail
1.00E+15,53,Retail
1.00E+15,311,Retail
1.00E+12,92,Retail
1.00E+15,533,Retail
1.00E+12,586,Retail
1.00E+12,151,Retail
1.00E+12,33,Retail
1.00E+12,5152,Retail
1.00E+15,79,Retail
1.00E+12,35,Retail
1.00E+12,39,Retail
1.00E+12,66,Retail
1.00E+12,13,Retail
1.00E+15,225,Retail
5.00E+15,316,Retail
1.00E+12,104,Retail
1.00E+12,62,Retail
1.00E+12,62,Retail
1.00E+12,8296,Retail
1.00E+15,830,Retail
1.00E+12,216,Retail
1.00E+12,108,Retail
1.00E+12,18,Retail
1.00E+12,105,Retail
1.00E+12,213,Retail
1.00E+12,1433,Retail
1.00E+12,147,Retail
1.00E+12,34,Retail
1.00E+15,355,Retail
1.00E+12,20,Retail
1.00E+15,78,Retail
1.00E+12,35,Retail
1.00E+12,685,Retail
1.00E+12,85,Retail
1.00E+12,39,Retail
1.00E+12,196,Retail
1.00E+12,249,Retail
1.00E+12,810,Retail
1.00E+12,164,Retail
1.00E+12,77,Retail
1.00E+12,35,Retail
1.00E+12,165,Retail
1.00E+12,100,Retail
1.00E+15,20,Retail
1.00E+12,106,Retail
1.00E+12,172,Retail
1.00E+12,148,Retail
1.00E+12,45,Retail
1.00E+12,144,Retail
1.00E+12,78,Retail
1.00E+12,114,Retail
1.00E+15,107,Retail
1.00E+12,37,Retail
1.00E+12,28,Retail
1.00E+12,150,Retail
1.00E+12,83,Retail
1.00E+15,3,Retail
1.00E+12,35,Retail
1.00E+12,260,Retail
1.00E+12,141,Retail
1.00E+12,69,Retail
1.00E+12,212,Retail
1.00E+12,34,Retail
1.00E+12,184,Retail
1.00E+12,704,Retail
1.00E+12,42,Retail
1.00E+12,38,Retail
5.00E+15,92,Retail
1.00E+15,263,Retail
1.00E+12,174,Retail
1.00E+12,51,Retail
1.00E+12,219,Retail
1.00E+12,29492,Retail
1.00E+12,36,Retail
1.00E+12,398,Retail
1.00E+12,74,Retail
1.00E+12,86,Retail
1.00E+12,96,Retail
1.00E+12,166,Retail
1.00E+12,223,Retail
1.00E+12,13,Retail
1.00E+12,123,Retail
1.00E+12,350,Retail
1.00E+12,231,Retail
1.00E+12,52,Retail
1.00E+12,449,Retail
5.00E+15,7,Retail
1.00E+12,49,Retail
1.00E+12,837,Retail
1.00E+12,21,Retail
5.00E+15,8,Retail
1.00E+12,46,Retail
1.00E+12,106,Retail
1.00E+15,1521,Retail
1.00E+15,161,Retail
1.00E+12,77,Retail
1.00E+15,168,Retail
1.00E+12,2,Retail
1.00E+12,3,Retail
1.00E+12,458,Retail
1.00E+12,3045,Retail
1.00E+12,634,Retail
1.00E+15,60,Retail
1.00E+12,49,Retail
1.00E+12,164,Retail
1.00E+12,27,Retail
1.00E+12,66,Retail
1.00E+12,29,Retail
1.00E+12,8,Retail
1.00E+12,732,Retail
1.00E+12,58,Retail
1.00E+12,131,Retail
1.00E+12,71,Retail
1.00E+12,147,Retail
1.00E+12,252,Retail
1.00E+12,17,Retail
1.00E+12,72,Retail
1.00E+12,313,Retail
1.00E+12,173,Retail
1.00E+12,104,Retail
1.00E+12,385,Retail
1.00E+12,80,Retail
1.00E+12,66,Retail
1.00E+12,106,Retail
1.00E+12,133,Retail
1.00E+12,243,Retail
1.00E+12,465,Retail
1.00E+12,114,Retail
1.00E+12,106,Retail
1.00E+15,1384,Retail
1.00E+12,88,Retail
1.00E+12,396,Retail
1.00E+12,385,Retail
1.00E+12,111,Retail
1.00E+12,67,Retail
1.00E+12,148,Retail
5.00E+15,29,Retail
1.00E+12,88,Retail
1.00E+12,3463,Retail
1.00E+12,63,Retail
1.00E+12,9,Retail
1.00E+12,73,Retail
1.00E+12,72,Retail
1.00E+12,130,Retail
5.00E+15,5,Retail
1.00E+12,23,Retail
1.00E+12,202,Retail
1.00E+12,143,Retail
1.00E+12,28,Retail
1.00E+12,9,Retail
1.00E+12,4,Retail
1.00E+12,1738,Retail
1.00E+12,956,Retail
1.00E+12,957,Retail
1.00E+12,177,Retail
1.00E+12,133,Retail
1.00E+12,182,Retail
1.00E+12,186,Retail
1.00E+12,140,Retail
1.00E+12,263,Retail
1.00E+12,190,Retail
1.00E+12,82,Retail
1.00E+12,40,Retail
1.00E+12,354,Retail
5.00E+15,7,Retail
1.00E+12,137,Retail
1.00E+12,110,Retail
1.00E+12,1845,Retail
1.00E+12,24,Retail
1.00E+12,16,Retail
1.00E+12,182,Retail
1.00E+12,10,Retail
1.00E+12,107,Retail
1.00E+12,140,Retail
1.00E+12,353,Retail
1.00E+12,204,Retail
1.00E+12,202,Retail
1.00E+12,108,Retail
1.00E+12,9,Retail
1.00E+12,58,Retail
1.00E+12,73,Retail
1.00E+12,19,Retail
1.00E+12,30,Retail
1.00E+12,76,Retail
1.00E+12,312,Retail
1.00E+12,33,Retail
1.00E+12,404,Retail
1.00E+12,194,Retail
1.00E+12,323,Retail
1.00E+12,768,Retail
1.00E+12,76,Retail
1.00E+12,5,Retail
5.00E+15,11,Retail
1.00E+12,56,Retail
1.00E+12,95,Retail
1.00E+12,101,Retail
1.00E+12,156,Retail
1.00E+12,189,Retail
1.00E+12,3520,Retail
1.00E+12,3,Retail
1.00E+15,24,Retail
1.00E+12,106,Retail
1.00E+12,381,Retail
1.00E+12,102,Retail
1.00E+12,13,Retail
1.00E+12,89,Retail
1.00E+12,104,Retail
1.00E+12,34,Retail
1.00E+12,2,Retail
5.00E+15,6,Retail
1.00E+12,621,Retail
1.00E+12,67,Retail
5.00E+15,77,Retail
1.00E+12,6,Retail
1.00E+12,161,Retail
1.00E+12,229,Retail
1.00E+12,79,Retail
1.00E+12,11,Retail
1.00E+12,139,Retail
1.00E+12,5,Retail
1.00E+12,576,Retail
1.00E+12,225,Retail
1.00E+12,228,Retail
1.00E+12,40,Retail
1.00E+12,306,Retail
1.00E+12,149,Retail
1.00E+12,99,Retail
1.00E+12,224,Retail
5.00E+15,5,Retail
1.00E+12,217,Retail
1.00E+12,7,Retail
1.00E+12,8,Retail
1.00E+15,10,Retail
1.00E+12,441,Retail
1.00E+15,38,Retail
1.00E+15,143,Retail
1.00E+15,3,Retail
1.00E+12,151,Retail
1.00E+12,620,Retail
1.00E+12,217,Retail
1.00E+12,81,Retail
1.00E+12,18,Retail
1.00E+12,8,Retail
1.00E+12,13,Retail
1.00E+12,213,Retail
1.00E+12,91,Retail
1.00E+12,35,Retail
1.00E+12,208,Retail
1.00E+12,39,Retail
1.00E+12,940,Retail
1.00E+15,5,Retail
1.00E+12,174,Retail
1.00E+12,30,Retail
1.00E+12,372,Retail
1.00E+15,2,Retail
1.00E+12,81,Retail
1.00E+12,29,Retail
1.00E+12,98,Retail
1.00E+12,19,Retail
1.00E+12,243,Retail
1.00E+12,361,Retail
1.00E+12,4083,Retail
1.00E+12,32,Retail
1.00E+12,269,Retail
1.00E+12,462,Retail
1.00E+12,89,Retail
1.00E+12,181,Retail
1.00E+12,986,Retail
1.00E+15,27,Retail
1.00E+12,10,Retail
1.00E+12,37,Retail
1.00E+12,13,Retail
1.00E+12,129,Retail
1.00E+12,418,Retail
1.00E+12,130,Retail
1.00E+12,76,Retail
1.00E+12,173,Retail
1.00E+15,1745,Retail
1.00E+15,1110,Retail
1.00E+15,5,Retail
1.00E+12,14,Retail
1.00E+12,55,Retail
5.00E+15,6,Retail
1.00E+12,130,Retail
1.00E+12,4,Retail
1.00E+12,19,Retail
1.00E+12,8,Retail
1.00E+12,138,Retail
1.00E+12,24,Retail
1.00E+12,78,Retail
1.00E+12,12,Retail
1.00E+15,5,Retail
1.00E+12,145,Retail
1.00E+12,131,Retail
1.00E+15,2,Retail
1.00E+12,19,Retail
1.00E+12,224,Retail
1.00E+12,120,Retail
1.00E+12,130,Retail
1.00E+15,17,Retail
1.00E+12,13,Retail
1.00E+12,226,Retail
1.00E+12,671,Retail
1.00E+12,111,Retail
1.00E+12,68,Retail
1.00E+15,11,Retail
1.00E+12,684,Retail
1.00E+12,118,Retail
1.00E+12,61,Retail
1.00E+12,48,Retail
1.00E+12,26,Retail
1.00E+12,136,Retail
1.00E+12,52,Retail
1.00E+12,48,Retail
1.00E+12,140,Retail
1.00E+12,31,Retail
1.00E+12,200,Retail
1.00E+12,23,Retail
1.00E+12,110,Retail
1.00E+12,8,Retail
1.00E+12,29,Retail
1.00E+12,129,Retail
1.00E+12,73,Retail
1.00E+12,115,Retail
1.00E+15,97,Retail
1.00E+12,56,Retail
1.00E+12,173,Retail
1.00E+12,148,Retail
1.00E+12,28,Retail
1.00E+12,14,Retail
1.00E+12,4,Retail
1.00E+12,63,Retail
1.00E+12,3,Retail
1.00E+12,74,Retail
1.00E+12,96,Retail
1.00E+12,379,Retail
1.00E+12,31,Retail
1.00E+12,49,Retail
1.00E+12,62,Retail
1.00E+12,121,Retail
1.00E+12,168,Retail
1.00E+12,386,Retail
1.00E+15,8090,Retail
1.00E+12,118,Retail
1.00E+12,28,Retail
1.00E+15,19,Retail
1.00E+12,9,Retail
1.00E+15,40,Retail
1.00E+12,93,Retail
1.00E+12,201,Retail
1.00E+12,146,Retail
1.00E+12,82,Retail
1.00E+12,735,Retail
1.00E+12,234,Retail
1.00E+15,51,Retail
1.00E+12,10,Retail
1.00E+12,178,Retail
1.00E+12,32,Retail
1.00E+12,8,Retail
1.00E+12,145,Retail
1.00E+12,34,Retail
5.00E+15,54,Retail
1.00E+12,185,Retail
1.00E+12,14,Retail
1.00E+12,52,Retail
1.00E+12,46,Retail
1.00E+12,55,Retail
5.00E+15,11,Retail
1.00E+12,26,Retail
1.00E+12,261,Retail
1.00E+15,22,Retail
1.00E+12,105,Retail
1.00E+12,104,Retail
1.00E+12,76,Retail
5.00E+15,5,Retail
1.00E+12,455,Retail
1.00E+12,79,Retail
1.00E+12,161,Retail
1.00E+15,131,Retail
1.00E+15,30,Retail
5.00E+15,14,Retail
1.00E+12,33,Retail
1.00E+12,8,Retail
1.00E+15,9,Retail
1.00E+12,597,Retail
1.00E+12,58,Retail
1.00E+15,64,Retail
1.00E+12,15,Retail
1.00E+15,11,Retail
1.00E+12,14,Retail
1.00E+12,7,Retail
1.00E+12,29,Retail
1.00E+12,15,Retail
1.00E+12,493,Retail
1.00E+12,29,Retail
1.00E+12,104,Retail
1.00E+15,3,Retail
1.00E+15,62,Retail
1.00E+12,278,Retail
1.00E+12,5,Retail
1.00E+15,13,Retail
1.00E+12,504,Retail
1.00E+12,234,Retail
1.00E+12,273,Retail
1.00E+12,164,Retail
1.00E+12,269,Retail
1.00E+12,96,Retail
1.00E+12,178,Retail
1.00E+12,257,Retail
5.00E+15,29,Retail
1.00E+12,34,Retail
1.00E+12,98,Retail
1.00E+12,365,Retail
1.00E+15,38,Retail
1.00E+12,84,Retail
1.00E+12,123,Retail
1.00E+12,150,Retail
1.00E+12,101,Retail
1.00E+12,594,Retail
1.00E+12,41,Retail
1.00E+12,68,Retail
1.00E+12,11,Retail
1.00E+12,1423,Retail
1.00E+12,70,Retail
5.00E+15,34,Retail
1.00E+12,155,Retail
1.00E+12,1112,Retail
1.00E+12,526,Retail
1.00E+12,8,Retail
1.00E+12,170,Retail
1.00E+12,17,Retail
1.00E+12,20,Retail
1.00E+15,1980,Retail
1.00E+12,75,Retail
1.00E+15,37,Retail
1.00E+12,127,Retail
1.00E+12,31,Retail
1.00E+12,483,Retail
1.00E+12,395,Retail
1.00E+12,116,Retail
1.00E+12,384,Retail
1.00E+12,859,Retail
1.00E+12,414,Retail
1.00E+12,104,Retail
1.00E+12,108,Retail
1.00E+12,59,Retail
1.00E+12,268,Retail
1.00E+12,44,Retail
1.00E+12,224,Retail
5.00E+15,27,Retail
1.00E+12,158,Retail
5.00E+15,8,Retail
1.00E+12,16,Retail
1.00E+12,1,Retail
1.00E+12,264,Retail
1.00E+12,574,Retail
1.00E+15,18,Retail
1.00E+15,26,Retail
1.00E+12,457,Retail
1.00E+12,29,Retail
1.00E+12,206,Retail
1.00E+12,14,Retail
1.00E+15,41,Retail
5.00E+15,7,Retail
1.00E+12,445,Retail
1.00E+12,123,Retail
1.00E+15,203,Retail
1.00E+12,24,Retail
1.00E+12,305,Retail
1.00E+12,61,Retail
1.00E+12,5,Retail
1.00E+12,68,Retail
1.00E+15,66,Retail
1.00E+12,75,Retail
1.00E+12,36,Retail
1.00E+12,444,Retail
1.00E+12,28,Retail
1.00E+12,29,Retail
1.00E+12,28,Retail
1.00E+12,355,Retail
1.00E+12,56,Retail
1.00E+12,247,Retail
1.00E+12,12,Retail
1.00E+12,30,Retail
1.00E+12,259,Retail
1.00E+12,614,Retail
1.00E+12,53,Retail
1.00E+12,26,Retail
1.00E+12,35,Retail
5.00E+15,9,Retail
1.00E+12,204,Retail
1.00E+12,418,Retail
1.00E+12,65,Retail
1.00E+12,83,Retail
1.00E+15,29,Retail
1.00E+12,201,Retail
1.00E+12,588,Retail
1.00E+12,10,Retail
1.00E+12,119,Retail
5.00E+15,37,Retail
1.00E+12,435,Retail
1.00E+15,6,Retail
1.00E+12,23,Retail
1.00E+12,73,Retail
1.00E+12,18,Retail
1.00E+12,13,Retail
1.00E+12,23,Retail
1.00E+12,1558,Retail
1.00E+12,63,Retail
1.00E+15,19,Retail
1.00E+12,4,Retail
1.00E+12,114,Retail
1.00E+12,76,Retail
1.00E+12,310,Retail
1.00E+15,32,Retail
1.00E+12,297,Retail
1.00E+12,431,Retail
1.00E+12,40,Retail
1.00E+12,83,Retail
5.00E+15,326,Retail
5.00E+15,16,Retail
1.00E+12,318,Retail
1.00E+12,22,Retail
1.00E+12,87,Retail
1.00E+12,745,Retail
1.00E+12,3,Retail
1.00E+12,81,Retail
5.00E+15,5,Retail
1.00E+15,1,Retail
5.00E+15,296,Retail
1.00E+12,34,Retail
1.00E+12,256,Retail
1.00E+12,1833,Retail
1.00E+12,149,Retail
1.00E+12,291,Retail
5.00E+15,213,Retail
5.00E+15,7,Retail
1.00E+12,128,Retail
1.00E+12,25,Retail
5.00E+15,28,Retail
1.00E+12,40,Retail
1.00E+15,164,Retail
5.00E+15,8,Retail
1.00E+12,25,Retail
1.00E+12,19,Retail
1.00E+12,35,Retail
1.00E+12,639,Retail
1.00E+12,52,Retail
1.00E+12,401,Retail
1.00E+12,250,Retail
1.00E+12,100,Retail
1.00E+12,38,Retail
1.00E+12,14,Retail
5.00E+15,7,Retail
1.00E+12,44,Retail
1.00E+15,55,Retail
1.00E+12,4,Retail
1.00E+12,796,Retail
1.00E+12,41,Retail
1.00E+15,19,Retail
1.00E+12,93,Retail
1.00E+15,17,Retail
1.00E+12,704,Retail
1.00E+12,138,Retail
1.00E+12,124,Retail
5.00E+15,4,Retail
1.00E+12,13,Retail
1.00E+12,433,Retail
1.00E+15,2,Retail
1.00E+12,25,Retail
1.00E+12,45,Retail
1.00E+12,37,Retail
1.00E+12,26,Retail
1.00E+12,176,Retail
1.00E+12,75,Retail
1.00E+12,265,Retail
1.00E+12,66,Retail
1.00E+12,117,Retail
1.00E+12,352,Retail
1.00E+12,401,Retail
1.00E+12,4,Retail
1.00E+12,224,Retail
1.00E+12,644,Retail
1.00E+12,74,Retail
1.00E+15,31,Retail
1.00E+15,1811,Retail
1.00E+12,130,Retail
1.00E+12,516,Retail
1.00E+12,215,Retail
1.00E+12,804,Retail
1.00E+12,3,Retail
1.00E+12,102,Retail
1.00E+12,134,Retail
1.00E+12,274,Retail
1.00E+12,9,Retail
1.00E+12,466,Retail
1.00E+12,1067,Retail
1.00E+12,960,Retail
1.00E+12,139,Retail
5.00E+15,793,Retail
1.00E+15,123,Retail
1.00E+12,13,Retail
1.00E+12,17,Retail
1.00E+15,61,Retail
1.00E+12,914,Retail
1.00E+15,20,Retail
1.00E+15,1230,Retail
1.00E+12,352,Retail
1.00E+12,330,Retail
1.00E+12,350,Retail
1.00E+12,40,Retail
1.00E+12,327,Retail
5.00E+15,230,Retail
1.00E+12,18,Retail
1.00E+12,1210,Retail
1.00E+12,228,Retail
5.00E+15,2,Retail
1.00E+12,1241,Retail
1.00E+12,74,Retail
1.00E+12,179,Retail
1.00E+15,2,Retail
1.00E+15,9,Retail
1.00E+12,575,Retail
1.00E+15,20,Retail
1.00E+12,292,Retail
1.00E+12,353,Retail
1.00E+12,283,Retail
1.00E+12,435,Retail
1.00E+12,57,Retail
1.00E+12,132,Retail
1.00E+12,32,Retail
1.00E+12,210,Retail
1.00E+12,67,Retail
1.00E+12,17,Retail
5.00E+15,29,Retail
1.00E+12,75,Retail
1.00E+12,232,Retail
1.00E+12,121,Retail
1.00E+12,20,Retail
1.00E+12,113,Retail
1.00E+12,169,Retail
1.00E+12,989,Retail
1.00E+12,1362,Retail
1.00E+12,12,Retail
1.00E+12,3,Retail
1.00E+12,204,Retail
1.00E+12,106,Retail
1.00E+12,502,Retail
5.00E+15,2,Retail
1.00E+15,41,Retail
1.00E+12,510,Retail
1.00E+12,41,Retail
1.00E+12,403,Retail
1.00E+12,53,Retail
1.00E+12,24,Retail
1.00E+12,313,Retail
1.00E+15,1,Retail
1.00E+12,970,Retail
5.00E+15,11,Retail
1.00E+12,42,Retail
5.00E+15,607,Retail
1.00E+12,75,Retail
1.00E+12,426,Retail
1.00E+12,125,Retail
1.00E+12,41,Retail
1.00E+12,1063,Retail
1.00E+15,17,Retail
1.00E+12,562,Retail
1.00E+12,106,Retail
1.00E+12,603,Retail
1.00E+15,2,Retail
1.00E+12,945,Retail
1.00E+12,82,Retail
1.00E+12,236,Retail
1.00E+12,702,Retail
1.00E+12,179,Retail
1.00E+12,24,Retail
1.00E+12,217,Retail
1.00E+12,71,Retail
1.00E+12,94,Retail
5.00E+15,93,Retail
1.00E+12,44,Retail
1.00E+12,153,Retail
1.00E+12,45,Retail
5.00E+15,63,Retail
1.00E+12,38,Retail
5.00E+15,269,Retail
1.00E+12,32,Retail
1.00E+12,30,Retail
1.00E+12,104,Retail
1.00E+12,374,Retail
1.00E+12,738,Retail
1.00E+12,14,Retail
1.00E+12,52,Retail
5.00E+15,103,Retail
1.00E+15,34,Retail
1.00E+12,120,Retail
1.00E+12,130,Retail
5.00E+15,321,Retail
1.00E+15,28,Retail
1.00E+12,193,Retail
1.00E+12,551,Retail
5.00E+15,14,Retail
1.00E+12,157,Retail
1.00E+12,348,Retail
5.00E+15,52,Retail
1.00E+15,10,Retail
1.00E+12,245,Retail
1.00E+12,39,Retail
1.00E+12,3,Retail
1.00E+12,1601,Retail
1.00E+12,111,Retail
1.00E+12,47,Retail
1.00E+12,70,Retail
1.00E+12,121,Retail
1.00E+15,163,Retail
1.00E+12,4,Retail
1.00E+12,257,Retail
1.00E+12,165,Retail
1.00E+15,692,Retail
1.00E+12,609,Retail
1.00E+12,42,Retail
1.00E+12,133,Retail
1.00E+12,195,Retail
1.00E+12,170,Retail
1.00E+12,105,Retail
1.00E+12,53,Retail
1.00E+12,180,Retail
1.00E+12,23,Retail
1.00E+12,119,Retail
1.00E+12,49,Retail
1.00E+15,32,Retail
1.00E+12,254,Retail
1.00E+12,13,Retail
1.00E+15,65,Retail
1.00E+12,65,Retail
1.00E+12,105,Retail
1.00E+12,28,Retail
1.00E+12,422,Retail
1.00E+12,192,Retail
1.00E+12,23,Retail
5.00E+15,597,Retail
1.00E+12,224,Retail
5.00E+15,8,Retail
5.00E+15,1301,Retail
1.00E+12,1252,Retail
5.00E+15,456,Retail
1.00E+12,1210,Retail
1.00E+12,8,Retail
1.00E+12,115,Retail
1.00E+12,52,Retail
5.00E+15,10,Retail
1.00E+12,22,Retail
1.00E+12,158,Retail
1.00E+12,9,Retail
1.00E+12,221,Retail
5.00E+15,181,Retail
5.00E+15,1332,Retail
1.00E+12,98,Retail
1.00E+12,71,Retail
1.00E+12,93,Retail
1.00E+12,104,Retail
1.00E+12,959,Retail
1.00E+12,3,Retail
1.00E+12,136,Retail
1.00E+12,242,Retail
1.00E+12,3,Retail
1.00E+15,5,Retail
1.00E+15,98,Retail
5.00E+15,12,Retail
1.00E+12,116,Retail
1.00E+12,55,Retail
5.00E+15,21,Retail
1.00E+12,222,Retail
5.00E+15,514,Retail
1.00E+12,3,Retail
5.00E+15,25,Retail
1.00E+12,35,Retail
1.00E+12,10,Retail
1.00E+12,119,Retail
1.00E+15,1165,Retail
1.00E+15,125,Retail
1.00E+12,46,Retail
1.00E+12,68,Retail
1.00E+12,64,Retail
1.00E+12,169,Retail
1.00E+12,802,Retail
1.00E+12,44,Retail
1.00E+15,88,Retail
1.00E+12,181,Retail
1.00E+12,69,Retail
1.00E+12,17,Retail
1.00E+12,612,Retail
1.00E+12,49,Retail
1.00E+12,1247,Retail
1.00E+12,102,Retail
1.00E+12,74,Retail
1.00E+12,140,Retail
1.00E+12,63,Retail
1.00E+12,391,Retail
1.00E+12,174,Retail
5.00E+15,1538,Retail
1.00E+12,9,Retail
5.00E+15,1215,Retail
1.00E+12,309,Retail
1.00E+12,1113,Retail
1.00E+12,280,Retail
1.00E+15,7,Retail
5.00E+15,1232,Retail
1.00E+12,21,Retail
1.00E+12,53,Retail
1.00E+12,169,Retail
1.00E+12,61,Retail
1.00E+12,315,Retail
1.00E+15,137,Retail
1.00E+12,977,Retail
1.00E+12,213,Retail
1.00E+12,4,Retail
1.00E+12,125,Retail
1.00E+15,53,Retail
1.00E+12,161,Retail
1.00E+12,10,Retail
1.00E+12,135,Retail
1.00E+15,52,Retail
1.00E+12,107,Retail
5.00E+15,25,Retail
5.00E+15,19,Retail
1.00E+12,4,Retail
1.00E+12,325,Retail
1.00E+12,6,Retail
5.00E+15,6,Retail
1.00E+12,133,Retail
1.00E+12,42,Retail
1.00E+12,276,Retail
1.00E+12,241,Retail
5.00E+15,15,Retail
1.00E+15,40,Retail
1.00E+12,179,Retail
1.00E+15,54,Retail
1.00E+12,6,Retail
1.00E+12,252,Retail
5.00E+15,525,Retail
1.00E+12,1038,Retail
1.00E+12,216,Retail
1.00E+12,459,Retail
1.00E+12,177,Retail
1.00E+12,3,Retail
1.00E+12,70,Retail
1.00E+12,40,Retail
1.00E+12,155,Retail
1.00E+12,81,Retail
1.00E+12,61,Retail
1.00E+12,120,Retail
1.00E+12,844,Retail
1.00E+12,149,Retail
1.00E+12,110,Retail
5.00E+15,35,Retail
1.00E+12,6,Retail
1.00E+12,42,Retail
1.00E+12,3,Retail
5.00E+15,465,Retail
5.00E+15,12,Retail
5.00E+15,42,Retail
1.00E+12,487,Retail
1.00E+12,21,Retail
1.00E+12,495,Retail
1.00E+12,47,Retail
1.00E+15,15,Retail
5.00E+15,27,Retail
1.00E+12,328,Retail
1.00E+12,5,Retail
1.00E+12,118,Retail
1.00E+12,88,Retail
1.00E+12,98,Retail
5.00E+15,27,Retail
5.00E+15,6,Retail
1.00E+12,12,Retail
1.00E+12,232,Retail
1.00E+15,28,Retail
1.00E+15,24,Retail
1.00E+12,592,Retail
1.00E+12,114,Retail
1.00E+12,510,Retail
1.00E+12,1176,Retail
1.00E+12,65,Retail
1.00E+12,71,Retail
1.00E+12,141,Retail
1.00E+15,1319,Retail
5.00E+15,789,Retail
5.00E+15,36,Retail
5.00E+15,12,Retail
1.00E+12,711,Retail
1.00E+12,26,Retail
1.00E+12,8,Retail
1.00E+12,72,Retail
1.00E+12,61,Retail
1.00E+12,92,Retail
1.00E+12,2,Retail
5.00E+15,6,Retail
1.00E+12,23,Retail
5.00E+15,7,Retail
1.00E+12,49,Retail
1.00E+15,650,Retail
1.00E+12,32,Retail
1.00E+15,6,Retail
1.00E+12,229,Retail
1.00E+12,145,Retail
1.00E+12,32,Retail
1.00E+12,246,Retail
1.00E+15,191,Retail
1.00E+12,174,Retail
1.00E+12,175,Retail
1.00E+12,93,Retail
1.00E+12,72,Retail
1.00E+12,16,Retail
1.00E+12,3,Retail
1.00E+15,34,Retail
1.00E+12,151,Retail
1.00E+12,256,Retail
5.00E+15,5,Retail
5.00E+15,21,Retail
1.00E+12,37,Retail
5.00E+15,9,Retail
1.00E+12,24,Retail
1.00E+12,75,Retail
1.00E+12,3,Retail
1.00E+12,39,Retail
1.00E+12,2594,Retail
5.00E+15,5,Retail
1.00E+12,188,Retail
5.00E+15,1,Retail
1.00E+12,94,Retail
1.00E+12,210,Retail
1.00E+12,50,Retail
1.00E+12,101,Retail
5.00E+15,14,Retail
1.00E+12,388,Retail
1.00E+12,135,Retail
1.00E+12,186,Retail
1.00E+12,422,Retail
1.00E+12,326,Retail
1.00E+12,94,Retail
1.00E+12,35,Retail
1.00E+12,304,Retail
1.00E+12,35,Retail
1.00E+12,320,Retail
1.00E+12,440,Retail
1.00E+12,330,Retail
1.00E+15,155,Retail
1.00E+15,73,Retail
1.00E+15,1395,Retail
1.00E+12,283,Retail
1.00E+12,7,Retail
1.00E+12,100,Retail
1.00E+12,197,Retail
1.00E+12,220,Retail
1.00E+12,286,Retail
1.00E+15,59,Retail
1.00E+12,363,Retail
1.00E+12,46,Retail
1.00E+12,119,Retail
5.00E+15,6,Retail
1.00E+15,128,Retail
5.00E+15,213,Retail
1.00E+12,4,Retail
1.00E+12,14,Retail
1.00E+12,13,Retail
1.00E+15,525,Retail
1.00E+12,2557,Retail
1.00E+12,120,Retail
1.00E+12,53,Retail
1.00E+12,60,Retail
1.00E+12,447,Retail
1.00E+12,28,Retail
5.00E+15,409,Retail
1.00E+12,368,Retail
1.00E+12,73,Retail
1.00E+12,235,Retail
1.00E+12,45,Retail
1.00E+12,2,Retail
1.00E+12,5,Retail
1.00E+15,709,Retail
5.00E+15,209,Retail
1.00E+12,193,Retail
5.00E+15,108,Retail
5.00E+15,3,Retail
1.00E+12,1614,Retail
5.00E+15,4,Retail
5.00E+15,7,Retail
1.00E+12,61,Retail
1.00E+12,278,Retail
1.00E+12,80,Retail
1.00E+12,923,Retail
1.00E+12,37,Retail
1.00E+12,79,Retail
1.00E+12,96,Retail
1.00E+12,199,Retail
5.00E+15,4,Retail
1.00E+12,7,Retail
1.00E+12,92,Retail
1.00E+15,12,Retail
1.00E+12,38,Retail
1.00E+12,20,Retail
1.00E+12,263,Retail
1.00E+15,43,Retail
1.00E+12,364,Retail
1.00E+12,172,Retail
1.00E+12,76,Retail
1.00E+12,19,Retail
1.00E+12,77,Retail
1.00E+12,213,Retail
5.00E+15,12,Retail
5.00E+15,17,Retail
1.00E+12,118,Retail
1.00E+12,10,Retail
1.00E+12,29,Retail
1.00E+12,187,Retail
1.00E+12,4,Retail
5.00E+15,174,Retail
1.00E+15,33,Retail
1.00E+12,530,Retail
1.00E+12,87,Retail
1.00E+12,308,Retail
1.00E+12,593,Retail
1.00E+12,9,Retail
1.00E+12,55,Retail
1.00E+15,22,Retail
1.00E+12,185,Retail
1.00E+12,8,Retail
1.00E+15,3,Retail
1.00E+12,745,Retail
1.00E+12,591,Retail
1.00E+12,1161,Retail
1.00E+12,11,Retail
5.00E+15,6,Retail
1.00E+12,5,Retail
1.00E+12,623,Retail
1.00E+12,74,Retail
1.00E+12,113,Retail
1.00E+12,126,Retail
1.00E+12,335,Retail
1.00E+12,77,Retail
1.00E+12,18,Retail
1.00E+12,566,Retail
1.00E+12,212,Retail
1.00E+12,2,Retail
1.00E+12,106,Retail
1.00E+12,13,Retail
1.00E+12,18,Retail
1.00E+12,1374,Retail
1.00E+12,407,Retail
5.00E+15,1130,Retail
1.00E+12,42,Retail
1.00E+12,24,Retail
1.00E+12,836,Retail
1.00E+12,12,Retail
1.00E+12,1928,Retail
1.00E+12,181,Retail
1.00E+12,93,Retail
1.00E+12,19,Retail
1.00E+12,1772,Retail
1.00E+12,22,Retail
1.00E+15,25,Retail
1.00E+12,30,Retail
1.00E+12,316,Retail
1.00E+12,70,Retail
1.00E+12,32,Retail
1.00E+12,668,Retail
1.00E+12,23,Retail
1.00E+12,7,Retail
1.00E+12,307,Retail
5.00E+15,79,Retail
1.00E+12,208,Retail
1.00E+12,118,Retail
1.00E+12,13,Retail
1.00E+12,21,Retail
1.00E+12,176,Retail
1.00E+12,88,Retail
1.00E+12,1541,Retail
1.00E+12,2735,Retail
1.00E+12,67,Retail
1.00E+12,19,Retail
1.00E+12,4,Retail
1.00E+12,28,Retail
1.00E+12,382,Retail
1.00E+12,3,Retail
1.00E+12,98,Retail
1.00E+12,20,Retail
1.00E+12,22,Retail
1.00E+12,440,Retail
1.00E+12,1374,Retail
1.00E+12,428,Retail
1.00E+12,352,Retail
1.00E+12,104,Retail
1.00E+12,234,Retail
5.00E+15,16,Retail
5.00E+15,7,Retail
1.00E+12,4,Retail
1.00E+15,38,Retail
1.00E+15,5,Retail
1.00E+12,1,Retail
1.00E+12,2421,Retail
1.00E+12,61,Retail
5.00E+15,53,Retail
1.00E+12,451,Retail
1.00E+12,86,Retail
1.00E+15,60,Retail
1.00E+12,331,Retail
1.00E+15,39,Retail
1.00E+12,2257,Retail
1.00E+12,1913,Retail
1.00E+12,255,Retail
1.00E+12,2,Retail
1.00E+12,21,Retail
1.00E+12,563,Retail
1.00E+12,1,Retail
1.00E+12,2,Retail
1.00E+12,985,Retail
1.00E+12,121,Retail
1.00E+12,39,Retail
5.00E+15,6,Retail
1.00E+12,12,Retail
1.00E+12,19,Retail
1.00E+12,489,Retail
1.00E+15,285,Retail
1.00E+12,83,Retail
1.00E+12,17,Retail
1.00E+12,1279,Retail
1.00E+12,10,Retail
1.00E+12,381,Retail
1.00E+12,20,Retail
1.00E+12,541,Retail
1.00E+12,151,Retail
1.00E+15,258,Retail
1.00E+12,51,Retail
1.00E+12,79,Retail
1.00E+12,17,Retail
5.00E+15,59,Retail
1.00E+12,386,Retail
5.00E+15,149,Retail
1.00E+12,14,Retail
1.00E+12,19,Retail
1.00E+12,17,Retail
1.00E+15,54,Retail
1.00E+12,124,Retail
1.00E+15,21,Retail
1.00E+15,12,Retail
1.00E+12,94,Retail
5.00E+15,1180,Retail
1.00E+12,65,Retail
5.00E+15,21,Retail
1.00E+12,1509,Retail
1.00E+12,156,Retail
1.00E+12,132,Retail
1.00E+12,21,Retail
1.00E+12,1365,Retail
1.00E+12,20,Retail
1.00E+12,775,Retail
1.00E+12,295,Retail
1.00E+12,12,Retail
1.00E+12,58,Retail
1.00E+12,311,Retail
1.00E+12,19,Retail
1.00E+12,119,Retail
1.00E+15,12,Retail
1.00E+12,3,Retail
5.00E+15,13,Retail
1.00E+12,90,Retail
1.00E+12,81,Retail
1.00E+12,19,Retail
1.00E+12,226,Retail
1.00E+12,84,Retail
1.00E+12,24,Retail
1.00E+12,638,Retail
1.00E+12,35,Retail
1.00E+12,591,Retail
5.00E+15,20,Retail
1.00E+15,4,Retail
1.00E+12,630,Retail
1.00E+15,35,Retail
1.00E+12,49,Retail
1.00E+15,3,Retail
1.00E+12,21,Retail
1.00E+12,19,Retail
1.00E+12,933,Retail
1.00E+12,7,Retail
1.00E+15,4,Retail
1.00E+12,19,Retail
1.00E+12,26,Retail
5.00E+15,13,Retail
1.00E+12,29,Retail
1.00E+12,8,Retail
1.00E+12,7,Retail
1.00E+12,177,Retail
1.00E+12,75,Retail
1.00E+12,48,Retail
5.00E+15,545,Retail
1.00E+12,295,Retail
1.00E+12,604,Retail
1.00E+12,99,Retail
1.00E+12,119,Retail
1.00E+12,582,Retail
1.00E+12,62,Retail
1.00E+12,677,Retail
1.00E+12,1475,Retail
1.00E+12,46,Retail
1.00E+12,2,Retail
1.00E+15,153,Retail
1.00E+12,1111,Public Buildings
1.00E+12,25,Retail
1.00E+15,121,Retail
1.00E+12,188,Retail
1.00E+12,1220,Retail
1.00E+12,565,Retail
1.00E+15,59,Retail
1.00E+15,577,Retail
1.00E+12,365,Retail
1.00E+15,57,Retail
1.00E+12,90,Retail
1.00E+12,12,Retail
1.00E+12,93,Retail
1.00E+12,453,Retail
1.00E+12,249,Retail
1.00E+12,39,Retail
1.00E+12,34,Retail
1.00E+12,894,Retail
1.00E+12,28,Retail
5.00E+15,258,Retail
5.00E+15,58,Retail
1.00E+15,101,Retail
5.00E+15,102,Retail
5.00E+15,31,Retail
1.00E+12,19,Retail
1.00E+12,335,Retail
5.00E+15,1156,Retail
1.00E+15,364,Retail
1.00E+12,175,Retail
5.00E+15,6,Retail
5.00E+15,44,Retail
1.00E+12,8,Retail
5.00E+15,12,Retail
1.00E+12,231,Retail
1.00E+12,11,Retail
1.00E+15,23,Retail
1.00E+12,134,Retail
1.00E+15,13,Retail
1.00E+12,13,Retail
1.00E+15,19,Retail
1.00E+12,813,Retail
5.00E+15,6,Retail
1.00E+15,160,Retail
1.00E+12,205,Retail
1.00E+15,376,Retail
5.00E+15,102,Retail
1.00E+12,263,Retail
1.00E+12,18,Retail
1.00E+12,216,Retail
1.00E+15,54,Retail
1.00E+12,119,Retail
1.00E+12,75,Retail
1.00E+12,968,Retail
1.00E+12,66,Retail
1.00E+12,8,Retail
1.00E+12,138,Retail
1.00E+12,24,Retail
1.00E+12,66,Retail
1.00E+12,7,Retail
1.00E+12,247,Retail
1.00E+12,1727,Retail
1.00E+12,31,Retail
1.00E+12,104,Retail
1.00E+12,7,Retail
1.00E+12,45,Retail
1.00E+12,18,Retail
1.00E+12,68,Retail
5.00E+15,131,Retail
1.00E+12,35,Retail
5.00E+15,320,Retail
5.00E+15,5,Retail
1.00E+12,6,Retail
1.00E+12,63,Retail
1.00E+12,89,Retail
5.00E+15,22,Retail
1.00E+12,14,Retail
5.00E+15,116,Retail
1.00E+12,503,Retail
1.00E+12,66,Retail
1.00E+15,19,Retail
1.00E+12,398,Retail
1.00E+12,284,Retail
1.00E+12,83,Retail
1.00E+12,38,Retail
1.00E+12,146,Retail
1.00E+12,7,Retail
1.00E+12,300,Retail
1.00E+12,43,Retail
1.00E+12,84,Retail
1.00E+15,4,Retail
1.00E+12,304,Retail
1.00E+12,154,Retail
1.00E+12,44,Retail
1.00E+12,149,Retail
1.00E+12,88,Retail
5.00E+15,15,Retail
5.00E+15,327,Retail
1.00E+12,157,Retail
1.00E+12,161,Retail
1.00E+12,84,Retail
1.00E+12,65,Retail
5.00E+15,12,Retail
1.00E+12,329,Retail
1.00E+12,504,Retail
1.00E+12,34,Retail
1.00E+12,397,Retail
1.00E+12,52,Retail
1.00E+12,17,Retail
1.00E+12,9,Retail
1.00E+15,347,Retail
1.00E+12,58,Retail
1.00E+12,86,Retail
1.00E+12,12,Retail
5.00E+15,25,Retail
1.00E+12,35,Retail
1.00E+12,690,Retail
1.00E+12,139,Retail
5.00E+15,170,Retail
1.00E+12,227,Retail
1.00E+12,60,Retail
1.00E+12,477,Retail
1.00E+12,15,Retail
1.00E+12,606,Retail
1.00E+12,68,Retail
5.00E+15,48,Retail
1.00E+12,31,Retail
1.00E+12,76,Retail
1.00E+12,20,Retail
1.00E+12,512,Retail
1.00E+12,852,Retail
1.00E+15,20,Retail
1.00E+12,60,Retail
1.00E+12,33,Retail
1.00E+12,189,Retail
1.00E+12,163,Retail
1.00E+12,13,Retail
1.00E+12,114,Retail
1.00E+12,19,Retail
1.00E+12,322,Retail
1.00E+12,255,Retail
1.00E+12,860,Retail
1.00E+12,18,Retail
1.00E+12,111,Retail
5.00E+15,40,Retail
1.00E+12,19,Retail
1.00E+12,21,Retail
1.00E+12,19,Retail
1.00E+12,94,Retail
5.00E+15,9,Retail
1.00E+12,18,Retail
1.00E+12,210,Retail
1.00E+12,574,Retail
1.00E+12,40,Retail
1.00E+12,2,Retail
1.00E+12,252,Retail
1.00E+12,161,Retail
5.00E+15,7,Retail
1.00E+12,51,Retail
1.00E+12,28,Retail
5.00E+15,15,Retail
1.00E+12,1928,Retail
1.00E+12,4,Retail
1.00E+12,10,Retail
1.00E+12,490,Retail
1.00E+12,4,Retail
5.00E+15,5,Retail
1.00E+12,354,Retail
5.00E+15,7,Retail
1.00E+12,4,Retail
1.00E+12,44,Retail
1.00E+12,95,Retail
1.00E+12,9,Retail
1.00E+12,74,Retail
1.00E+12,85,Retail
1.00E+12,84,Retail
1.00E+12,73,Retail
1.00E+12,63,Retail
1.00E+12,302,Retail
5.00E+15,119,Retail
1.00E+12,516,Retail
1.00E+12,79,Retail
1.00E+12,78,Retail
1.00E+12,87,Retail
1.00E+12,63,Retail
1.00E+12,2,Retail
1.00E+12,555,Retail
5.00E+15,20,Retail
1.00E+12,64,Retail
1.00E+12,202,Retail
5.00E+15,30,Retail
5.00E+15,21,Retail
5.00E+15,86,Retail
1.00E+12,81,Retail
1.00E+12,172,Retail
1.00E+12,15,Retail
1.00E+12,345,Retail
1.00E+12,53,Retail
1.00E+12,97,Retail
1.00E+12,249,Retail
5.00E+15,10,Retail
5.00E+15,7,Retail
1.00E+12,223,Retail
5.00E+15,7,Retail
1.00E+12,2,Retail
5.00E+15,146,Retail
1.00E+12,185,Retail
1.00E+12,62,Retail
1.00E+12,225,Retail
1.00E+12,868,Retail
1.00E+12,47,Retail
1.00E+12,113,Retail
1.00E+12,385,Retail
1.00E+12,170,Retail
5.00E+15,152,Retail
1.00E+12,677,Retail
1.00E+12,6,Retail
1.00E+12,22,Retail
1.00E+12,32,Retail
1.00E+12,409,Retail
1.00E+12,309,Retail
1.00E+12,68,Retail
1.00E+12,51,Retail
1.00E+12,105,Retail
1.00E+12,60,Retail
1.00E+12,4,Retail
1.00E+12,87,Retail
1.00E+12,46,Retail
1.00E+12,102,Retail
1.00E+12,30,Retail
1.00E+12,149,Retail
1.00E+12,224,Retail
1.00E+12,209,Retail
1.00E+12,99,Retail
5.00E+15,7,Retail
5.00E+15,21,Retail
1.00E+12,300,Retail
1.00E+12,9,Retail
1.00E+12,79,Retail
1.00E+12,164,Retail
1.00E+12,26,Retail
1.00E+12,97,Retail
1.00E+12,59,Retail
1.00E+12,10,Retail
1.00E+12,82,Retail
5.00E+15,21,Retail
5.00E+15,22,Retail
1.00E+15,3,Retail
1.00E+12,7,Retail
1.00E+12,381,Retail
1.00E+15,5,Retail
5.00E+15,10,Retail
5.00E+15,6,Retail
5.00E+15,11,Retail
5.00E+15,6,Retail
5.00E+15,10,Retail
5.00E+15,6,Retail
5.00E+15,9,Retail
5.00E+15,10,Retail
5.00E+15,11,Retail
1.00E+12,12,Retail
1.00E+12,15,Retail
1.00E+12,15,Retail
1.00E+12,2,Retail
1.00E+12,14,Retail
1.00E+12,15,Retail
1.00E+15,50,Retail
1.00E+12,90,Retail
1.00E+15,13,Retail
5.00E+15,12,Retail
5.00E+15,5,Retail
1.00E+12,28,Retail
1.00E+12,100,Retail
5.00E+15,5,Retail
1.00E+15,26,Retail
1.00E+12,25,Retail
1.00E+12,46,Retail
1.00E+12,73,Retail
